prefilter_rank,feature_index,status,hits,hit_rate,mean_importance,max_importance,mutual_information,layer_index,aggregation_component,within_component_dim
1,1691,rejected,27,0.27,0.0005670778722436359,0.0023303103722331934,0.21435846388339996,1,mean,155
2,8417,confirmed,96,0.96,0.004461470926212131,0.010812999656423758,0.16901826858520508,4,min,737
3,3723,confirmed,95,0.95,0.003553008742905038,0.009474053126583342,0.15513868629932404,2,min,651
4,11034,rejected,16,0.16,0.0003550163873263946,0.0015448681894483995,0.14803668856620789,5,mean,282
5,20235,rejected,30,0.3,0.0006357267270958917,0.0021132634587243664,0.10994504392147064,9,mean,267
6,1622,rejected,7,0.07,0.00025656777836054184,0.0018706314967969018,0.13075488805770874,1,mean,86
7,8607,rejected,14,0.14,0.0004407114131776245,0.0015486181684286878,0.12649546563625336,4,mean,159
8,18317,rejected,33,0.33,0.0007571625995225506,0.002653872969176009,0.15217365324497223,8,mean,653
9,4548,rejected,11,0.11,0.00041003747227791494,0.0016409036335369182,0.15147900581359863,2,mean,708
10,6027,confirmed,100,1.0,0.011062535493918724,0.022573527360145652,0.21229304373264313,3,min,651
11,25549,rejected,12,0.12,0.0004108541374967178,0.001623906515391905,0.111707404255867,12,max,205
12,5927,rejected,32,0.32,0.0007191945802497935,0.0029309510315156354,0.1818147599697113,3,min,551
13,1710,rejected,6,0.06,0.00028661571108650136,0.0016034845856317016,0.13279038667678833,1,mean,174
14,11990,confirmed,71,0.71,0.0019448315820013303,0.006305734914521056,0.15587103366851807,6,max,470
15,25426,rejected,0,0.0,0.00015462881416551525,0.0008642087144952982,0.17294448614120483,12,max,82
16,6346,rejected,3,0.03,0.00031034744423957746,0.0010709008881686177,0.12547162175178528,3,mean,202
17,4039,rejected,22,0.22,0.00046946103638542463,0.0022769111609239907,0.11001954227685928,2,mean,199
18,8867,rejected,6,0.06,0.00032665623429702453,0.00124100794987467,0.12848171591758728,4,mean,419
19,18193,confirmed,91,0.91,0.0031172554453774894,0.007279589621299222,0.1594473123550415,8,mean,529
20,14978,confirmed,72,0.72,0.0015430143969370758,0.00519871944403213,0.16754239797592163,7,min,386
21,6546,rejected,2,0.02,0.00020607360703027512,0.0010495974180984749,0.10584776103496552,3,mean,402
22,4004,tentative,39,0.39,0.000821692750418506,0.0033565432014742366,0.11448108404874802,2,mean,164
23,8461,confirmed,97,0.97,0.0046444904613760565,0.011108149017976326,0.19228766858577728,4,mean,13
24,18728,rejected,4,0.04,0.00024031531889253996,0.0013197986359981743,0.14856062829494476,9,max,296
25,4124,rejected,5,0.05,0.00024417644334152297,0.0013563314641188869,0.15053978562355042,2,mean,284
26,13526,confirmed,97,0.97,0.002854428309160753,0.007357809536310168,0.16823147237300873,6,mean,470
27,26987,rejected,28,0.28,0.0006532621608561734,0.002553478159453477,0.11500179767608643,12,mean,107
28,2053,rejected,0,0.0,0.0002518787273226113,0.0008884220756761841,0.1254950612783432,1,mean,517
29,2265,rejected,34,0.34,0.0007193119113472385,0.0024404754081549388,0.1483030766248703,1,mean,729
30,5089,confirmed,98,0.98,0.004642881470219431,0.011454826503915598,0.17647063732147217,3,max,481
31,21708,rejected,3,0.03,0.00018896921200256363,0.0014438967122181678,0.14449754357337952,10,min,204
32,6250,rejected,8,0.08,0.0002930223984496987,0.0018781553705244844,0.13180223107337952,3,mean,106
33,11155,confirmed,69,0.69,0.0015177550384050012,0.005676054589337876,0.16542714834213257,5,mean,403
34,11574,rejected,10,0.1,0.00032343012352574756,0.0012337530534648235,0.13974693417549133,6,max,54
35,2102,rejected,31,0.31,0.0006725062177533712,0.002823083114449769,0.12243473529815674,1,mean,566
36,15691,rejected,1,0.01,0.00017045768915730747,0.001018038485681695,0.13424135744571686,7,mean,331
37,2805,rejected,18,0.18,0.00045412964322338634,0.0017589578764084007,0.16725997626781464,2,max,501
38,21445,confirmed,95,0.95,0.002734649652302582,0.006985194861822348,0.18254441022872925,10,max,709
39,22570,rejected,15,0.15,0.0003634249117330371,0.0019285990390198152,0.12607815861701965,10,mean,298
40,4025,rejected,1,0.01,0.00020786965193050352,0.0009842046913932328,0.10770989209413528,2,mean,185
41,2196,rejected,4,0.04,0.0002021325779428152,0.0016005096683664038,0.0912870243191719,1,mean,660
42,16445,rejected,29,0.29,0.0007036164811747083,0.0024560326284157157,0.162025585770607,8,max,317
43,6849,confirmed,100,1.0,0.008505645519774865,0.017884157593166236,0.1998901218175888,3,mean,705
44,6189,rejected,3,0.03,0.00021672340170356418,0.0012186922284346867,0.13646015524864197,3,mean,45
45,1830,rejected,17,0.17,0.0004099619156496967,0.0015367966701152248,0.09505218267440796,1,mean,294
46,11787,tentative,42,0.42,0.0007986053357405011,0.003290161025050785,0.1386478692293167,6,max,267
47,27119,confirmed,94,0.94,0.004007905265946457,0.010962812069981759,0.15650443732738495,12,mean,239
48,8746,rejected,29,0.29,0.0006050429315729816,0.001976007774397045,0.15073296427726746,4,mean,298
49,13737,rejected,7,0.07,0.0003179276023207001,0.0014722856327350304,0.11929820477962494,6,mean,681
50,22877,rejected,3,0.03,0.00018186810459989644,0.0013314747763992444,0.1261134296655655,10,mean,605
51,9503,rejected,4,0.04,0.00021985126158275277,0.0014298332888971258,0.13833050429821014,5,max,287
52,21986,confirmed,100,1.0,0.012935161034782762,0.02669410311731084,0.17804314196109772,10,min,482
53,1875,rejected,5,0.05,0.0002858077645630822,0.0015706885382903324,0.09417839348316193,1,mean,339
54,18023,rejected,8,0.08,0.00029858215302170396,0.0018040114524249212,0.11383754760026932,8,mean,359
55,15271,confirmed,81,0.81,0.0025175574969259168,0.007183449401086821,0.19040966033935547,7,min,679
56,13238,rejected,11,0.11,0.0003591234118125351,0.0018955291555919533,0.09693364799022675,6,mean,182
57,22678,tentative,46,0.46,0.000969053581443132,0.0031958709768845285,0.10724078863859177,10,mean,406
58,290,tentative,48,0.48,0.0009789573829316464,0.003734891239262685,0.16381502151489258,1,max,290
59,7469,confirmed,83,0.83,0.002438525726950101,0.0074720292854126655,0.20421311259269714,4,max,557
60,4237,rejected,0,0.0,0.00010305214929802283,0.0006718762854557624,0.10712804645299911,2,mean,397
61,25367,rejected,5,0.05,0.00028092083208593584,0.0015474914965177447,0.11849323660135269,12,max,23
62,13163,confirmed,73,0.73,0.0015545225791681757,0.004567113985341189,0.1497969627380371,6,mean,107
63,2241,rejected,22,0.22,0.0005235659812404767,0.0018426747771781644,0.1135760024189949,1,mean,705
64,20170,rejected,4,0.04,0.00022374467820927144,0.0014707057565008824,0.10370591282844543,9,mean,202
65,6383,rejected,14,0.14,0.00044107186844775275,0.0019414284180950662,0.1011083796620369,3,mean,239
66,17975,tentative,42,0.42,0.0008129852368717125,0.0029721351426510467,0.1107901856303215,8,mean,311
67,1649,rejected,21,0.21,0.0005445285414847695,0.0018413170480217978,0.17188720405101776,1,mean,113
68,15988,rejected,26,0.26,0.0005341936146883535,0.001925912345969722,0.1213708147406578,7,mean,628
69,17651,confirmed,93,0.93,0.003558727550704929,0.008308211779386681,0.17171530425548553,8,min,755
70,4277,rejected,18,0.18,0.00045320940826437976,0.0022257191549131337,0.10910355299711227,2,mean,437
71,16449,rejected,13,0.13,0.00044089133079299554,0.002760276700525286,0.1443212330341339,8,max,321
72,24875,rejected,8,0.08,0.0002969033890710154,0.0012864784649345208,0.15977336466312408,11,mean,299
73,9035,rejected,3,0.03,0.00020897814541371128,0.0013008707326673042,0.09438741952180862,4,mean,587
74,4267,rejected,26,0.26,0.0005851934624152988,0.0020512406942802316,0.11672717332839966,2,mean,427
75,21651,rejected,11,0.11,0.0003317669260962556,0.001608385860735864,0.11702124029397964,10,min,147
76,1635,rejected,1,0.01,0.00018240041481107236,0.0009162952465706833,0.11412037163972855,1,mean,99
77,1881,rejected,5,0.05,0.0002691181645584741,0.00153514702832408,0.10068871080875397,1,mean,345
78,13329,rejected,10,0.1,0.0003692709331609251,0.002459019545097181,0.1050315573811531,6,mean,273
79,24976,rejected,14,0.14,0.0003523089382617003,0.0016833429695059599,0.16372711956501007,11,mean,400
80,16081,rejected,10,0.1,0.00035319149787213527,0.0013541365180123606,0.11017452925443649,7,mean,721
81,3089,rejected,13,0.13,0.00042944155455604325,0.001574587300399665,0.13616280257701874,2,min,17
82,15942,rejected,34,0.34,0.0006966835889529747,0.0021990369028034333,0.14720971882343292,7,mean,582
83,11405,rejected,17,0.17,0.0005042751908679862,0.0017207884825956579,0.10574456304311752,5,mean,653
84,13637,rejected,32,0.32,0.0006425272720399045,0.002996578046977687,0.13942617177963257,6,mean,581
85,14690,rejected,18,0.18,0.0005151927689009923,0.0017343719677095134,0.1179802343249321,7,min,98
86,8471,tentative,36,0.36,0.0007934909776102011,0.0035039916859857406,0.1083209440112114,4,mean,23
87,11214,rejected,13,0.13,0.0004165989679556939,0.0016279272294416236,0.09926218539476395,5,mean,462
88,6795,confirmed,100,1.0,0.009934055607541153,0.02023734377858196,0.18160831928253174,3,mean,651
89,4433,rejected,5,0.05,0.00024797684823385296,0.0010626746323588482,0.09261306375265121,2,mean,593
90,8237,confirmed,64,0.64,0.0013980925578296211,0.0067631172154130805,0.19289495050907135,4,min,557
91,1759,rejected,18,0.18,0.0005035519681665236,0.002718544267664637,0.09078928828239441,1,mean,223
92,25079,rejected,8,0.08,0.00033775290517154734,0.0015968088941842966,0.11310546100139618,11,mean,503
93,20012,tentative,51,0.51,0.0009799732260576273,0.0027237086286000106,0.11036694049835205,9,mean,44
94,3091,rejected,30,0.3,0.0006956780195278493,0.002357106470986229,0.1648663729429245,2,min,19
95,12219,rejected,20,0.2,0.0004932644858913079,0.002026239131849801,0.08954225480556488,6,max,699
96,24982,rejected,2,0.02,0.00022841979108531943,0.0010282865864662137,0.10440772771835327,11,mean,406
97,4299,rejected,2,0.02,0.00018837082203170788,0.001463000955481842,0.09710320830345154,2,mean,459
98,1700,rejected,26,0.26,0.0005536808562101453,0.001969950479822676,0.10524816066026688,1,mean,164
99,9913,confirmed,88,0.88,0.0023489621106331606,0.00624393779063338,0.15258650481700897,5,max,697
100,6713,rejected,25,0.25,0.0005614297885327327,0.002525340819388379,0.13494905829429626,3,mean,569
101,11403,rejected,31,0.31,0.0006881955803664853,0.002322414124471182,0.13495077192783356,5,mean,651
102,26143,rejected,2,0.02,0.00018822601180556986,0.0011000696825644684,0.11816868931055069,12,min,31
103,26865,rejected,0,0.0,0.0001468695889452577,0.00079464829160135,0.15266968309879303,12,min,753
104,10927,confirmed,85,0.85,0.002532897316492075,0.0061687892792647615,0.17469282448291779,5,mean,175
105,14468,rejected,25,0.25,0.0006464327738730009,0.0016424752440087772,0.13316623866558075,7,max,644
106,2064,rejected,4,0.04,0.0002605563625418075,0.0014060394376616849,0.07676999270915985,1,mean,528
107,24869,rejected,14,0.14,0.00045912904399725654,0.0017391706565455017,0.09988831728696823,11,mean,293
108,3848,tentative,46,0.46,0.0009087892384182035,0.00332118420540538,0.10500990599393845,2,mean,8
109,15821,rejected,30,0.3,0.0006833332908266671,0.0024777933529778365,0.11365513503551483,7,mean,461
110,7674,confirmed,78,0.78,0.001786821725659449,0.005333822590929712,0.12050015479326248,4,max,762
111,15786,rejected,18,0.18,0.0004717525226373925,0.0020583898038583864,0.12913982570171356,7,mean,426
112,17576,rejected,11,0.11,0.00038962590133492645,0.0014528935426242982,0.11888693273067474,8,min,680
113,11044,confirmed,99,0.99,0.005524056333807082,0.013019820405889358,0.14766825735569,5,mean,292
114,10778,confirmed,66,0.66,0.0011820604186615136,0.0033626397536388685,0.1018325611948967,5,mean,26
115,4304,rejected,0,0.0,0.0001118663266205281,0.0009023755498509145,0.07925087213516235,2,mean,464
116,923,rejected,23,0.23,0.000519196726048643,0.0020297427710247195,0.14273601770401,1,min,155
117,8552,confirmed,84,0.84,0.0023391518695840456,0.007344151337213665,0.13133668899536133,4,mean,104
118,2161,rejected,13,0.13,0.00038396383753580126,0.0015793790430348618,0.10699351131916046,1,mean,625
119,4185,rejected,8,0.08,0.0002999417927644274,0.0016396010571273873,0.08529531955718994,2,mean,345
120,4338,rejected,11,0.11,0.0003900633206259412,0.0017439325881378077,0.09365221858024597,2,mean,498
121,26533,rejected,25,0.25,0.0005283460747018061,0.0017337887318826118,0.12508969008922577,12,min,421
122,6191,confirmed,100,1.0,0.005700894815685826,0.011620828181515963,0.15646719932556152,3,mean,47
123,22349,rejected,9,0.09,0.00043006631210711966,0.001940797403230984,0.12347567826509476,10,mean,77
124,15593,tentative,34,0.34,0.0006952073641309454,0.002581983478791684,0.0974157378077507,7,mean,233
125,2220,rejected,3,0.03,0.0002644832174224968,0.0015373876473899087,0.08249584585428238,1,mean,684
126,20106,rejected,4,0.04,0.00022673574399961093,0.0010831156315645127,0.10994807630777359,9,mean,138
127,12908,tentative,45,0.45,0.0010393275934106696,0.0035437843000846927,0.14516669511795044,6,min,620
128,17985,tentative,35,0.35,0.0007407223282217773,0.002960474831430721,0.14243993163108826,8,mean,321
129,13642,tentative,60,0.6,0.0012473434549364758,0.004147280684472449,0.13102774322032928,6,mean,586
130,4187,rejected,9,0.09,0.0003587984837418824,0.0018636768696586707,0.09751413762569427,2,mean,347
131,15097,confirmed,99,0.99,0.004002024459282542,0.00995354538658851,0.1754555106163025,7,min,505
132,6391,rejected,15,0.15,0.0004573354989981473,0.002007398493056421,0.08532065153121948,3,mean,247
133,2035,rejected,5,0.05,0.0003332174817237817,0.0013294408883384845,0.08343468606472015,1,mean,499
134,12783,rejected,0,0.0,0.00016584471098126278,0.0008637305567916267,0.1270557940006256,6,min,495
135,1732,rejected,6,0.06,0.000277929646116718,0.0013977692830034827,0.0863347053527832,1,mean,196
136,5313,confirmed,100,1.0,0.010221488137587768,0.020174275932776136,0.16379240155220032,3,max,705
137,25170,rejected,5,0.05,0.00022372848615698378,0.0011722028125059954,0.10194370150566101,11,mean,594
138,25008,rejected,8,0.08,0.0003703780009098581,0.001459057707181628,0.0861479640007019,11,mean,432
139,2279,rejected,16,0.16,0.0004048117138156521,0.001887579980937319,0.08776716142892838,1,mean,743
140,5335,confirmed,100,1.0,0.0073799968952142645,0.01754262762602666,0.1709160953760147,3,max,727
141,24797,rejected,4,0.04,0.00024126454356060054,0.0013044306869441809,0.13729038834571838,11,mean,221
142,26321,rejected,24,0.24,0.000555894042282385,0.0018328749990807228,0.0929257944226265,12,min,209
143,5945,rejected,32,0.32,0.0007157471446902316,0.0033094698369243655,0.13810071349143982,3,min,569
144,1708,rejected,1,0.01,0.0001510895413997679,0.0013313674506156383,0.087355837225914,1,mean,172
145,17382,rejected,1,0.01,0.00018843834977914098,0.0009028924845597313,0.11732059717178345,8,min,486
146,15824,rejected,3,0.03,0.00019243648882506087,0.001124625539098235,0.08541423827409744,7,mean,464
147,7001,tentative,52,0.52,0.0010842053315287955,0.0037102981688038345,0.14512589573860168,4,max,89
148,6217,confirmed,86,0.86,0.003030744251896065,0.00909985803039198,0.1548803150653839,3,mean,73
149,1609,rejected,19,0.19,0.00046887791330025414,0.0029142790434212753,0.08229754120111465,1,mean,73
150,11158,confirmed,87,0.87,0.002432686951026085,0.007127130545680307,0.10211706161499023,5,mean,406
151,3832,tentative,63,0.63,0.0013090693262766129,0.004825383862366283,0.14178165793418884,2,min,760
152,13091,rejected,7,0.07,0.00028428959247259254,0.0014075010588291575,0.12025842070579529,6,mean,35
153,1953,rejected,5,0.05,0.00023029313914432238,0.0013478421403907126,0.07940858602523804,1,mean,417
154,10932,rejected,15,0.15,0.0003832851604387869,0.0013549517782615696,0.10447719693183899,5,mean,180
155,15941,confirmed,92,0.92,0.0024664799513395143,0.007365483562845292,0.16758602857589722,7,mean,581
156,6176,rejected,4,0.04,0.00025267069956592334,0.0016600788919508829,0.09800972044467926,3,mean,32
157,1895,rejected,7,0.07,0.00030896740307592257,0.0015326091600760825,0.09254086762666702,1,mean,359
158,6871,confirmed,100,1.0,0.011594822430797283,0.02025792657032706,0.1677689254283905,3,mean,727
159,13095,rejected,3,0.03,0.00023767978614375418,0.0010070354506652912,0.12030771374702454,6,mean,39
160,2306,rejected,19,0.19,0.0004458776055563575,0.002573767702842833,0.13769860565662384,2,max,2
161,17401,confirmed,84,0.84,0.0023418815422768936,0.007141794388126533,0.16157618165016174,8,min,505
162,20264,rejected,4,0.04,0.00028860692500865367,0.001635163885956786,0.10028920322656631,9,mean,296
163,4284,rejected,17,0.17,0.00045981916727607665,0.0016471093646539074,0.08506206423044205,2,mean,444
164,20386,rejected,3,0.03,0.00022656336025082997,0.0011813076000102979,0.09231693297624588,9,mean,418
165,9105,rejected,13,0.13,0.00040470090093851316,0.001577452845295502,0.09256720542907715,4,mean,657
166,1826,rejected,27,0.27,0.0006482584993551452,0.00270127823297901,0.11609816551208496,1,mean,290
167,22364,rejected,2,0.02,0.0001308718521629686,0.0011945018468178094,0.1025753915309906,10,mean,92
168,3709,rejected,0,0.0,0.00015447713714157227,0.0008645453571444693,0.12680980563163757,2,min,637
169,14784,confirmed,72,0.72,0.001577013514523163,0.004330285721894658,0.13379517197608948,7,min,192
170,3993,rejected,12,0.12,0.0004227884838344252,0.0020346971404725774,0.08218150585889816,2,mean,153
171,15743,confirmed,94,0.94,0.0034226828851166135,0.008455142011661906,0.14929285645484924,7,mean,383
172,18423,tentative,41,0.41,0.0008548598154883563,0.0032637224888469487,0.12916378676891327,8,mean,759
173,9184,rejected,20,0.2,0.0005824773791128267,0.002176399782030265,0.09741178154945374,4,mean,736
174,294,tentative,36,0.36,0.0007342777198870532,0.0031002801114723,0.10985488444566727,1,max,294
175,15532,rejected,2,0.02,0.00024173135744480725,0.001265986802464945,0.12853369116783142,7,mean,172
176,15921,rejected,9,0.09,0.0003631511045460957,0.0015027616479618092,0.09570914506912231,7,mean,561
177,2223,rejected,26,0.26,0.0005105635136460022,0.0018954684677999474,0.07276380807161331,1,mean,687
178,20893,rejected,10,0.1,0.00033232992586231165,0.0014727432853001673,0.11384805291891098,10,max,157
179,3475,confirmed,92,0.92,0.0033317417954902002,0.008954564353487333,0.15445607900619507,2,min,403
180,4058,rejected,7,0.07,0.00028975055095978764,0.0016477356614734019,0.08048349618911743,2,mean,218
181,20813,rejected,4,0.04,0.000243610809541823,0.0012017951835734785,0.1046261191368103,10,max,77
182,24949,rejected,33,0.33,0.0007266936109286203,0.0021395074323981673,0.10907550156116486,11,mean,373
183,11050,rejected,23,0.23,0.0005564393505239113,0.00165023725584871,0.09943406283855438,5,mean,298
184,1866,rejected,16,0.16,0.00043454005392683763,0.0031804049565479103,0.08994963765144348,1,mean,330
185,18133,rejected,24,0.24,0.0006303028830631758,0.002902203765071622,0.11947043985128403,8,mean,469
186,16553,confirmed,78,0.78,0.001864520120748384,0.005696267126203894,0.12703782320022583,8,max,425
187,4246,rejected,4,0.04,0.00027198155601651676,0.0010394365558923629,0.07088368386030197,2,mean,406
188,15668,rejected,2,0.02,0.00022931290437502776,0.00129547319516647,0.11246021836996078,7,mean,308
189,22655,confirmed,91,0.91,0.0029807876007586936,0.008119959868568382,0.16811813414096832,10,mean,383
190,1553,rejected,11,0.11,0.00037036697726532315,0.001912028625758773,0.0823047086596489,1,mean,17
191,20224,rejected,5,0.05,0.00038177202711396646,0.0020485729694073628,0.10514134913682938,9,mean,256
192,6103,confirmed,99,0.99,0.009580655139720727,0.0192280829105495,0.15841533243656158,3,min,727
193,1597,rejected,8,0.08,0.00035229152320029615,0.002263556882388709,0.08986815065145493,1,mean,61
194,493,tentative,50,0.5,0.0010833458850817886,0.0036587373535109315,0.12039818614721298,1,max,493
195,4523,rejected,6,0.06,0.0002442055120175727,0.001194358512977689,0.09438198804855347,2,mean,683
196,2207,rejected,32,0.32,0.0006598196234942979,0.0021456766095987313,0.08622558414936066,1,mean,671
197,20794,rejected,6,0.06,0.0003115823974678831,0.0012025389027805625,0.13657772541046143,10,max,58
198,9119,rejected,4,0.04,0.00026545165269719164,0.0010092078003806509,0.10453564673662186,4,mean,671
199,24707,rejected,0,0.0,0.00010739967976325371,0.0008413542105848729,0.08048822730779648,11,mean,131
200,6621,confirmed,99,0.99,0.004448541547298596,0.009243557511322774,0.11059783399105072,3,mean,477
201,20174,rejected,23,0.23,0.0005479403655866923,0.001993481217560613,0.09426658600568771,9,mean,206
202,10840,rejected,12,0.12,0.00033280725179912757,0.0020511925866353786,0.12140335142612457,5,mean,88
203,3769,rejected,25,0.25,0.0005607768918406762,0.0027992845206633913,0.10200174897909164,2,min,697
204,27194,rejected,26,0.26,0.0006274011694619662,0.0024161148083608392,0.09983120858669281,12,mean,314
205,1633,rejected,5,0.05,0.00018905200152414183,0.0012003325260285956,0.08567305654287338,1,mean,97
206,20354,confirmed,99,0.99,0.005065802616489229,0.012955878767271792,0.16240163147449493,9,mean,386
207,3892,rejected,29,0.29,0.000705660073255458,0.003688750907065003,0.10000671446323395,2,mean,52
208,5573,rejected,5,0.05,0.00031335876881735073,0.0013465780811048225,0.09857931733131409,3,min,197
209,4401,rejected,6,0.06,0.0002468022636554815,0.001282072976020171,0.11222907155752182,2,mean,561
210,2765,tentative,65,0.65,0.0011465204105205941,0.0033652730807894496,0.11296603828668594,2,max,461
211,18351,rejected,24,0.24,0.0005399279700061907,0.001981621629219531,0.10416147857904434,8,mean,687
212,13331,confirmed,67,0.67,0.00142731223621513,0.005671289682189119,0.12128360569477081,6,mean,275
213,22798,rejected,16,0.16,0.00039980531963766864,0.0015582794782291612,0.09834437072277069,10,mean,526
214,22708,tentative,42,0.42,0.0008371666648875615,0.002547526879684963,0.1121644526720047,10,mean,436
215,6786,rejected,26,0.26,0.0005678870920119553,0.0021145254114187245,0.08281420916318893,3,mean,642
216,12828,confirmed,78,0.78,0.0015469376936280352,0.0038830258867248303,0.12559455633163452,6,min,540
217,17217,rejected,22,0.22,0.00043251006600233326,0.0016822131128129943,0.14770032465457916,8,min,321
218,1983,rejected,6,0.06,0.000286130328372302,0.0019929774632633196,0.08822724968194962,1,mean,447
219,2106,tentative,51,0.51,0.0011118637999755336,0.00349849986291857,0.13306109607219696,1,mean,570
220,13941,rejected,4,0.04,0.00027731163642546845,0.0014432205014980738,0.1259092390537262,7,max,117
221,13444,rejected,30,0.3,0.0005737197552761965,0.002047990256421041,0.1163846105337143,6,mean,388
222,6754,confirmed,84,0.84,0.002138283641112872,0.007714182920530566,0.11561724543571472,3,mean,610
223,5186,rejected,6,0.06,0.000311147633627213,0.0015956786526022462,0.1378619223833084,3,max,578
224,4368,rejected,2,0.02,0.00021222306904938873,0.001331070886526059,0.08075039088726044,2,mean,528
225,20365,rejected,19,0.19,0.0005117236469622787,0.0024772679382692197,0.1307668536901474,9,mean,397
226,20003,tentative,42,0.42,0.0008213521991290247,0.0022613854268588056,0.10251297801733017,9,mean,35
227,21655,rejected,6,0.06,0.0002691239960927042,0.0015870469624782472,0.07912679761648178,10,min,151
228,2226,rejected,12,0.12,0.00033407504020361754,0.001937800360065368,0.07921585440635681,1,mean,690
229,2293,rejected,10,0.1,0.0003690830254716207,0.002426162408335374,0.07409730553627014,1,mean,757
230,13654,confirmed,98,0.98,0.005018530181795039,0.017977969243934817,0.15283025801181793,6,mean,598
231,4216,rejected,3,0.03,0.00018956613969198997,0.000996187734324429,0.07751548290252686,2,mean,376
232,6120,rejected,17,0.17,0.0004368688585549437,0.001564622279101125,0.11272858083248138,3,min,744
233,21960,rejected,8,0.08,0.0003179350394094703,0.0016987250783514103,0.09962382167577744,10,min,456
234,6695,rejected,19,0.19,0.0005235849160639776,0.002150493163975554,0.11537081003189087,3,mean,551
235,15479,rejected,15,0.15,0.00047570934011847727,0.0021246778857852396,0.08950185030698776,7,mean,119
236,11502,rejected,12,0.12,0.0003822705959302598,0.0024003571841228616,0.12621642649173737,5,mean,750
237,21686,rejected,5,0.05,0.0002903141956856829,0.0013021697231725545,0.12124743312597275,10,min,182
238,1892,rejected,4,0.04,0.00021331175086294302,0.0015174350800146474,0.08003882318735123,1,mean,356
239,17681,confirmed,88,0.88,0.0027208621861197703,0.010584789573035285,0.12151063978672028,8,mean,17
240,8337,rejected,33,0.33,0.000804379568562666,0.002931897092173067,0.11312972754240036,4,min,657
241,347,tentative,41,0.41,0.0008595045089174074,0.0025938692872873054,0.11828897148370743,1,max,347
242,17824,rejected,1,0.01,0.00018094514496798842,0.0011371362283243282,0.09613367170095444,8,mean,160
243,6356,rejected,12,0.12,0.0004330826669004495,0.0014983502150617686,0.13705439865589142,3,mean,212
244,6420,tentative,35,0.35,0.0008109664799370421,0.0027555605542845755,0.0952906459569931,3,mean,276
245,21729,rejected,26,0.26,0.0006612620418653073,0.001999225033492617,0.12525273859500885,10,min,225
246,22780,rejected,20,0.2,0.0005256892807446463,0.002382893051291092,0.09821604937314987,10,mean,508
247,15423,confirmed,73,0.73,0.0017930054436718368,0.005244958913656673,0.11311197280883789,7,mean,63
248,4084,rejected,2,0.02,0.00011895543899858153,0.0012992038781531605,0.10367603600025177,2,mean,244
249,1958,rejected,5,0.05,0.00030055527288843986,0.0013881625050489244,0.06934908777475357,1,mean,422
250,24644,rejected,15,0.15,0.000425088968860364,0.0020798342681117798,0.1147824227809906,11,mean,68
251,14952,rejected,17,0.17,0.00044401081545552656,0.0022724654225095456,0.09739460796117783,7,min,360
252,4549,tentative,57,0.57,0.0012447275059050585,0.005447402934952336,0.1503198891878128,2,mean,709
253,11215,rejected,12,0.12,0.00039500383764452937,0.001599291620182835,0.08415021002292633,5,mean,463
254,22315,confirmed,97,0.97,0.0031017959061169177,0.009124649611976302,0.15288569033145905,10,mean,43
255,4439,rejected,3,0.03,0.0002012805945501996,0.0010813337304641567,0.08811686187982559,2,mean,599
256,17873,rejected,10,0.1,0.0003576365677525242,0.0020380887361357005,0.12202262878417969,8,mean,209
257,121,tentative,47,0.47,0.0009727326161977023,0.00354148271155842,0.13395491242408752,1,max,121
258,24596,rejected,14,0.14,0.00046682482204844414,0.0017861072263009293,0.09354248642921448,11,mean,20
259,16880,rejected,9,0.09,0.0003125240728921194,0.0014490916386970668,0.09665895998477936,8,max,752
260,4040,rejected,22,0.22,0.0005134310650640904,0.0018024595402438628,0.12605254352092743,2,mean,200
261,17672,confirmed,82,0.82,0.0016895242722691415,0.005125042257271268,0.12737727165222168,8,mean,8
262,6366,confirmed,68,0.68,0.0015001782153321206,0.005075119857972506,0.11417952179908752,3,mean,222
263,4199,rejected,6,0.06,0.0002917298619488492,0.0015132052412562325,0.08656898140907288,2,mean,359
264,8955,rejected,1,0.01,0.0001963884981792367,0.0008593945542919473,0.07519973069429398,4,mean,507
265,5061,rejected,4,0.04,0.00023068960190215836,0.0010981769910995735,0.10974713414907455,3,max,453
266,25890,rejected,9,0.09,0.00034300955028338203,0.00179221215622342,0.09206873178482056,12,max,546
267,4583,rejected,28,0.28,0.0007054263437448834,0.002763003047542797,0.07471006363630295,2,mean,743
268,4198,rejected,16,0.16,0.00043781871473014933,0.001957588768579803,0.08247167617082596,2,mean,358
269,4273,rejected,1,0.01,0.0001366409160620514,0.0012442294686000786,0.06937530636787415,2,mean,433
270,18535,rejected,21,0.21,0.0005881492170513377,0.0026291190829491246,0.13292452692985535,9,max,103
271,22381,confirmed,92,0.92,0.00306143467257453,0.009313013198984548,0.160589337348938,10,mean,109
272,1897,rejected,2,0.02,0.00017331672834969443,0.000936032308202958,0.07390587776899338,1,mean,361
273,24654,tentative,52,0.52,0.0009799186073607134,0.0032357925095929676,0.10274696350097656,11,mean,78
274,2291,tentative,50,0.5,0.0009381596155698425,0.003491999458186855,0.07996419817209244,1,mean,755
275,18396,confirmed,82,0.82,0.0023424998867001183,0.006585209708173133,0.16483554244041443,8,mean,732
276,4008,rejected,25,0.25,0.0006244529189378266,0.0023362473030954763,0.14460018277168274,2,mean,168
277,16326,rejected,10,0.1,0.0004047730211522176,0.001831702026132746,0.11679292470216751,8,max,198
278,16095,rejected,12,0.12,0.0005471643037902111,0.003212230292671527,0.08561576902866364,7,mean,735
279,6413,rejected,13,0.13,0.00039902006345942894,0.001702786951403822,0.07342466711997986,3,mean,269
280,18153,rejected,4,0.04,0.00021294610699837982,0.0014008271180329386,0.08977421373128891,8,mean,489
281,15782,tentative,44,0.44,0.0008400560748890769,0.003692293166941226,0.12936054170131683,7,mean,422
282,6829,rejected,7,0.07,0.00033489504029643913,0.0018979385743230115,0.07423137873411179,3,mean,685
283,8880,rejected,28,0.28,0.0006496227138281485,0.0025011207846001604,0.13280384242534637,4,mean,432
284,24865,rejected,11,0.11,0.0004258911999628064,0.0014161308018758741,0.07399002462625504,11,mean,289
285,2296,tentative,34,0.34,0.0006915636936656881,0.002241876546072437,0.08151490986347198,1,mean,760
286,485,rejected,22,0.22,0.0005270738821252005,0.0022077722749940672,0.11593075096607208,1,max,485
287,8613,confirmed,99,0.99,0.00566744415865475,0.01328393698429659,0.1278228610754013,4,mean,165
288,1799,rejected,2,0.02,0.0002496013287857291,0.001261727991646666,0.07233262807130814,1,mean,263
289,12160,tentative,36,0.36,0.000734602447874648,0.0024935062391104957,0.11132807284593582,6,max,640
290,11243,tentative,35,0.35,0.0007459242088281322,0.002967784407560615,0.12797413766384125,5,mean,491
291,10985,rejected,24,0.24,0.0006111297453649865,0.0022233692566976763,0.10331182926893234,5,mean,233
292,16039,confirmed,86,0.86,0.002467649466750032,0.007883901606181765,0.13897494971752167,7,mean,679
293,1632,rejected,1,0.01,0.00017183556532898044,0.0008112378312412467,0.07998555153608322,1,mean,96
294,27575,confirmed,76,0.76,0.002002096443338634,0.005572052053269084,0.12056402117013931,12,mean,695
295,22922,rejected,18,0.18,0.000506698721282594,0.0021180895883973544,0.07865237444639206,10,mean,650
296,4231,rejected,0,0.0,0.00020565759941291816,0.0008556575778858266,0.0683300793170929,2,mean,391
297,1520,rejected,16,0.16,0.00041096506756871853,0.001990290389347942,0.11456123739480972,1,min,752
298,17741,rejected,0,0.0,0.00017337082568485713,0.000774084422220177,0.07963269203901291,8,mean,77
299,6847,rejected,1,0.01,0.00017487916784535848,0.0008735801762825064,0.10306136310100555,3,mean,703
300,19260,rejected,9,0.09,0.0003303890799896299,0.001865195754431369,0.10272029042243958,9,min,60
301,3975,confirmed,96,0.96,0.0037470835822920345,0.00995245549636292,0.14783091843128204,2,mean,135
302,16870,rejected,24,0.24,0.0005335774439191889,0.002507600535895556,0.1310621052980423,8,max,742
303,27181,rejected,13,0.13,0.00042567601984066833,0.001955740409504121,0.08920013159513474,12,mean,301
304,25790,rejected,2,0.02,0.0002703544064937034,0.001050004153451751,0.09075348824262619,12,max,446
305,4098,rejected,1,0.01,0.00016062707314115396,0.0009093289818642327,0.103107750415802,2,mean,258
306,10960,rejected,8,0.08,0.0003135106994209494,0.0016708838473636389,0.0782003328204155,5,mean,208
307,8671,tentative,60,0.6,0.001370315510491543,0.0055956668076217785,0.1328480839729309,4,mean,223
308,1391,rejected,17,0.17,0.0004610325338495904,0.0016366363578952145,0.1241295337677002,1,min,623
309,513,confirmed,72,0.72,0.0014555833394496675,0.0038920334637734884,0.11322520673274994,1,max,513
310,4201,rejected,28,0.28,0.000575314806021665,0.002616288175248832,0.07905703037977219,2,mean,361
311,15016,rejected,18,0.18,0.0004521472464171929,0.002901982113963161,0.11128327250480652,7,min,424
312,13438,confirmed,83,0.83,0.0022225091272802646,0.006649426285941959,0.14654111862182617,6,mean,382
313,20914,rejected,4,0.04,0.0002392554951468114,0.001354508303685999,0.08556731045246124,10,max,178
314,15634,rejected,6,0.06,0.000321732908839077,0.0014818523822338642,0.09553877264261246,7,mean,274
315,9185,confirmed,99,0.99,0.007191916514021787,0.01914329549339561,0.14492200314998627,4,mean,737
316,4587,rejected,2,0.02,0.0002117352591478278,0.0010267306940609194,0.07424751669168472,2,mean,747
317,6112,rejected,32,0.32,0.0007045241465130854,0.004419440094306059,0.11701150983572006,3,min,736
318,22518,rejected,3,0.03,0.00017788902103933995,0.001104778427378772,0.0756927877664566,10,mean,246
319,20459,rejected,6,0.06,0.00021855270988442138,0.00125921824915533,0.08114609867334366,9,mean,491
320,1846,rejected,3,0.03,0.00020220257117021368,0.0012552365770287384,0.062821164727211,1,mean,310
321,345,rejected,26,0.26,0.0006121031238455011,0.00202438813304094,0.11294441670179367,1,max,345
322,27089,rejected,23,0.23,0.0005908709946731283,0.0021980029742672802,0.0884874165058136,12,mean,209
323,24771,rejected,11,0.11,0.0004095361974084674,0.002077039219127246,0.10279424488544464,11,mean,195
324,23550,rejected,13,0.13,0.0004133574960128325,0.0016109189086088306,0.1180088147521019,11,max,510
325,3981,rejected,0,0.0,0.0001874251476719452,0.0009129682257000774,0.0736813023686409,2,mean,141
326,14396,rejected,11,0.11,0.0003620964441775814,0.0021133504060475115,0.10688814520835876,7,max,572
327,15476,confirmed,73,0.73,0.001647474368432141,0.005026301593622125,0.09937974065542221,7,mean,116
328,6516,rejected,12,0.12,0.00043016836362845014,0.0018807483219965356,0.07878413796424866,3,mean,372
329,6336,tentative,52,0.52,0.0011202023058533113,0.0037776113371719763,0.09430668503046036,3,mean,192
330,21026,tentative,53,0.53,0.0011609124997294506,0.004204933886862237,0.13632990419864655,10,max,290
331,10833,rejected,10,0.1,0.0003879988078522004,0.0015719509779275327,0.09435715526342392,5,mean,81
332,4394,rejected,16,0.16,0.00040723461446458915,0.002387384148847606,0.06710555404424667,2,mean,554
333,2203,rejected,7,0.07,0.0002834311158989632,0.0014665279814758939,0.07441729307174683,1,mean,667
334,8331,tentative,43,0.43,0.0008577927856972664,0.0025786917519405902,0.11780742555856705,4,min,651
335,15566,rejected,1,0.01,0.00018728038063472836,0.0012187552545984187,0.08843805640935898,7,mean,206
336,14275,confirmed,66,0.66,0.0015815799730022825,0.005414808028865098,0.15389475226402283,7,max,451
337,1902,rejected,22,0.22,0.0005910995505006407,0.0030470133984830962,0.11900120228528976,1,mean,366
338,97,tentative,57,0.57,0.0011796873777034972,0.003266263906258034,0.12028620392084122,1,max,97
339,22590,confirmed,75,0.75,0.0015783870072185499,0.00391769132949859,0.09207328408956528,10,mean,318
340,19934,rejected,26,0.26,0.0005952900164298173,0.0026501640027972303,0.1094074547290802,9,min,734
341,1838,rejected,9,0.09,0.000390288999850426,0.001669422690202437,0.07353699207305908,1,mean,302
342,26962,rejected,4,0.04,0.00028939736367779474,0.0012009868823528642,0.09358623623847961,12,mean,82
343,3810,rejected,29,0.29,0.0006129444999865522,0.0022063228257930326,0.11398515105247498,2,min,738
344,2278,rejected,16,0.16,0.0004561507343781514,0.0025692778789264724,0.07041402906179428,1,mean,742
345,11408,tentative,48,0.48,0.0011177482465711895,0.0046224651402767825,0.1264188289642334,5,mean,656
346,22673,rejected,17,0.17,0.00043318934734913063,0.0015977947303758846,0.08522164076566696,10,mean,401
347,14636,rejected,12,0.12,0.0003946353075815079,0.0012835432516661947,0.09988019615411758,7,min,44
348,22496,rejected,3,0.03,0.00020520374319460977,0.0012877387778150048,0.07418875396251678,10,mean,224
349,22706,rejected,1,0.01,0.00017503602059351175,0.0009572584712936394,0.08673563599586487,10,mean,434
350,4968,rejected,14,0.14,0.0004174575196451774,0.0024768335747018377,0.14038874208927155,3,max,360
351,11163,tentative,57,0.57,0.0011592016416870376,0.005548099590365453,0.10483963787555695,5,mean,411
352,15724,confirmed,85,0.85,0.0020017633223465493,0.0059055638636658974,0.12633775174617767,7,mean,364
353,6158,rejected,13,0.13,0.0004655833492278405,0.001810471339360263,0.06364291906356812,3,mean,14
354,4987,rejected,34,0.34,0.0007705601611843861,0.0033654897217885163,0.11918732523918152,3,max,379
355,20124,rejected,2,0.02,0.00026351637501978204,0.0011622088913915917,0.07771505415439606,9,mean,156
356,746,tentative,35,0.35,0.0006638335006088612,0.0023755968452323696,0.1132756844162941,1,max,746
357,22863,rejected,11,0.11,0.0003729474248691814,0.0019436349417733334,0.08771444857120514,10,mean,591
358,4419,rejected,11,0.11,0.0003840576423285392,0.0016755786255819316,0.0644514411687851,2,mean,579
359,3876,rejected,32,0.32,0.0007020322980681177,0.004027309711945304,0.10939940065145493,2,mean,36
360,18190,tentative,58,0.58,0.0010876691861364902,0.0030687222115684987,0.11572262644767761,8,mean,526
361,3983,rejected,12,0.12,0.00034471158038978255,0.001646590643172083,0.05758040025830269,2,mean,143
362,312,rejected,23,0.23,0.0005835780830549514,0.0018624992639324667,0.11221680045127869,1,max,312
363,20315,confirmed,70,0.7,0.0016722649193148217,0.004339207570841722,0.1295810490846634,9,mean,347
364,3961,confirmed,91,0.91,0.0023017340487357595,0.006519013861042211,0.09969016909599304,2,mean,121
365,4778,tentative,44,0.44,0.0008917423166399358,0.0029629986911392596,0.13486453890800476,3,max,170
366,14141,rejected,19,0.19,0.0005961856467876631,0.002562561011755778,0.10852989554405212,7,max,317
367,13262,rejected,7,0.07,0.00033017213422472465,0.0013342248031157592,0.09818518906831741,6,mean,206
368,18050,confirmed,100,1.0,0.007006228956182354,0.015424386476981328,0.1585763543844223,8,mean,386
369,23531,rejected,24,0.24,0.0005413726084467297,0.0022935440509611786,0.12379015982151031,11,max,491
370,11501,rejected,14,0.14,0.00044883490765059564,0.0015724829109998405,0.09173541516065598,5,mean,749
371,2256,rejected,8,0.08,0.0002742546250325092,0.001514796352241912,0.07655259966850281,1,mean,720
372,20514,rejected,2,0.02,0.00022579158956761088,0.0011349275041498733,0.09316636621952057,9,mean,546
373,23875,rejected,20,0.2,0.0005267246275373374,0.0024064881204205967,0.12509185075759888,11,min,67
374,11250,tentative,38,0.38,0.0007632065682965413,0.0026496084327373814,0.08775220066308975,5,mean,498
375,6291,tentative,46,0.46,0.0008607270973595133,0.0031356115207256596,0.12194929271936417,3,mean,147
376,20853,tentative,63,0.63,0.0014348523207375853,0.004530222604023072,0.1019940972328186,10,max,117
377,14364,rejected,11,0.11,0.000419821786099779,0.002985150851216125,0.14862747490406036,7,max,540
378,3864,rejected,6,0.06,0.0003207245167833816,0.0016019455012994312,0.07792357355356216,2,mean,24
379,4639,rejected,10,0.1,0.0003454318389537341,0.001441542544189418,0.12156721204519272,3,max,31
380,4526,rejected,0,0.0,0.00010372186766863489,0.0007558802025832711,0.08012832701206207,2,mean,686
381,25015,rejected,30,0.3,0.0006533229915890375,0.0032578654165410135,0.11781203001737595,11,mean,439
382,26976,rejected,0,0.0,0.00014645292626586198,0.0008207420997513885,0.07245638221502304,12,mean,96
383,1628,rejected,5,0.05,0.00028412091248019233,0.0013404296438347734,0.07612941414117813,1,mean,92
384,1911,rejected,2,0.02,0.00023609962415718568,0.0014121038336489407,0.07841508835554123,1,mean,375
385,18815,confirmed,74,0.74,0.001961467222553341,0.005420676414290606,0.1624571681022644,9,max,383
386,8554,rejected,24,0.24,0.0005965772103918048,0.002975891638129458,0.08393627405166626,4,mean,106
387,11563,rejected,5,0.05,0.00025682224719215545,0.0014090094079071594,0.10131274163722992,6,max,43
388,1647,rejected,1,0.01,0.0001498140669347999,0.0009202945539183969,0.09340666234493256,1,mean,111
389,11278,rejected,6,0.06,0.0002949481263144928,0.0012466685288262053,0.0794919952750206,5,mean,526
390,16271,confirmed,97,0.97,0.004584524544387064,0.011166759077583877,0.13554173707962036,8,max,143
391,1798,rejected,1,0.01,0.00014713659700316839,0.0010234319889818443,0.07439065724611282,1,mean,262
392,21475,rejected,1,0.01,0.00011506326628878981,0.000766258430534292,0.0748923271894455,10,max,739
393,3082,rejected,19,0.19,0.000437393787165066,0.001936902859373874,0.11242172122001648,2,min,10
394,22567,rejected,24,0.24,0.000555358918126648,0.002088026448439522,0.09699009358882904,10,mean,295
395,1802,rejected,2,0.02,0.0001758865139216239,0.001049559673698223,0.06756892055273056,1,mean,266
396,20536,rejected,21,0.21,0.000584808638352579,0.0027611408750205266,0.1042257770895958,9,mean,568
397,1623,rejected,32,0.32,0.0007004298782998995,0.0032518068484599944,0.0819854810833931,1,mean,87
398,7823,rejected,7,0.07,0.0002466996986573592,0.0019234390427449242,0.13650064170360565,4,min,143
399,10855,confirmed,72,0.72,0.0016978719669583605,0.004763937516718121,0.09855575859546661,5,mean,103
400,27555,rejected,3,0.03,0.00017095937988007197,0.0012657187016642864,0.07232597470283508,12,mean,675
401,6701,confirmed,98,0.98,0.006574116307749361,0.014107696889943098,0.16405881941318512,3,mean,557
402,19673,rejected,15,0.15,0.0004992734469771699,0.0020342137802861525,0.10769657790660858,9,min,473
403,24526,rejected,9,0.09,0.00030998602558999534,0.001356602242135659,0.07663505524396896,11,min,718
404,3962,rejected,8,0.08,0.0003293060615829472,0.0017462294016818444,0.06756152212619781,2,mean,122
405,15871,rejected,21,0.21,0.0004947609406849721,0.0026236186117111217,0.08099483698606491,7,mean,511
406,4531,rejected,13,0.13,0.0004068824979253765,0.0017411568920731673,0.06851959228515625,2,mean,691
407,23684,tentative,36,0.36,0.0006632059551807581,0.0019213566395851007,0.10965842753648758,11,max,644
408,25048,rejected,3,0.03,0.00018550003175106113,0.0010162400353063167,0.07437767088413239,11,mean,472
409,6781,confirmed,74,0.74,0.0014752043924872121,0.003641458720221307,0.11302179843187332,3,mean,637
410,4417,confirmed,74,0.74,0.001684219234635134,0.00527899737272585,0.09875281900167465,2,mean,577
411,1122,rejected,4,0.04,0.00018715817043219425,0.001211761758583414,0.11039894819259644,1,min,354
412,6262,tentative,62,0.62,0.0013882517640475987,0.0068805842425683165,0.12849636375904083,3,mean,118
413,161,rejected,3,0.03,0.00018700717745301788,0.0017703277091266401,0.1053365170955658,1,max,161
414,4437,rejected,12,0.12,0.0003754815404938519,0.0014753542621204143,0.0898129940032959,2,mean,597
415,8629,rejected,30,0.3,0.0006876147429109546,0.002718682152854352,0.11420972645282745,4,mean,181
416,24627,rejected,30,0.3,0.0006712932255137738,0.0032973799228838575,0.12222311645746231,11,mean,51
417,16938,rejected,26,0.26,0.0005137285522754411,0.002448581807356927,0.09577036648988724,8,min,42
418,26034,rejected,6,0.06,0.0002705019334924074,0.0015140378386150832,0.09496762603521347,12,max,690
419,13120,confirmed,97,0.97,0.0035235196292138695,0.00821160158480631,0.1240730881690979,6,mean,64
420,26667,rejected,1,0.01,0.00020949458694032337,0.0009525925213524305,0.1026078388094902,12,min,555
421,2094,rejected,6,0.06,0.00024870456785932546,0.0013489401616995304,0.05942106246948242,1,mean,558
422,22636,rejected,2,0.02,0.00020729862834965426,0.0010914035922397634,0.08563786745071411,10,mean,364
423,6305,rejected,6,0.06,0.00027151431470598647,0.0011337268451210264,0.08457854390144348,3,mean,161
424,8830,tentative,37,0.37,0.0007919919590497082,0.0035649613817040054,0.10811179876327515,4,mean,382
425,22480,rejected,0,0.0,0.0001450126446339885,0.0008165027041262143,0.07238887250423431,10,mean,208
426,20909,rejected,28,0.28,0.0006253006351336343,0.0021901340241961263,0.11317974328994751,10,max,173
427,6434,rejected,13,0.13,0.00041555629600515087,0.0018624487745794965,0.08336834609508514,3,mean,290
428,19420,rejected,2,0.02,0.0001920196353929449,0.0010005931819659435,0.11430486291646957,9,min,220
429,13300,rejected,11,0.11,0.00037213550781849125,0.0017253173548223853,0.06843610107898712,6,mean,244
430,6196,tentative,64,0.64,0.0013169623361967383,0.003564681356026258,0.07782912999391556,3,mean,52
431,15701,tentative,37,0.37,0.0007290600621446243,0.003176567571695908,0.11952020972967148,7,mean,341
432,4418,rejected,1,0.01,0.00022879328542517517,0.0009865271296285731,0.06931997090578079,2,mean,578
433,9764,rejected,9,0.09,0.0002773261332904032,0.002163963927436087,0.12322303652763367,5,max,548
434,677,tentative,35,0.35,0.0006936273187404712,0.0023489622337843304,0.1220422312617302,1,max,677
435,11104,rejected,20,0.2,0.0005818716574448389,0.0024843368112215003,0.09205610305070877,5,mean,352
436,6505,rejected,25,0.25,0.0006237529088926696,0.0023640470476686153,0.08062132447957993,3,mean,361
437,15404,tentative,42,0.42,0.0008872672882385518,0.0029426590819163624,0.071931391954422,7,mean,44
438,17378,confirmed,87,0.87,0.00305039576170153,0.008518413999316403,0.14050351083278656,8,min,482
439,15971,rejected,3,0.03,0.0002518722102467973,0.0015767240677246365,0.09107249230146408,7,mean,611
440,4243,confirmed,96,0.96,0.004448945267632715,0.01135041290760654,0.13008922338485718,2,mean,403
441,13225,rejected,4,0.04,0.00022601428708211833,0.001062222627880774,0.06817438453435898,6,mean,169
442,25211,rejected,12,0.12,0.0004274459783555298,0.0016042020867296836,0.10188861191272736,11,mean,635
443,6245,rejected,28,0.28,0.0005964743547276501,0.002424370850230921,0.08821365237236023,3,mean,101
444,386,rejected,17,0.17,0.00042660621282633837,0.0018618206067777274,0.10589366406202316,1,max,386
445,11151,rejected,26,0.26,0.0005403197773957649,0.0024069947563991247,0.11095551401376724,5,mean,399
446,20273,rejected,3,0.03,0.0002694284423433325,0.0012676023160273983,0.07457204908132553,9,mean,305
447,15985,rejected,14,0.14,0.0004479546714969636,0.0021545755740701895,0.10448110848665237,7,mean,625
448,13480,confirmed,95,0.95,0.0031550176335208907,0.009172417519505635,0.10615011304616928,6,mean,424
449,1901,rejected,11,0.11,0.00038552953041994144,0.0021117119073117254,0.06976775825023651,1,mean,365
450,24680,rejected,8,0.08,0.0003832622055559909,0.0016821903651288456,0.08300391584634781,11,mean,104
451,11404,rejected,18,0.18,0.00047779715327335453,0.002316122960816182,0.07059691846370697,5,mean,652
452,2002,rejected,8,0.08,0.00031731838251268166,0.002004646041316154,0.0624234639108181,1,mean,466
453,6508,tentative,44,0.44,0.0010988593061810625,0.004184632469311924,0.12819604575634003,3,mean,364
454,650,rejected,19,0.19,0.0004955099892388636,0.002284895472767015,0.11069558560848236,1,max,650
455,20843,rejected,0,0.0,0.00013765777947935144,0.0006856064038410378,0.09606616199016571,10,max,107
456,4046,rejected,23,0.23,0.0005610204590314506,0.0020768955961355156,0.07786615192890167,2,mean,206
457,16102,tentative,39,0.39,0.0008313612571918031,0.002877074338386317,0.11607398837804794,7,mean,742
458,23911,rejected,32,0.32,0.0007532380853508793,0.003186604469378944,0.11513442546129227,11,min,103
459,2115,rejected,8,0.08,0.00027632563959033025,0.001850999708153148,0.07000523805618286,1,mean,579
460,22604,confirmed,90,0.9,0.0025751219234739125,0.007202821017830307,0.10278790444135666,10,mean,332
461,3720,rejected,6,0.06,0.0002930992968909965,0.0012645847412268221,0.1176285669207573,2,min,648
462,6865,tentative,42,0.42,0.000735464447504372,0.0026170200082033927,0.07616205513477325,3,mean,721
463,1534,rejected,12,0.12,0.00045146185423615605,0.0023922758997900985,0.11052466928958893,1,min,766
464,1398,rejected,13,0.13,0.00034216170430526006,0.0013848214110995655,0.13299478590488434,1,min,630
465,8683,rejected,5,0.05,0.0002922958792334787,0.001824232713558315,0.10619089007377625,4,mean,235
466,4266,rejected,18,0.18,0.00047866655084444475,0.002302045293084574,0.07068157196044922,2,mean,426
467,12577,rejected,33,0.33,0.0007275099742932442,0.002817062988901078,0.09904605150222778,6,min,289
468,21474,rejected,24,0.24,0.0004957440755479019,0.0026590523283044278,0.10644837468862534,10,max,738
469,24911,rejected,12,0.12,0.0003811354936145346,0.001333205944276421,0.08160950988531113,11,mean,335
470,1816,rejected,9,0.09,0.00032839448598499457,0.0019499438731139791,0.058948226273059845,1,mean,280
471,4517,rejected,16,0.16,0.0004726910674514153,0.0027469482386057275,0.09826717525720596,2,mean,677
472,141,rejected,14,0.14,0.0004260033049951705,0.0020790827246243626,0.09755408763885498,1,max,141
473,1852,rejected,2,0.02,0.00015747236081404913,0.0013768218352950379,0.0726783499121666,1,mean,316
474,1865,rejected,3,0.03,0.00022282816202482729,0.0022668201534627465,0.09969055652618408,1,mean,329
475,25732,tentative,50,0.5,0.0009471413422691343,0.0035602012838610803,0.09741660207509995,12,max,388
476,7563,tentative,38,0.38,0.0007907728672126876,0.003018078876387108,0.1327701359987259,4,max,651
477,10983,rejected,14,0.14,0.0004090420672235547,0.0024098223489401466,0.11123845726251602,5,mean,231
478,18405,rejected,0,0.0,0.00011801283761316495,0.0008412405711561963,0.0809205025434494,8,mean,741
479,6353,confirmed,94,0.94,0.0035158532717449566,0.008640254540299252,0.11657651513814926,3,mean,209
480,21399,rejected,9,0.09,0.00041271948017486697,0.00198093902515194,0.09926266223192215,10,max,663
481,8808,tentative,47,0.47,0.0010766844188446856,0.0034856098449552986,0.08982759714126587,4,mean,360
482,20538,rejected,14,0.14,0.00048109268297641736,0.002633200648766145,0.07984853535890579,9,mean,570
483,13439,confirmed,92,0.92,0.0028503312197030433,0.007255541898972474,0.12962795794010162,6,mean,383
484,20322,rejected,2,0.02,0.0001793210831324181,0.0011961412602634054,0.07720182836055756,9,mean,354
485,19994,tentative,44,0.44,0.0009313365001026379,0.004143772890110227,0.09583540260791779,9,mean,26
486,4022,rejected,1,0.01,0.0001379792218454826,0.0009804235760401982,0.07617518305778503,2,mean,182
487,22221,rejected,30,0.3,0.0006252097078525664,0.00218369798675558,0.1323082149028778,10,min,717
488,6348,rejected,4,0.04,0.00022036084648055634,0.0009439205889839582,0.06500320881605148,3,mean,204
489,15505,rejected,30,0.3,0.0005509665137679844,0.0024563698031014464,0.09658930450677872,7,mean,145
490,4491,confirmed,94,0.94,0.0034768433089250516,0.008067555883962997,0.121303029358387,2,mean,651
491,20630,rejected,1,0.01,0.00015481285201422043,0.0009837837187303912,0.0804157629609108,9,mean,662
492,26938,tentative,60,0.6,0.001201300993681092,0.0037371824174144857,0.08781863003969193,12,mean,58
493,13553,rejected,17,0.17,0.00040515640271491203,0.0025269814830814895,0.10712751001119614,6,mean,497
494,23993,confirmed,82,0.82,0.002420165886797708,0.008223412169931665,0.12309844046831131,11,min,185
495,18709,tentative,47,0.47,0.0008969599026843381,0.0025971289832163024,0.09803687036037445,9,max,277
496,16702,rejected,15,0.15,0.0005044843316120112,0.0014431759866491752,0.10107611119747162,8,max,574
497,17914,rejected,8,0.08,0.0003128474213833602,0.0015549328154773829,0.08302716910839081,8,mean,250
498,2227,rejected,6,0.06,0.0002523823036851184,0.001844989543322677,0.06732127815485,1,mean,691
499,15174,rejected,21,0.21,0.0004989811291866003,0.00160699468542536,0.14586737751960754,7,min,582
500,16032,rejected,5,0.05,0.00029528232989825944,0.0014575191175106594,0.08118660002946854,7,mean,672
501,8488,confirmed,99,0.99,0.005104027296057498,0.010720193284951645,0.10571624338626862,4,mean,40
502,18885,rejected,2,0.02,0.00013530362604604262,0.0009682717067635092,0.08147898316383362,9,max,453
503,6824,rejected,4,0.04,0.00027032446952190514,0.0012694087106216634,0.06502470374107361,3,mean,680
504,22559,rejected,6,0.06,0.0002874333069638791,0.0013999938998035468,0.07213322073221207,10,mean,287
505,5208,rejected,8,0.08,0.00029431968697916596,0.0015950118436921389,0.13338994979858398,3,max,600
506,2034,rejected,11,0.11,0.0003990669314280073,0.0015603128683162443,0.09724133461713791,1,mean,498
507,1742,rejected,21,0.21,0.0005406844623713713,0.002383431811639016,0.07708601653575897,1,mean,206
508,24679,rejected,29,0.29,0.0006473356343620553,0.003510861352541281,0.0853685587644577,11,mean,103
509,27165,rejected,16,0.16,0.0004710942960289695,0.0019109679872114918,0.08583997935056686,12,mean,285
510,9877,confirmed,69,0.69,0.0016800516363689824,0.00660253378205602,0.11847466975450516,5,max,661
511,9457,rejected,34,0.34,0.0007590726286515489,0.0031125869637379784,0.1320563554763794,5,max,241
512,26999,rejected,7,0.07,0.0003047487469073813,0.0014143489977874297,0.1033157929778099,12,mean,119
513,1555,tentative,65,0.65,0.0013939407466803345,0.00402273051875883,0.12081310153007507,1,mean,19
514,12086,rejected,21,0.21,0.00045500013271041704,0.0028723271675779012,0.09134027361869812,6,max,566
515,11354,rejected,19,0.19,0.0005504999826137934,0.002378050693354223,0.08275796473026276,5,mean,602
516,1682,rejected,3,0.03,0.00017142946504780665,0.0014580079046790644,0.07595454901456833,1,mean,146
517,18933,rejected,31,0.31,0.0006619657682881663,0.0025749193229573676,0.10080999881029129,9,max,501
518,27206,rejected,4,0.04,0.0002736481594715374,0.0014809283744878934,0.06699486821889877,12,mean,326
519,1525,rejected,23,0.23,0.000537062594542967,0.002431864467658664,0.10645004361867905,1,min,757
520,6164,rejected,12,0.12,0.0004544841135283646,0.0015387129847993868,0.07209112495183945,3,mean,20
521,7444,rejected,3,0.03,0.00020543547743280812,0.0010868126760868455,0.10004764050245285,4,max,532
522,23842,rejected,2,0.02,0.000177045040562382,0.0009084189573627557,0.10533540695905685,11,min,34
523,22495,rejected,0,0.0,0.00011273138398335842,0.0007790467195705878,0.06635671854019165,10,mean,223
524,6597,rejected,3,0.03,0.00025514876524372604,0.0017332596170260947,0.08731698244810104,3,mean,453
525,24418,rejected,3,0.03,0.0003018874207021777,0.0012916964236753862,0.11727120727300644,11,min,610
526,15798,rejected,3,0.03,0.0002064229736102489,0.0010118171530899983,0.06437798589468002,7,mean,438
527,8800,tentative,48,0.48,0.001106528559638606,0.005526441654885023,0.10386985540390015,4,mean,352
528,13251,confirmed,82,0.82,0.0018163334182626995,0.00523488458479677,0.05888799577951431,6,mean,195
529,17847,rejected,31,0.31,0.0006140216435198672,0.0025912910084353123,0.09879190474748611,8,mean,183
530,22807,rejected,1,0.01,0.00016731618024797606,0.0009544283923966059,0.0629667267203331,10,mean,535
531,10408,confirmed,79,0.79,0.001967560534165615,0.008160913984315683,0.10660667717456818,5,min,424
532,4193,rejected,6,0.06,0.00021531062457599118,0.0012921981044426711,0.05950050801038742,2,mean,353
533,24699,rejected,8,0.08,0.00035211977637740303,0.0014995787961739131,0.09969039261341095,11,mean,123
534,12456,confirmed,95,0.95,0.003381179982115335,0.010971970339444609,0.14236056804656982,6,min,168
535,20179,rejected,3,0.03,0.00026313318607916513,0.0011251171882745235,0.07253739982843399,9,mean,211
536,2881,confirmed,78,0.78,0.0016461530771807262,0.004491590499283163,0.13383570313453674,2,max,577
537,24666,rejected,8,0.08,0.00029084445280552355,0.0015891276364211168,0.08856512606143951,11,mean,90
538,9194,rejected,17,0.17,0.0003694094627273044,0.0017577862325035512,0.08388114720582962,4,mean,746
539,1353,rejected,23,0.23,0.0005229851107128102,0.002330309031959692,0.09700293093919754,1,min,585
540,22838,rejected,10,0.1,0.00029911912289156783,0.0014653945722584202,0.08657865226268768,10,mean,566
541,10696,rejected,30,0.3,0.0006989428056403294,0.003672581873728332,0.11493348330259323,5,min,712
542,6880,tentative,55,0.55,0.0012076649697072164,0.004729953931049821,0.10940367728471756,3,mean,736
543,8484,rejected,3,0.03,0.00023095514051156687,0.0014606352393382452,0.05805434286594391,4,mean,36
544,22449,rejected,8,0.08,0.0003155211456331256,0.0015150050920511608,0.06159739941358566,10,mean,177
545,1460,confirmed,93,0.93,0.0028103306209825013,0.006298105399613054,0.11481477320194244,1,min,692
546,10641,tentative,44,0.44,0.0009461780478737236,0.003909192551775321,0.11964335292577744,5,min,657
547,6259,rejected,3,0.03,0.00020525206959905295,0.00112577370714495,0.11285760998725891,3,mean,115
548,6777,rejected,11,0.11,0.00037611050722053123,0.0016348934567801824,0.06676853448152542,3,mean,633
549,6661,rejected,12,0.12,0.00038208162025858456,0.001586587822532242,0.06438114494085312,3,mean,517
550,9209,rejected,29,0.29,0.0006937724326908658,0.002444208244556285,0.07410787791013718,4,mean,761
551,13820,tentative,43,0.43,0.0008826742229835478,0.003284191416489049,0.1211465522646904,6,mean,764
552,5546,rejected,28,0.28,0.0006447797447160463,0.002746402312035606,0.12216819822788239,3,min,170
553,25435,rejected,8,0.08,0.00044716626836049825,0.0018009440519944767,0.10497203469276428,12,max,91
554,4265,confirmed,69,0.69,0.0014471633818934323,0.004087835968821705,0.06100783124566078,2,mean,425
555,20532,rejected,32,0.32,0.0007158656215950375,0.002785127669763136,0.07319121062755585,9,mean,564
556,22497,tentative,65,0.65,0.0013385996910699651,0.004188060652471763,0.08091665059328079,10,mean,225
557,13572,rejected,19,0.19,0.0004889212242372377,0.002055920394073208,0.12409177422523499,6,mean,516
558,443,rejected,8,0.08,0.00025909972968779374,0.001970516038637159,0.12884141504764557,1,max,443
559,7112,rejected,2,0.02,0.0002060909744104545,0.0013253419368272872,0.10152885317802429,4,max,200
560,25227,tentative,57,0.57,0.0010696986784641085,0.0030845123126120293,0.100701704621315,11,mean,651
561,18033,rejected,5,0.05,0.0002636914665921895,0.0013629270772955,0.061818961054086685,8,mean,369
562,6530,confirmed,79,0.79,0.0016889138111367452,0.003912215983828422,0.12006118893623352,3,mean,386
563,865,rejected,9,0.09,0.0003620063782763133,0.001465375676807119,0.10646439343690872,1,min,97
564,20081,rejected,12,0.12,0.0004071025353165333,0.0015591031941630468,0.10033216327428818,9,mean,113
565,20028,rejected,15,0.15,0.0004933258657952258,0.0021343420727916707,0.09232731908559799,9,mean,60
566,3433,tentative,54,0.54,0.0010371250313022926,0.003474818448996696,0.10487353801727295,2,min,361
567,22785,rejected,31,0.31,0.0006581524699768347,0.0022345475035406535,0.06711258739233017,10,mean,513
568,20289,rejected,26,0.26,0.0005565897621715918,0.0036652240476792086,0.10094796866178513,9,mean,321
569,13602,rejected,20,0.2,0.0004301718593459199,0.0017756917845134703,0.09071087092161179,6,mean,546
570,26409,rejected,1,0.01,0.00015380303837758848,0.0012293225553728743,0.07403060793876648,12,min,297
571,1864,rejected,26,0.26,0.000565988704172761,0.0034063096959915514,0.0574924536049366,1,mean,328
572,4577,rejected,7,0.07,0.00026744370172135,0.002116386106102246,0.08640526235103607,2,mean,737
573,24231,rejected,7,0.07,0.00030452977175364824,0.0016303836387045073,0.1162613183259964,11,min,423
574,11289,rejected,4,0.04,0.0002220037205786646,0.0014387242130642999,0.09410859644412994,5,mean,537
575,4452,rejected,4,0.04,0.00021645211147511663,0.0010317698814917768,0.06742294132709503,2,mean,612
576,12293,rejected,19,0.19,0.0005098562522836314,0.002292601110377407,0.10285434871912003,6,min,5
577,5449,confirmed,75,0.75,0.0016907178325596235,0.005898359474949116,0.14287211000919342,3,min,73
578,26481,rejected,29,0.29,0.0006334143294639169,0.004008928470065383,0.06823445111513138,12,min,369
579,13546,rejected,13,0.13,0.0003557236672200046,0.002014824874151988,0.10743793845176697,6,mean,490
580,2176,rejected,6,0.06,0.00027624864387475857,0.0012073863636363614,0.05894060805439949,1,mean,640
581,26547,rejected,5,0.05,0.00027075823585468817,0.002263812618784459,0.10283377021551132,12,min,435
582,22572,rejected,7,0.07,0.000313616480365244,0.0014105738204174662,0.07504604756832123,10,mean,300
583,13719,tentative,64,0.64,0.0013158053931143817,0.004127538748496748,0.12177660316228867,6,mean,663
584,910,rejected,4,0.04,0.00026567492218637715,0.0013489618177722192,0.10564158856868744,1,min,142
585,1702,rejected,9,0.09,0.000298152536438763,0.001522213525676238,0.09657839685678482,1,mean,166
586,8706,rejected,11,0.11,0.00034749400373788956,0.0012661224782990006,0.09102655202150345,4,mean,258
587,8672,rejected,7,0.07,0.00031414297625881793,0.0014335589707024025,0.0681345984339714,4,mean,224
588,2347,rejected,27,0.27,0.0005879327013015779,0.0018833650931477414,0.09440327435731888,2,max,43
589,1878,rejected,4,0.04,0.0002916104645273393,0.001549217027865949,0.06524492055177689,1,mean,342
590,10993,rejected,30,0.3,0.0005803690612615086,0.002768722317927203,0.09576593339443207,5,mean,241
591,20172,rejected,6,0.06,0.00027600781386373844,0.0017201349950666683,0.07361916452646255,9,mean,204
592,6625,confirmed,93,0.93,0.0036757291245007374,0.010755287028143757,0.12329479306936264,3,mean,481
593,24181,tentative,39,0.39,0.000741763080806069,0.0031872590811977573,0.12364455312490463,11,min,373
594,12966,confirmed,72,0.72,0.0015471554931162546,0.004906105942609719,0.11063936352729797,6,min,678
595,22547,rejected,17,0.17,0.0003785846052246707,0.0020392041745266112,0.11822187155485153,10,mean,275
596,20602,rejected,14,0.14,0.0004553020635988245,0.0018723823366234697,0.06331072747707367,9,mean,634
597,19812,confirmed,67,0.67,0.001272129280652351,0.003600422037229742,0.10667561739683151,9,min,612
598,6314,tentative,47,0.47,0.0009656225260987407,0.005540690180402389,0.11488817632198334,3,mean,170
599,15900,rejected,6,0.06,0.00030761205135165087,0.0016145702540600335,0.1149558275938034,7,mean,540
600,23852,rejected,3,0.03,0.00029218578815986705,0.001311471055837083,0.09563073515892029,11,min,44
601,4353,rejected,21,0.21,0.0004604292616640229,0.0016932953816452606,0.06256700307130814,2,mean,513
602,24509,rejected,3,0.03,0.0001914957391149161,0.001117690784886684,0.07598849385976791,11,min,701
603,164,rejected,16,0.16,0.00048304336618376365,0.0017383056905087005,0.09058178216218948,1,max,164
604,25441,rejected,3,0.03,0.00028400866967345133,0.0010932989752703887,0.08796973526477814,12,max,97
605,17327,tentative,36,0.36,0.0006885351814106696,0.003011544977712551,0.10437512397766113,8,min,431
606,8466,rejected,14,0.14,0.00041742497805035274,0.001620829985683938,0.0595809631049633,4,mean,18
607,22674,confirmed,69,0.69,0.0015264884854088601,0.004753606262996619,0.08906260877847672,10,mean,402
608,6287,rejected,9,0.09,0.0002836904925262909,0.002034845139984456,0.11994374543428421,3,mean,143
609,23402,rejected,30,0.3,0.000646448549695659,0.002057377818251697,0.11060123890638351,11,max,362
610,9925,confirmed,67,0.67,0.0015279703863770608,0.004717268195199208,0.10981317609548569,5,max,709
611,27192,rejected,24,0.24,0.00046158847588939617,0.002003427299520436,0.10689730197191238,12,mean,312
612,4063,rejected,11,0.11,0.0004640689045349521,0.002360818228395521,0.05904741212725639,2,mean,223
613,1535,tentative,42,0.42,0.000793746558654452,0.0023321376950296967,0.11200541257858276,1,min,767
614,6828,tentative,43,0.43,0.0008439210187858606,0.003602913998528899,0.07276929169893265,3,mean,684
615,26958,tentative,37,0.37,0.0007732012607526888,0.0022343602103788527,0.08772967755794525,12,mean,78
616,8456,rejected,19,0.19,0.00047040993944752176,0.0018717017430654303,0.09941697865724564,4,mean,8
617,8815,tentative,47,0.47,0.0009175119667500607,0.00317782270062646,0.1283295750617981,4,mean,367
618,14144,rejected,17,0.17,0.00047022380506338263,0.001663577476219963,0.08669374138116837,7,max,320
619,5999,rejected,6,0.06,0.00036257851174240416,0.0014989448996936903,0.09262657910585403,3,min,623
620,11488,tentative,39,0.39,0.0008363974633216236,0.002946545040593244,0.10106624662876129,5,mean,736
621,3960,rejected,8,0.08,0.0003149611355330379,0.001426523483588613,0.05820178613066673,2,mean,120
622,12190,rejected,0,0.0,0.0001682983303847848,0.0007346539302889797,0.07305260002613068,6,max,670
623,22490,tentative,35,0.35,0.0007644420214339395,0.003596829134133638,0.09741973131895065,10,mean,218
624,4345,tentative,47,0.47,0.0010096710153825578,0.00430953868813385,0.1393367350101471,2,mean,505
625,2785,tentative,55,0.55,0.0010474976724570673,0.0033019006122306516,0.11324623972177505,2,max,481
626,2239,rejected,15,0.15,0.00040024832623887226,0.001909707745053557,0.05895804241299629,1,mean,703
627,22327,confirmed,87,0.87,0.0025278537657911033,0.006516424550921464,0.10051222890615463,10,mean,55
628,22784,rejected,30,0.3,0.0006741818145911152,0.0022596371330388305,0.1142575815320015,10,mean,512
629,3895,rejected,13,0.13,0.00039456890410652167,0.0015148728446051892,0.0839698389172554,2,mean,55
630,402,rejected,35,0.35,0.000685234503517106,0.00307854581430648,0.10202863812446594,1,max,402
631,19889,rejected,32,0.32,0.0007469031237513004,0.002990976164977527,0.07543393969535828,9,min,689
632,13258,rejected,8,0.08,0.0003062047044613936,0.0014318613108180076,0.07528078556060791,6,mean,202
633,6288,rejected,8,0.08,0.00027990347715681446,0.0014004536693425019,0.07746950536966324,3,mean,144
634,13336,rejected,33,0.33,0.0007147615749952098,0.002326627137081368,0.07637324184179306,6,mean,280
635,20258,confirmed,85,0.85,0.0021955837129883165,0.0067947253266585905,0.10753694176673889,9,mean,290
636,7071,rejected,19,0.19,0.0005202057408621761,0.0021974205758882016,0.10406669229269028,4,max,159
637,15893,rejected,13,0.13,0.0004059766242278219,0.0015770128849255875,0.0851387083530426,7,mean,533
638,2202,rejected,5,0.05,0.0002640339879612377,0.0021103625409518096,0.06863569468259811,1,mean,666
639,27460,rejected,7,0.07,0.0003533809184295139,0.001662161151293428,0.08935079723596573,12,mean,580
640,27253,rejected,5,0.05,0.0002110216275253884,0.0009886537180841478,0.07732941210269928,12,mean,373
641,13029,tentative,48,0.48,0.0009849985507897323,0.003709322553469252,0.13907240331172943,6,min,741
642,9,rejected,22,0.22,0.0005293181344713177,0.002070217079267726,0.11479224264621735,1,max,9
643,18205,rejected,19,0.19,0.00046119999372153233,0.001708060447190357,0.07270865142345428,8,mean,541
644,2284,rejected,12,0.12,0.00037570073701552714,0.0015846765250229044,0.08113611489534378,1,mean,748
645,23354,tentative,65,0.65,0.0014239164009257812,0.004528661899219486,0.1113031655550003,11,max,314
646,1544,tentative,45,0.45,0.0008951836898983583,0.0033844370867515622,0.07692653685808182,1,mean,8
647,20024,rejected,9,0.09,0.0003790609660602954,0.001606170487221001,0.08229296654462814,9,mean,56
648,13052,rejected,17,0.17,0.0004887736833881779,0.0023295789311649838,0.11021807789802551,6,min,764
649,6310,rejected,7,0.07,0.00026257784714543936,0.0016235201310869677,0.06516057997941971,3,mean,166
650,684,rejected,13,0.13,0.00037078058502347267,0.0016019473210986263,0.09629026800394058,1,max,684
651,17982,tentative,38,0.38,0.0007318814172572279,0.002546753424188513,0.08017901331186295,8,mean,318
652,20317,rejected,5,0.05,0.0003036449825769324,0.0015979795559426034,0.08901693671941757,9,mean,349
653,6739,rejected,11,0.11,0.000324310213022069,0.0015373468592040317,0.07716061174869537,3,mean,595
654,12216,tentative,42,0.42,0.0009008266617738243,0.0028748854610696345,0.12360690534114838,6,max,696
655,24953,confirmed,62,0.62,0.001238885253545297,0.003578211806055186,0.11203853040933609,11,mean,377
656,6229,rejected,36,0.36,0.0006819495681901052,0.002905061233416716,0.1091127023100853,3,mean,85
657,1473,rejected,14,0.14,0.0004475364464017996,0.0015996920204678722,0.10463870316743851,1,min,705
658,6794,rejected,4,0.04,0.0003229249898627376,0.0012580097682377473,0.06562831997871399,3,mean,650
659,20159,rejected,3,0.03,0.000201874704032307,0.001762910540931173,0.0803847536444664,9,mean,191
660,6370,rejected,1,0.01,0.00012539381825967983,0.000775760837476811,0.06415954977273941,3,mean,226
661,22754,confirmed,100,1.0,0.012125473299403302,0.022141625646531164,0.13203683495521545,10,mean,482
662,8998,rejected,12,0.12,0.0004761487306634225,0.0027425088523725777,0.08241194486618042,4,mean,550
663,230,rejected,15,0.15,0.000423139337547544,0.0020816412100025895,0.10627120733261108,1,max,230
664,24716,rejected,7,0.07,0.00027043673679946637,0.0015868264131741958,0.07765908539295197,11,mean,140
665,8776,tentative,54,0.54,0.0009834956253022527,0.002488438619884648,0.08806811273097992,4,mean,328
666,20023,confirmed,100,1.0,0.005301509012598076,0.011821567233924342,0.10551198571920395,9,mean,55
667,12321,rejected,26,0.26,0.0005658109298424732,0.002518202788484643,0.12324263900518417,6,min,33
668,1885,rejected,9,0.09,0.0003182193328865795,0.0016518498267888613,0.06612825393676758,1,mean,349
669,8943,rejected,1,0.01,0.00017537803949498352,0.0008369544832640487,0.0760720744729042,4,mean,495
670,6308,tentative,37,0.37,0.0007434255399580223,0.0031115989988349845,0.09553688019514084,3,mean,164
671,21940,rejected,20,0.2,0.0004849592213078208,0.002015759961980035,0.11193984746932983,10,min,436
672,4393,tentative,41,0.41,0.0007797246272740414,0.004253085765081939,0.06846292316913605,2,mean,553
673,10828,rejected,32,0.32,0.0006306317159677379,0.0022536834122323956,0.06914690136909485,5,mean,76
674,16122,rejected,3,0.03,0.00028880117408089313,0.0015063985211271847,0.08261580765247345,7,mean,762
675,10811,rejected,17,0.17,0.00041978558617232806,0.0015991694193925672,0.05934671312570572,5,mean,59
676,27416,rejected,22,0.22,0.0005414019233037676,0.00249680537131984,0.07677717506885529,12,mean,536
677,4695,rejected,1,0.01,0.00021517231396543134,0.0009857117472132798,0.10524571686983109,3,max,87
678,13211,rejected,34,0.34,0.0007350101299028546,0.0029166038601421782,0.12442969530820847,6,mean,155
679,5384,tentative,38,0.38,0.0006731265259133675,0.0021615557896630423,0.09201884269714355,3,min,8
680,17959,rejected,8,0.08,0.0003787062484813019,0.001306349107770275,0.09923875331878662,8,mean,295
681,20726,rejected,2,0.02,0.00020084240159130173,0.00143296929650228,0.09030947834253311,9,mean,758
682,3994,rejected,15,0.15,0.000502039733886754,0.0016315857996186212,0.060612909495830536,2,mean,154
683,5259,confirmed,98,0.98,0.005532047298584292,0.012160402157014388,0.16021424531936646,3,max,651
684,25012,rejected,1,0.01,0.00015808912642441102,0.0011434165978122805,0.061141375452280045,11,mean,436
685,15226,rejected,2,0.02,0.00012353483986913413,0.0009663090707325013,0.09289754182100296,7,min,634
686,4192,confirmed,96,0.96,0.003907684709333015,0.01148352974826084,0.07400475442409515,2,mean,352
687,18794,tentative,46,0.46,0.000843444625946595,0.0037371529993680953,0.09682640433311462,9,max,362
688,27355,rejected,3,0.03,0.0002004971836355786,0.0011545810976149253,0.08984984457492828,12,mean,475
689,4116,tentative,42,0.42,0.0008517125475906341,0.0033602729408389017,0.09811711311340332,2,mean,276
690,22279,tentative,43,0.43,0.0008328927558055556,0.002696870421030784,0.08402278274297714,10,mean,7
691,1458,rejected,2,0.02,0.00021540184639867507,0.0018493548148724968,0.10381482541561127,1,min,690
692,4321,tentative,39,0.39,0.0008524955083906065,0.0024994403409073765,0.0753863975405693,2,mean,481
693,17895,rejected,6,0.06,0.0002578602173272994,0.0012957975207890295,0.0875265896320343,8,mean,231
694,8719,rejected,4,0.04,0.00023242942340747836,0.0012300701906803931,0.0633683130145073,4,mean,271
695,25721,rejected,4,0.04,0.00026204904010733633,0.0011743294491040643,0.07345546036958694,12,max,377
696,11379,rejected,22,0.22,0.000577405384770045,0.0026883397231357857,0.062132544815540314,5,mean,627
697,2056,rejected,21,0.21,0.0005314074686230913,0.0021919576081149447,0.11503685265779495,1,mean,520
698,20071,tentative,63,0.63,0.001385182506864646,0.00392805936062415,0.09943222999572754,9,mean,103
699,1821,rejected,5,0.05,0.00020951531864521377,0.0014166594647481762,0.07038585841655731,1,mean,285
700,10725,confirmed,96,0.96,0.004158668441486727,0.009103808292364924,0.1272585242986679,5,min,741
701,21727,rejected,2,0.02,0.00017763767089844476,0.0009097020220621973,0.12121391296386719,10,min,223
702,27522,tentative,38,0.38,0.0007898525406908757,0.0029214556823340928,0.07472806423902512,12,mean,642
703,20594,tentative,45,0.45,0.0008574271744694442,0.0036041003354537705,0.08772169798612595,9,mean,626
704,16860,confirmed,76,0.76,0.0020527286308354878,0.006220212289661162,0.12843793630599976,8,max,732
705,4916,rejected,1,0.01,0.00028795333288159065,0.0014242899166554926,0.08104302734136581,3,max,308
706,8889,tentative,54,0.54,0.0010358865078090797,0.003829306928917099,0.10358131676912308,4,mean,441
707,22716,rejected,6,0.06,0.00025283482591211015,0.0010761875468587674,0.06804882735013962,10,mean,444
708,3233,rejected,15,0.15,0.0003970930540088311,0.00150850321346042,0.08687897771596909,2,min,161
709,2213,tentative,42,0.42,0.0008978155077590316,0.0035015567576146796,0.0820208191871643,1,mean,677
710,15272,tentative,64,0.64,0.0011969986488000633,0.0033748620948130382,0.0816941112279892,7,min,680
711,4166,rejected,8,0.08,0.00029705065105096546,0.0014058186757056918,0.07038003206253052,2,mean,326
712,15510,confirmed,76,0.76,0.0018073582867192436,0.006354271691047465,0.11847919970750809,7,mean,150
713,17940,confirmed,100,1.0,0.009488948931500166,0.01925652837683218,0.1282716691493988,8,mean,276
714,17365,rejected,9,0.09,0.00036270392186506164,0.0020162394194539962,0.10550630837678909,8,min,469
715,20316,tentative,48,0.48,0.0009581394464803659,0.002879622908078519,0.09633100032806396,9,mean,348
716,12745,rejected,1,0.01,0.00022028491280121534,0.0008150327739817091,0.0953374132514,6,min,457
717,2300,rejected,7,0.07,0.00023534553663949684,0.0015765211036556266,0.07092241197824478,1,mean,764
718,21124,confirmed,70,0.7,0.0014581129564558417,0.003947170392902587,0.07583373785018921,10,max,388
719,16441,rejected,6,0.06,0.00024453525601956226,0.0014024431202721349,0.07909801602363586,8,max,313
720,10803,rejected,11,0.11,0.0003906948956906986,0.0016885474987283146,0.08248511701822281,5,mean,51
721,3277,rejected,23,0.23,0.0005077262237625516,0.0027356990628695983,0.11413967609405518,2,min,205
722,3207,confirmed,98,0.98,0.007457002303086317,0.014383262956290728,0.1334090679883957,2,min,135
723,19404,rejected,8,0.08,0.00028056281547597634,0.001460668987579654,0.08682183176279068,9,min,204
724,27012,rejected,4,0.04,0.00027689513212001906,0.0018670605196737496,0.07120424509048462,12,mean,132
725,6679,tentative,43,0.43,0.0010001089591103497,0.0038094938996586863,0.10169129073619843,3,mean,535
726,6343,rejected,8,0.08,0.00024147797254802462,0.0013331607233802315,0.05941055342555046,3,mean,199
727,27339,rejected,29,0.29,0.000632715320162115,0.0027012272251459653,0.08821389824151993,12,mean,459
728,16088,rejected,17,0.17,0.00047764536708649695,0.0018387069765531455,0.06918246299028397,7,mean,728
729,12758,confirmed,96,0.96,0.0033641400762314646,0.00729968601502547,0.12680912017822266,6,min,470
730,1859,rejected,2,0.02,0.00022752025129592582,0.0012231488608165743,0.07423530519008636,1,mean,323
731,17121,rejected,8,0.08,0.00039518043222410516,0.0014443279628954674,0.09592915326356888,8,min,225
732,3223,rejected,9,0.09,0.00034914746796242587,0.001777747416627731,0.11372862756252289,2,min,151
733,1833,rejected,3,0.03,0.00023740337207029573,0.0014230603033114613,0.07828689366579056,1,mean,297
734,13372,tentative,47,0.47,0.0010249960620915422,0.0032747345626713505,0.10805340856313705,6,mean,316
735,2856,confirmed,83,0.83,0.0022828197345169015,0.006873561138944009,0.12081877887248993,2,max,552
736,22841,rejected,5,0.05,0.00030837952401843743,0.001683565940822569,0.06569822132587433,10,mean,569
737,22394,rejected,7,0.07,0.00028216183668765255,0.0018295074445803076,0.07043210417032242,10,mean,122
738,3026,tentative,60,0.6,0.0012429097446629003,0.004608925064506717,0.12179550528526306,2,max,722
739,19313,rejected,8,0.08,0.00031415106199768756,0.0014061718415036002,0.1319008469581604,9,min,113
740,22837,rejected,34,0.34,0.0006140241815306304,0.0020000206294873853,0.07380959391593933,10,mean,565
741,20476,tentative,41,0.41,0.0008577121280126388,0.0034567490160879355,0.0955410972237587,9,mean,508
742,2,rejected,11,0.11,0.0003869965357739536,0.0012557212596619033,0.08779976516962051,1,max,2
743,8772,confirmed,92,0.92,0.0024030145944050527,0.007342008407772484,0.08801799267530441,4,mean,324
744,2707,confirmed,100,1.0,0.006022126159204559,0.014668472896350555,0.1263396292924881,2,max,403
745,4492,rejected,9,0.09,0.00026552421550915723,0.0018905532295952535,0.06901857256889343,2,mean,652
746,15842,rejected,9,0.09,0.0003089851192907234,0.00151091144135443,0.07117819041013718,7,mean,482
747,4367,rejected,8,0.08,0.0002961643059373213,0.0012374811914006689,0.05902348831295967,2,mean,527
748,11286,rejected,8,0.08,0.0003332624861346748,0.0014083983507064287,0.07190324366092682,5,mean,534
749,16752,confirmed,98,0.98,0.005033335763966052,0.011681908149397433,0.12949945032596588,8,max,624
750,6037,rejected,16,0.16,0.00044812365898919945,0.002688931682202426,0.09578513354063034,3,min,661
751,17952,confirmed,76,0.76,0.0016807925902957174,0.00501333373505542,0.08900786936283112,8,mean,288
752,15454,rejected,6,0.06,0.0003508615536849321,0.0018041240292205399,0.08434449881315231,7,mean,94
753,7093,rejected,13,0.13,0.000403150353150164,0.001467291370591531,0.09188401699066162,4,max,181
754,20099,rejected,6,0.06,0.0002391746493023366,0.0010889231939083858,0.09220995008945465,9,mean,131
755,6667,confirmed,99,0.99,0.004547792690014259,0.010710544821721542,0.10490143299102783,3,mean,523
756,4586,tentative,64,0.64,0.001424641770590775,0.004775516471154498,0.07624145597219467,2,mean,746
757,1521,rejected,10,0.1,0.0003466222001984598,0.0013959864474785075,0.1002751812338829,1,min,753
758,27511,tentative,57,0.57,0.0010673940952692518,0.002767949186108341,0.07328993082046509,12,mean,631
759,2564,rejected,23,0.23,0.0005232943707348512,0.0030076890232257616,0.09987899661064148,2,max,260
760,6848,rejected,5,0.05,0.00025811518115624317,0.001547198888095338,0.059605758637189865,3,mean,704
761,20484,tentative,59,0.59,0.0010269161966687975,0.00297268335222829,0.07924885302782059,9,mean,516
762,6357,rejected,28,0.28,0.000633248009490788,0.003580357185540133,0.06790107488632202,3,mean,213
763,1715,rejected,21,0.21,0.0004733330477392141,0.0020236240540937936,0.11077673733234406,1,mean,179
764,13606,rejected,4,0.04,0.00021456890489338065,0.0012129656887359046,0.07351183146238327,6,mean,550
765,14278,tentative,38,0.38,0.0007507258447507804,0.0020700438053671963,0.09480813145637512,7,max,454
766,9784,confirmed,75,0.75,0.0016936906628149185,0.004961229667510099,0.11002478003501892,5,max,568
767,2205,rejected,10,0.1,0.00026528871347704624,0.0016336063688186472,0.09789582341909409,1,mean,669
768,13485,rejected,8,0.08,0.0003225209943329676,0.0017293251650783666,0.07138654589653015,6,mean,429
769,25107,rejected,8,0.08,0.0003523051189278384,0.0013930783189974806,0.070882149040699,11,mean,531
770,17966,confirmed,67,0.67,0.00155152044282486,0.00482677930036802,0.13256153464317322,8,mean,302
771,13461,rejected,3,0.03,0.00018923324714334658,0.001087322933694896,0.07154074311256409,6,mean,405
772,1777,tentative,46,0.46,0.0008848435764654693,0.003778793591544324,0.060317929834127426,1,mean,241
773,6589,confirmed,75,0.75,0.001799279134457354,0.005866277570364324,0.08555150032043457,3,mean,445
774,21568,confirmed,100,1.0,0.005345515455240682,0.011738351212161187,0.12019892781972885,10,min,64
775,1173,rejected,15,0.15,0.0004625468163234122,0.0017038987601382032,0.1015758290886879,1,min,405
776,11375,rejected,13,0.13,0.0004329827867424791,0.0015768781932674531,0.08544863015413284,5,mean,623
777,17943,rejected,13,0.13,0.00038481008746496563,0.001445990906014674,0.08144080638885498,8,mean,279
778,1716,rejected,4,0.04,0.0001773866629077931,0.0012370006665577003,0.07928658276796341,1,mean,180
779,16722,rejected,21,0.21,0.0005216859763030224,0.001950715688383222,0.08447745442390442,8,max,594
780,22432,rejected,2,0.02,0.00019283410450413093,0.001122316877065371,0.07165169715881348,10,mean,160
781,21859,tentative,43,0.43,0.0008411547422674296,0.00248240883022167,0.1433917135000229,10,min,355
782,11022,rejected,1,0.01,0.0001641295909696805,0.0008608750679165427,0.08083152770996094,5,mean,270
783,5648,confirmed,69,0.69,0.0014024599886058497,0.005471489597972353,0.09278542548418045,3,min,272
784,9948,confirmed,80,0.8,0.001926407917217287,0.006771972310719817,0.12445943802595139,5,max,732
785,9926,rejected,17,0.17,0.0004051902221633648,0.002045116282441236,0.0874369665980339,5,max,710
786,10800,rejected,9,0.09,0.0004042032971710626,0.00174750544200936,0.08382608741521835,5,mean,48
787,24686,rejected,6,0.06,0.00026469855138479146,0.0011169671458875648,0.06374485790729523,11,mean,110
788,22960,confirmed,70,0.7,0.0014333998198684378,0.004946713117836695,0.0855688750743866,10,mean,688
789,7981,rejected,29,0.29,0.000643856538181675,0.002949666093644765,0.10208139568567276,4,min,301
790,4318,rejected,5,0.05,0.00022436421309536436,0.0010804250097385094,0.0642663985490799,2,mean,478
791,20730,rejected,0,0.0,0.0001966612243528635,0.000691721349793268,0.0921654924750328,9,mean,762
792,26689,rejected,16,0.16,0.0004366149790142556,0.0017752714860932673,0.0765591636300087,12,min,577
793,8302,rejected,5,0.05,0.0003338302139103657,0.001980936846883879,0.10315654426813126,4,min,622
794,15332,rejected,5,0.05,0.000242190497324396,0.0014303746564508619,0.1064358800649643,7,min,740
795,7786,rejected,10,0.1,0.0003733708903591189,0.0015687471001161564,0.10016704350709915,4,min,106
796,732,rejected,14,0.14,0.0003739293443110448,0.0015973410312543248,0.09100188314914703,1,max,732
797,2181,rejected,2,0.02,0.0002556529467173977,0.001993169453927136,0.06918554753065109,1,mean,645
798,20360,rejected,5,0.05,0.00029003387991981836,0.0011744300912898875,0.08742235600948334,9,mean,392
799,21248,rejected,22,0.22,0.0005980118983770978,0.002273441875250342,0.12945032119750977,10,max,512
800,8491,tentative,36,0.36,0.0007295746086370773,0.0021019144748539247,0.06073290854692459,4,mean,43
801,27342,rejected,19,0.19,0.000523510888370042,0.002659662447965113,0.07855860888957977,12,mean,462
802,21898,rejected,13,0.13,0.00036187319156624987,0.0014669816474211846,0.10341208428144455,10,min,394
803,3072,rejected,6,0.06,0.00020068675533824944,0.0010202671134659888,0.0865745097398758,2,min,0
804,15395,tentative,60,0.6,0.0011772396125027088,0.004409387715723634,0.08726458996534348,7,mean,35
805,2225,rejected,3,0.03,0.00021408172974160658,0.0014907464069298928,0.08212025463581085,1,mean,689
806,2657,rejected,4,0.04,0.00026227327782111045,0.0013446511464554939,0.1095823124051094,2,max,353
807,4562,tentative,49,0.49,0.0010303338050929884,0.004661858852143471,0.10380510985851288,2,mean,722
808,17804,rejected,0,0.0,0.00012205098297322349,0.0008744199786159044,0.07629365473985672,8,mean,140
809,943,tentative,56,0.56,0.0012342740432308224,0.004189747072884054,0.09619104862213135,1,min,175
810,6409,rejected,16,0.16,0.0003622101626604417,0.001968534813862803,0.071266770362854,3,mean,265
811,17807,confirmed,95,0.95,0.00415330260021406,0.009659254381596975,0.13020804524421692,8,mean,143
812,21910,rejected,30,0.3,0.000717362450287392,0.0036052565043109283,0.09068034589290619,10,min,406
813,6450,tentative,44,0.44,0.0008101452889371667,0.002855727113524542,0.059081293642520905,3,mean,306
814,1815,confirmed,80,0.8,0.001791118987865988,0.004227084940241426,0.06810944527387619,1,mean,279
815,6477,rejected,8,0.08,0.0003390029009390235,0.001287096695066125,0.07246069610118866,3,mean,333
816,18186,confirmed,80,0.8,0.0018494264577735683,0.005274778065038084,0.10125020146369934,8,mean,522
817,752,rejected,11,0.11,0.0004657883031910344,0.0016780095986794015,0.08305836468935013,1,max,752
818,20100,rejected,1,0.01,0.00024201170481699455,0.001881490858124724,0.05968160927295685,9,mean,132
819,9005,confirmed,83,0.83,0.002565181276705954,0.009550517867090595,0.14404182136058807,4,mean,557
820,5053,confirmed,94,0.94,0.002975031656978861,0.007219077484403258,0.10788699984550476,3,max,445
821,13257,tentative,60,0.6,0.0012087114468633724,0.004099816841335505,0.08533484488725662,6,mean,201
822,24606,rejected,3,0.03,0.00024703124180983955,0.0011020220523781199,0.06261027604341507,11,mean,30
823,8213,rejected,8,0.08,0.00030875625493172816,0.0011568465142317483,0.09413214772939682,4,min,533
824,13252,confirmed,80,0.8,0.002060015733544025,0.005601246984562378,0.11883018165826797,6,mean,196
825,654,rejected,22,0.22,0.0005117471156629998,0.002331680712401921,0.09059023857116699,1,max,654
826,4100,rejected,4,0.04,0.0002666648017779032,0.00144795256015667,0.06330519914627075,2,mean,260
827,21184,rejected,6,0.06,0.00024209722562770945,0.0012889918437531311,0.07761022448539734,10,max,448
828,7939,rejected,2,0.02,0.0001946927792720154,0.0013781441356666255,0.11886759102344513,4,min,259
829,22717,rejected,1,0.01,0.00025241291115616607,0.001029913721303105,0.06557464599609375,10,mean,445
830,10422,rejected,2,0.02,0.00017595664878949262,0.0013924810639191426,0.07381460815668106,5,min,438
831,26694,rejected,32,0.32,0.0007522673079547865,0.0028845786951701945,0.09564902633428574,12,min,582
832,13362,rejected,4,0.04,0.0002604917397691175,0.0013658579872169046,0.06815313547849655,6,mean,306
833,1900,confirmed,96,0.96,0.0038062238394136107,0.010933833064033055,0.10457994788885117,1,mean,364
834,21728,rejected,4,0.04,0.00022009953792234788,0.0009629893399963725,0.1070878654718399,10,min,224
835,20243,rejected,16,0.16,0.00034546262065121846,0.00144198187540073,0.10778214782476425,9,mean,275
836,6178,rejected,0,0.0,0.0001342131074844756,0.0007053690489285299,0.060195211321115494,3,mean,34
837,15493,confirmed,100,1.0,0.006422601223771049,0.01344248127620385,0.1069447249174118,7,mean,133
838,26266,rejected,3,0.03,0.00021181231519799463,0.0014712680262757856,0.07789099961519241,12,min,154
839,27271,rejected,10,0.1,0.00033568832256971167,0.0013033337209330366,0.06709381192922592,12,mean,391
840,6020,rejected,28,0.28,0.0005713813833407023,0.002728920370117826,0.106834277510643,3,min,644
841,1568,rejected,4,0.04,0.00025235793025615654,0.0016283792333593983,0.06165721267461777,1,mean,32
842,10842,rejected,9,0.09,0.00029647096265526335,0.002299076343541249,0.12331130355596542,5,mean,90
843,2303,rejected,7,0.07,0.00031822215566957185,0.0014381864506291216,0.08698147535324097,1,mean,767
844,24780,rejected,3,0.03,0.0002781869016256295,0.0015194139417640281,0.06167454272508621,11,mean,204
845,1905,rejected,16,0.16,0.00040853877980525613,0.0025460906043199612,0.09451489895582199,1,mean,369
846,9996,rejected,4,0.04,0.00021906369686714965,0.0016031035397051506,0.082337386906147,5,min,12
847,2393,rejected,0,0.0,0.00013703419484732888,0.0008368335863276758,0.08612717688083649,2,max,89
848,6834,rejected,34,0.34,0.0007067216839723222,0.0022891137370836213,0.08194372057914734,3,mean,690
849,11053,tentative,46,0.46,0.0010030043262348972,0.0035142633039522814,0.09614499658346176,5,mean,301
850,27085,rejected,26,0.26,0.0006110995622854909,0.0029219625153786666,0.07866991311311722,12,mean,205
851,17820,rejected,1,0.01,0.00018679058301767463,0.0007775062989981272,0.06773776561021805,8,mean,156
852,4281,confirmed,70,0.7,0.0012613644563223547,0.003093042040832844,0.11729702353477478,2,mean,441
853,13764,rejected,4,0.04,0.0002406476975250135,0.0010531239981060746,0.06705129146575928,6,mean,708
854,24101,rejected,9,0.09,0.0003730750562035934,0.0011676154403031183,0.10011721402406693,11,min,293
855,4459,tentative,57,0.57,0.0010897629058403684,0.003409186654417504,0.08235592395067215,2,mean,619
856,14110,tentative,43,0.43,0.0009269661914003345,0.005208351791937555,0.08775839954614639,7,max,286
857,2012,rejected,5,0.05,0.00021821537154181875,0.0010247116776965462,0.07170338183641434,1,mean,476
858,2439,confirmed,68,0.68,0.0015638686489308517,0.0061904905949380345,0.13178515434265137,2,max,135
859,27287,rejected,27,0.27,0.0006065970635153921,0.00222028267644875,0.0591585710644722,12,mean,407
860,9491,confirmed,66,0.66,0.0016041634808245536,0.004611666803290907,0.12308934330940247,5,max,275
861,18292,rejected,3,0.03,0.00029721338421417285,0.0010372466797274804,0.059245068579912186,8,mean,628
862,24713,rejected,2,0.02,0.00020411137501527197,0.0010790534914851403,0.06965340673923492,11,mean,137
863,20351,confirmed,87,0.87,0.002465164146326889,0.006664732429614716,0.131792351603508,9,mean,383
864,7135,tentative,51,0.51,0.000986844099480353,0.003598399914190131,0.11589944362640381,4,max,223
865,1822,rejected,18,0.18,0.0005216595268939822,0.0028876845161223976,0.07015317678451538,1,mean,286
866,15607,rejected,8,0.08,0.00036122242046573744,0.001244562276497631,0.07002189755439758,7,mean,247
867,4218,rejected,33,0.33,0.0006531991946547278,0.0025202134387081144,0.08115888386964798,2,mean,378
868,19764,rejected,23,0.23,0.0005850752612391763,0.002292630704288586,0.10790106654167175,9,min,564
869,11516,rejected,34,0.34,0.0006547831277929325,0.0025398203232050464,0.08254868537187576,5,mean,764
870,14117,tentative,66,0.66,0.0013507699672236071,0.00373899125149927,0.11724881082773209,7,max,293
871,15426,rejected,2,0.02,0.00016434116275391728,0.0012146026502420483,0.07269291579723358,7,mean,66
872,22845,rejected,10,0.1,0.0003641551127921091,0.0018356797161707791,0.07970843464136124,10,mean,573
873,13533,rejected,20,0.2,0.0004898566577795086,0.0015955481183009186,0.07687296718358994,6,mean,477
874,13169,tentative,50,0.5,0.0010161416359453694,0.0038620341420579087,0.08268192410469055,6,mean,113
875,5796,confirmed,70,0.7,0.0015369385658416134,0.00505254918134292,0.12472505867481232,3,min,420
876,9157,rejected,20,0.2,0.0005110312778879153,0.0025327595698124935,0.1059882864356041,4,mean,709
877,22941,rejected,2,0.02,0.0003119307364999522,0.0011189959453925744,0.07462454587221146,10,mean,669
878,6925,confirmed,100,1.0,0.004431920031504135,0.011568515110674037,0.12818469107151031,4,max,13
879,9092,rejected,15,0.15,0.0004459020021955179,0.002466032230680469,0.08574423938989639,4,mean,644
880,9410,rejected,10,0.1,0.00041062637047841995,0.0012681884957964134,0.11352971196174622,5,max,194
881,4078,rejected,4,0.04,0.00021593179019586256,0.0012294307951332577,0.09802044928073883,2,mean,238
882,22272,rejected,3,0.03,0.00028057034714808513,0.0014823192114804355,0.07453368604183197,10,mean,0
883,10134,rejected,9,0.09,0.0003629204056017673,0.0012661420521308663,0.09972330927848816,5,min,150
884,9099,tentative,62,0.62,0.0014077492850505641,0.003968014832019577,0.09390038996934891,4,mean,651
885,13403,confirmed,66,0.66,0.0015464329645175745,0.004967622632222234,0.10652582347393036,6,mean,347
886,16711,rejected,4,0.04,0.00021940237450495434,0.0010182158472690677,0.08395116031169891,8,max,583
887,5108,rejected,5,0.05,0.00024322665191986502,0.0012487056317677426,0.08776424080133438,3,max,500
888,20490,rejected,1,0.01,0.0002251606886919098,0.0014140184773581326,0.09097404778003693,9,mean,522
889,4002,rejected,16,0.16,0.000430279279292115,0.002210408811224096,0.06100207194685936,2,mean,162
890,24864,rejected,14,0.14,0.00039607832184302316,0.0019732840883618687,0.08762037754058838,11,mean,288
891,991,rejected,17,0.17,0.00041535258825371534,0.0016126862393911823,0.08499084413051605,1,min,223
892,7205,confirmed,75,0.75,0.0016060299523748761,0.004936669479679257,0.07819442451000214,4,max,293
893,14156,rejected,17,0.17,0.00040362073390575706,0.0016156329613995822,0.09984838217496872,7,max,332
894,4170,tentative,35,0.35,0.000714005362528691,0.002917319724204312,0.05820522457361221,2,mean,330
895,5211,tentative,64,0.64,0.0011637184394509088,0.0043816158864797864,0.08441763371229172,3,max,603
896,11681,rejected,3,0.03,0.000250906589879546,0.001259645607316858,0.09840594977140427,6,max,161
897,4096,rejected,8,0.08,0.000324041694849125,0.0017316666751510433,0.09079208225011826,2,mean,256
898,5990,rejected,35,0.35,0.0007145407268632839,0.0023282855482763317,0.11156830936670303,3,min,614
899,21887,confirmed,80,0.8,0.00200713758082535,0.005414526843817069,0.12253224849700928,10,min,383
900,6157,rejected,30,0.3,0.0007472337131746339,0.0026324044232527172,0.06045211851596832,3,mean,13
901,8617,rejected,0,0.0,0.00018905534016226192,0.0007965444102659611,0.0737605094909668,4,mean,169
902,1336,rejected,2,0.02,0.00020046380742738714,0.0008911090857629762,0.09522610157728195,1,min,568
903,15759,rejected,14,0.14,0.00040253614007026447,0.0016550812719313768,0.06333404779434204,7,mean,399
904,2159,rejected,2,0.02,0.00020461407615956,0.001028438841501292,0.060075435787439346,1,mean,623
905,9542,rejected,13,0.13,0.0004599309945377973,0.001336864176823969,0.08652760833501816,5,max,326
906,27387,rejected,3,0.03,0.00032643251601041716,0.0014217629080141843,0.06431304663419724,12,mean,507
907,6044,rejected,15,0.15,0.0004342947804203513,0.0019314762015952736,0.12398139387369156,3,min,668
908,7155,rejected,5,0.05,0.00030209165060492615,0.001187677969370246,0.08794106543064117,4,max,243
909,11384,rejected,4,0.04,0.00024315827107263064,0.0016374637393591672,0.0644400492310524,5,mean,632
910,20309,rejected,19,0.19,0.0004568249188833869,0.001707942828471151,0.12109388411045074,9,mean,341
911,3327,rejected,8,0.08,0.0002797690766743951,0.0015077572067713557,0.08819623291492462,2,min,255
912,2033,rejected,20,0.2,0.0004928588233108313,0.0022505091356918336,0.08102143555879593,1,mean,497
913,20634,tentative,42,0.42,0.0008538344135791763,0.002545723995478683,0.11903663724660873,9,mean,666
914,11064,rejected,16,0.16,0.00045555613190063275,0.00146719171905619,0.06124260649085045,5,mean,312
915,23003,rejected,5,0.05,0.0002733613820299092,0.0013507712879772796,0.057395949959754944,10,mean,731
916,13273,rejected,11,0.11,0.00045610378458426493,0.0015238394902617168,0.07318137586116791,6,mean,217
917,7172,rejected,9,0.09,0.0003664976102712023,0.0014634113591394282,0.09940124303102493,4,max,260
918,12728,tentative,39,0.39,0.0007985193826804638,0.002674460403882214,0.0992753729224205,6,min,440
919,13234,rejected,10,0.1,0.0003512059272578803,0.0013588530963730427,0.11384111642837524,6,mean,178
920,1324,rejected,11,0.11,0.00033967834418611293,0.0018250171620591894,0.08564233779907227,1,min,556
921,23587,rejected,5,0.05,0.00027046304071580966,0.0022438320808238392,0.0912572517991066,11,max,547
922,8727,rejected,4,0.04,0.0002005293403622258,0.00125999247394084,0.06368710100650787,4,mean,279
923,9158,rejected,25,0.25,0.0005955588735405977,0.003343087261543333,0.06224803626537323,4,mean,710
924,6282,rejected,1,0.01,0.00016399079180222611,0.0009890161257262943,0.06543390452861786,3,mean,138
925,22336,confirmed,100,1.0,0.007295942997036758,0.013945085626907584,0.12866097688674927,10,mean,64
926,23459,rejected,29,0.29,0.0006077711081863386,0.0021845681098362113,0.08872757107019424,11,max,419
927,20157,rejected,14,0.14,0.0004994892765480314,0.001724604342988114,0.09168057888746262,9,mean,189
928,24480,rejected,8,0.08,0.00032109979954485744,0.0013471109043168413,0.09520865231752396,11,min,672
929,15732,rejected,24,0.24,0.0005192561487070047,0.0020203533660927636,0.06506826728582382,7,mean,372
930,4655,confirmed,91,0.91,0.0033812841587428644,0.009420473449642282,0.12616251409053802,3,max,47
931,17320,rejected,17,0.17,0.0005179472382048882,0.002351681158004145,0.073165163397789,8,min,424
932,24584,rejected,8,0.08,0.0002987906977347098,0.001535673091111355,0.08205654472112656,11,mean,8
933,24660,rejected,13,0.13,0.00044384206781085194,0.0014191251963636543,0.06991960108280182,11,mean,84
934,13698,tentative,38,0.38,0.0009013253892989135,0.004589052082028039,0.10397861897945404,6,mean,642
935,1003,rejected,24,0.24,0.0005423086999880865,0.0016836895560482573,0.0912531390786171,1,min,235
936,22096,rejected,15,0.15,0.0005109011567109693,0.002018328722755134,0.08736975491046906,10,min,592
937,25067,rejected,10,0.1,0.0002970091152325163,0.0015143732517180594,0.09739910066127777,11,mean,491
938,11066,rejected,3,0.03,0.00017089606769299715,0.0013193314911534271,0.10416053980588913,5,mean,314
939,22066,rejected,0,0.0,0.0002782716106773362,0.0009218961331983653,0.07633139938116074,10,min,562
940,10871,rejected,35,0.35,0.000703813362783621,0.002150430124420872,0.08053208142518997,5,mean,119
941,805,rejected,13,0.13,0.00040068242244138046,0.0017034904852068918,0.08097383379936218,1,min,37
942,9066,rejected,8,0.08,0.00035111459964755673,0.001367651801776186,0.07289767265319824,4,mean,618
943,8713,tentative,34,0.34,0.0007639218719901763,0.002526768938619372,0.08424537628889084,4,mean,265
944,15567,tentative,50,0.5,0.0010349202269985633,0.003639926965005974,0.06764495372772217,7,mean,207
945,6394,rejected,24,0.24,0.0005397218860303024,0.0017834679103808932,0.07987234741449356,3,mean,250
946,25033,rejected,19,0.19,0.0005456161537618948,0.0017168006441398592,0.0808110460639,11,mean,457
947,23556,rejected,12,0.12,0.0004801035198839078,0.0019288797801090822,0.10297780483961105,11,max,516
948,25453,confirmed,72,0.72,0.0016845598973987777,0.005263289492320242,0.12256915867328644,12,max,109
949,2574,rejected,0,0.0,0.00016657525111664218,0.0008398624456375709,0.08493085205554962,2,max,270
950,8572,rejected,19,0.19,0.0005346558073130067,0.0026721889263719564,0.06739132851362228,4,mean,124
951,7144,rejected,5,0.05,0.00030494163068596144,0.0013331160818955924,0.10520870983600616,4,max,232
952,5594,rejected,14,0.14,0.0004778918286635103,0.0024544563939006506,0.0828709527850151,3,min,218
953,15702,confirmed,87,0.87,0.0025023917351331753,0.006126582741034408,0.0973767340183258,7,mean,342
954,12011,rejected,26,0.26,0.0006099359133914542,0.0022035336333705194,0.07923007011413574,6,max,491
955,15402,rejected,4,0.04,0.0002499445813424334,0.0013576345928025984,0.10684879124164581,7,mean,42
956,13347,confirmed,80,0.8,0.0017684141752657275,0.004447636247840965,0.07674050331115723,6,mean,291
957,27569,rejected,3,0.03,0.000235181035450147,0.0012600014494618483,0.057775821536779404,12,mean,689
958,8708,rejected,5,0.05,0.00031496227799010263,0.0013706445280330783,0.06337152421474457,4,mean,260
959,12252,confirmed,99,0.99,0.0037214774143547887,0.00953651253729825,0.13803702592849731,6,max,732
960,20544,rejected,9,0.09,0.00039872962905206246,0.001611739925250895,0.073738694190979,9,mean,576
961,7389,rejected,15,0.15,0.0004199663152445527,0.0019911636888058177,0.09117860347032547,4,max,477
962,20540,rejected,10,0.1,0.00029952877881896155,0.0014883921405152993,0.09648677706718445,9,mean,572
963,17944,rejected,4,0.04,0.0002646572846024687,0.0010914445424741082,0.09227051585912704,8,mean,280
964,1948,rejected,11,0.11,0.00034848116300371983,0.0019242872527493982,0.10825855284929276,1,mean,412
965,8591,rejected,4,0.04,0.00019669057243185825,0.0012515805035476068,0.09151856601238251,4,mean,143
966,562,rejected,15,0.15,0.0003581772178364137,0.0017529510797076216,0.09061305969953537,1,max,562
967,27424,rejected,3,0.03,0.00025348979457226245,0.0011125233312429342,0.06533131748437881,12,mean,544
968,6856,rejected,8,0.08,0.00031893323181950454,0.00156372494950714,0.07076086103916168,3,mean,712
969,11484,confirmed,90,0.9,0.0032575986599755265,0.00884107651813272,0.12596844136714935,5,mean,732
970,20565,rejected,1,0.01,0.00020651956041753264,0.0010668251824061722,0.06438510119915009,9,mean,597
971,18287,rejected,2,0.02,0.0002471046063755497,0.0013565928121967042,0.08592257648706436,8,mean,623
972,4383,tentative,36,0.36,0.0008365942251496731,0.002799027677866825,0.05737047269940376,2,mean,543
973,8136,rejected,5,0.05,0.00027043688358429485,0.0011909693324291578,0.08132097870111465,4,min,456
974,6412,rejected,5,0.05,0.0003055936585812446,0.0016657553728876703,0.06727001070976257,3,mean,268
975,11675,rejected,12,0.12,0.00045198403132261546,0.003054763184259825,0.11656524240970612,6,max,155
976,21692,rejected,30,0.3,0.0005741069240327163,0.002411981186482528,0.08988513797521591,10,min,188
977,24905,rejected,3,0.03,0.00023477844731959585,0.0013578500066471536,0.0696706771850586,11,mean,329
978,23199,rejected,4,0.04,0.00029020781262271777,0.0011930598601230984,0.09379599243402481,11,max,159
979,25063,confirmed,68,0.68,0.0015167801114824404,0.006132544808084093,0.10751976817846298,11,mean,487
980,12869,rejected,27,0.27,0.0005700905794420555,0.0024423364928204006,0.12383141368627548,6,min,581
981,9047,rejected,9,0.09,0.0003601834669953363,0.0015738305243896884,0.061292391270399094,4,mean,599
982,6504,tentative,39,0.39,0.000741855680994255,0.0024747472966118586,0.12110912054777145,3,mean,360
983,23132,rejected,2,0.02,0.00019169203823015887,0.0011761136281620505,0.08797585964202881,11,max,92
984,22906,rejected,1,0.01,0.00022105812603827186,0.0009954861971281348,0.06153527647256851,10,mean,634
985,6762,rejected,15,0.15,0.0004404896961149973,0.002118989340858091,0.05916399508714676,3,mean,618
986,16931,rejected,29,0.29,0.0006993482541615469,0.002756612246793417,0.09143602848052979,8,min,35
987,12229,confirmed,98,0.98,0.004175260443108284,0.011616869235275475,0.10626861453056335,6,max,709
988,6268,rejected,13,0.13,0.0003212963970510943,0.0023049599959748665,0.06642139703035355,3,mean,124
989,833,rejected,12,0.12,0.00039300045826853056,0.0022044491690657348,0.09826742857694626,1,min,65
990,7331,rejected,17,0.17,0.00041434107214155253,0.001967116290145303,0.09545256197452545,4,max,419
991,20361,tentative,35,0.35,0.0007551783709055421,0.002806884331485367,0.07821749895811081,9,mean,393
992,20016,rejected,34,0.34,0.0007214313082665146,0.0037828089691315046,0.08370029181241989,9,mean,48
993,1439,rejected,28,0.28,0.0006032266266959248,0.002371130076879665,0.08858229964971542,1,min,671
994,20454,rejected,0,0.0,0.00012886732641473146,0.0006721443898188312,0.06037082150578499,9,mean,486
995,1126,tentative,39,0.39,0.0008028129028090081,0.00345982439873939,0.0916968584060669,1,min,358
996,1819,rejected,21,0.21,0.0005089182149723434,0.002603458763022805,0.09948743879795074,1,mean,283
997,25540,tentative,41,0.41,0.0008248020597162954,0.0027872288714576765,0.0845300629734993,12,max,196
998,25242,rejected,2,0.02,0.00013464374863413523,0.0009095415357728506,0.0591951385140419,11,mean,666
999,6821,rejected,12,0.12,0.0004236444851601396,0.0016171851072336188,0.06486544758081436,3,mean,677
1000,18052,confirmed,71,0.71,0.0015791586981839423,0.004953700623622627,0.1007506400346756,8,mean,388
