roi_uid,label,notes,sample,group_id,roi_index,object,split,image_path,gallery_overlay_path,combined_overlay_path,roi_crop_path,x_min,y_min,x_max,y_max,sam_predicted_iou,sam_mask_area_px,selected_patch_count,selected_patch_fraction,region_max_score,region_mass,primary_peak_score
good_test/2026_03_11-09_23_27-388.png__roi_000,,,good_test/2026_03_11-09_23_27-388.png,good_test/2026_03_11-09_23_27-388.png,0,normalmap,custom_eval,C:\anomalydino_data_single_object_normalmap\normalmap\test\good\2026_03_11-09_23_27-388.png,C:\ai\AnomalyDINO\results_CUSTOM\dinov3_vitb16_688\8-shot_preprocess=force_no_mask_no_rotation_bestsearch8_fast20greedy_maxanomap_res688_evaltrain_20260413\hq_sam_outputs_batch\roi_crops_peak_hysteresis_h0.5_l0.2_merge3bridge0.1_seed=0_sam_hq_vit_tiny\combined_overlay_gallery_flat\good_test\2026_03_11-09_23_27-388.png,C:\ai\AnomalyDINO\results_CUSTOM\dinov3_vitb16_688\8-shot_preprocess=force_no_mask_no_rotation_bestsearch8_fast20greedy_maxanomap_res688_evaltrain_20260413\hq_sam_outputs_batch\roi_crops_peak_hysteresis_h0.5_l0.2_merge3bridge0.1_seed=0_sam_hq_vit_tiny\good_test\2026_03_11-09_23_27-388\combined_overlay.png,,440,203,508,271,0.7296725511550903,2507,4,0.0016611295681063123,0.06936666369438171,0.07200244069099426,0.06936666369438171
good_test/2026_03_11-09_23_27-388.png__roi_001,,,good_test/2026_03_11-09_23_27-388.png,good_test/2026_03_11-09_23_27-388.png,1,normalmap,custom_eval,C:\anomalydino_data_single_object_normalmap\normalmap\test\good\2026_03_11-09_23_27-388.png,C:\ai\AnomalyDINO\results_CUSTOM\dinov3_vitb16_688\8-shot_preprocess=force_no_mask_no_rotation_bestsearch8_fast20greedy_maxanomap_res688_evaltrain_20260413\hq_sam_outputs_batch\roi_crops_peak_hysteresis_h0.5_l0.2_merge3bridge0.1_seed=0_sam_hq_vit_tiny\combined_overlay_gallery_flat\good_test\2026_03_11-09_23_27-388.png,C:\ai\AnomalyDINO\results_CUSTOM\dinov3_vitb16_688\8-shot_preprocess=force_no_mask_no_rotation_bestsearch8_fast20greedy_maxanomap_res688_evaltrain_20260413\hq_sam_outputs_batch\roi_crops_peak_hysteresis_h0.5_l0.2_merge3bridge0.1_seed=0_sam_hq_vit_tiny\good_test\2026_03_11-09_23_27-388\combined_overlay.png,,576,102,644,237,0.6203088760375977,6502,10,0.004152823920265781,0.06034129858016968,0.1690017282962799,0.06034129858016968
good_test/2026_03_11-09_29_27-472.png__roi_000,,,good_test/2026_03_11-09_29_27-472.png,good_test/2026_03_11-09_29_27-472.png,0,normalmap,custom_eval,C:\anomalydino_data_single_object_normalmap\normalmap\test\good\2026_03_11-09_29_27-472.png,C:\ai\AnomalyDINO\results_CUSTOM\dinov3_vitb16_688\8-shot_preprocess=force_no_mask_no_rotation_bestsearch8_fast20greedy_maxanomap_res688_evaltrain_20260413\hq_sam_outputs_batch\roi_crops_peak_hysteresis_h0.5_l0.2_merge3bridge0.1_seed=0_sam_hq_vit_tiny\combined_overlay_gallery_flat\good_test\2026_03_11-09_29_27-472.png,C:\ai\AnomalyDINO\results_CUSTOM\dinov3_vitb16_688\8-shot_preprocess=force_no_mask_no_rotation_bestsearch8_fast20greedy_maxanomap_res688_evaltrain_20260413\hq_sam_outputs_batch\roi_crops_peak_hysteresis_h0.5_l0.2_merge3bridge0.1_seed=0_sam_hq_vit_tiny\good_test\2026_03_11-09_29_27-472\combined_overlay.png,,644,576,677,609,0.759618878364563,671,1,0.0004152823920265781,0.10079041123390198,0.07965904474258423,0.10079041123390198
good_test/2026_03_11-09_29_27-472.png__roi_001,,,good_test/2026_03_11-09_29_27-472.png,good_test/2026_03_11-09_29_27-472.png,1,normalmap,custom_eval,C:\anomalydino_data_single_object_normalmap\normalmap\test\good\2026_03_11-09_29_27-472.png,C:\ai\AnomalyDINO\results_CUSTOM\dinov3_vitb16_688\8-shot_preprocess=force_no_mask_no_rotation_bestsearch8_fast20greedy_maxanomap_res688_evaltrain_20260413\hq_sam_outputs_batch\roi_crops_peak_hysteresis_h0.5_l0.2_merge3bridge0.1_seed=0_sam_hq_vit_tiny\combined_overlay_gallery_flat\good_test\2026_03_11-09_29_27-472.png,C:\ai\AnomalyDINO\results_CUSTOM\dinov3_vitb16_688\8-shot_preprocess=force_no_mask_no_rotation_bestsearch8_fast20greedy_maxanomap_res688_evaltrain_20260413\hq_sam_outputs_batch\roi_crops_peak_hysteresis_h0.5_l0.2_merge3bridge0.1_seed=0_sam_hq_vit_tiny\good_test\2026_03_11-09_29_27-472\combined_overlay.png,,542,271,576,339,0.8120263814926147,985,2,0.0008305647840531562,0.08256295323371887,0.11463719606399536,0.08256295323371887
good_test/2026_03_11-09_29_27-472.png__roi_002,,,good_test/2026_03_11-09_29_27-472.png,good_test/2026_03_11-09_29_27-472.png,2,normalmap,custom_eval,C:\anomalydino_data_single_object_normalmap\normalmap\test\good\2026_03_11-09_29_27-472.png,C:\ai\AnomalyDINO\results_CUSTOM\dinov3_vitb16_688\8-shot_preprocess=force_no_mask_no_rotation_bestsearch8_fast20greedy_maxanomap_res688_evaltrain_20260413\hq_sam_outputs_batch\roi_crops_peak_hysteresis_h0.5_l0.2_merge3bridge0.1_seed=0_sam_hq_vit_tiny\combined_overlay_gallery_flat\good_test\2026_03_11-09_29_27-472.png,C:\ai\AnomalyDINO\results_CUSTOM\dinov3_vitb16_688\8-shot_preprocess=force_no_mask_no_rotation_bestsearch8_fast20greedy_maxanomap_res688_evaltrain_20260413\hq_sam_outputs_batch\roi_crops_peak_hysteresis_h0.5_l0.2_merge3bridge0.1_seed=0_sam_hq_vit_tiny\good_test\2026_03_11-09_29_27-472\combined_overlay.png,,915,609,948,643,0.7708922624588013,615,1,0.0004152823920265781,0.08233410120010376,0.057751744985580444,0.08233410120010376
good_test/2026_03_11-09_29_27-472.png__roi_003,,,good_test/2026_03_11-09_29_27-472.png,good_test/2026_03_11-09_29_27-472.png,3,normalmap,custom_eval,C:\anomalydino_data_single_object_normalmap\normalmap\test\good\2026_03_11-09_29_27-472.png,C:\ai\AnomalyDINO\results_CUSTOM\dinov3_vitb16_688\8-shot_preprocess=force_no_mask_no_rotation_bestsearch8_fast20greedy_maxanomap_res688_evaltrain_20260413\hq_sam_outputs_batch\roi_crops_peak_hysteresis_h0.5_l0.2_merge3bridge0.1_seed=0_sam_hq_vit_tiny\combined_overlay_gallery_flat\good_test\2026_03_11-09_29_27-472.png,C:\ai\AnomalyDINO\results_CUSTOM\dinov3_vitb16_688\8-shot_preprocess=force_no_mask_no_rotation_bestsearch8_fast20greedy_maxanomap_res688_evaltrain_20260413\hq_sam_outputs_batch\roi_crops_peak_hysteresis_h0.5_l0.2_merge3bridge0.1_seed=0_sam_hq_vit_tiny\good_test\2026_03_11-09_29_27-472\combined_overlay.png,,406,711,1558,1253,0.8904632329940796,114467,158,0.06561461794019934,0.06802862882614136,1.4600178599357605,0.06802862882614136
good_test/2026_03_11-09_29_27-472.png__roi_004,,,good_test/2026_03_11-09_29_27-472.png,good_test/2026_03_11-09_29_27-472.png,4,normalmap,custom_eval,C:\anomalydino_data_single_object_normalmap\normalmap\test\good\2026_03_11-09_29_27-472.png,C:\ai\AnomalyDINO\results_CUSTOM\dinov3_vitb16_688\8-shot_preprocess=force_no_mask_no_rotation_bestsearch8_fast20greedy_maxanomap_res688_evaltrain_20260413\hq_sam_outputs_batch\roi_crops_peak_hysteresis_h0.5_l0.2_merge3bridge0.1_seed=0_sam_hq_vit_tiny\combined_overlay_gallery_flat\good_test\2026_03_11-09_29_27-472.png,C:\ai\AnomalyDINO\results_CUSTOM\dinov3_vitb16_688\8-shot_preprocess=force_no_mask_no_rotation_bestsearch8_fast20greedy_maxanomap_res688_evaltrain_20260413\hq_sam_outputs_batch\roi_crops_peak_hysteresis_h0.5_l0.2_merge3bridge0.1_seed=0_sam_hq_vit_tiny\good_test\2026_03_11-09_29_27-472\combined_overlay.png,,203,779,271,847,0.6650254726409912,3325,8,0.0033222591362126247,0.06420636177062988,0.09076955914497375,0.06420636177062988
good_test/2026_03_19-08_20_28-873.png__roi_000,,,good_test/2026_03_19-08_20_28-873.png,good_test/2026_03_19-08_20_28-873.png,0,normalmap,custom_eval,C:\anomalydino_data_single_object_normalmap\normalmap\test\good\2026_03_19-08_20_28-873.png,C:\ai\AnomalyDINO\results_CUSTOM\dinov3_vitb16_688\8-shot_preprocess=force_no_mask_no_rotation_bestsearch8_fast20greedy_maxanomap_res688_evaltrain_20260413\hq_sam_outputs_batch\roi_crops_peak_hysteresis_h0.5_l0.2_merge3bridge0.1_seed=0_sam_hq_vit_tiny\combined_overlay_gallery_flat\good_test\2026_03_19-08_20_28-873.png,C:\ai\AnomalyDINO\results_CUSTOM\dinov3_vitb16_688\8-shot_preprocess=force_no_mask_no_rotation_bestsearch8_fast20greedy_maxanomap_res688_evaltrain_20260413\hq_sam_outputs_batch\roi_crops_peak_hysteresis_h0.5_l0.2_merge3bridge0.1_seed=0_sam_hq_vit_tiny\good_test\2026_03_19-08_20_28-873\combined_overlay.png,,1490,982,1524,1016,0.6376065015792847,621,2,0.0008305647840531562,0.07829239964485168,0.07116129994392395,0.07829239964485168
good_test/2026_03_19-08_20_41-797.png__roi_000,,,good_test/2026_03_19-08_20_41-797.png,good_test/2026_03_19-08_20_41-797.png,0,normalmap,custom_eval,C:\anomalydino_data_single_object_normalmap\normalmap\test\good\2026_03_19-08_20_41-797.png,C:\ai\AnomalyDINO\results_CUSTOM\dinov3_vitb16_688\8-shot_preprocess=force_no_mask_no_rotation_bestsearch8_fast20greedy_maxanomap_res688_evaltrain_20260413\hq_sam_outputs_batch\roi_crops_peak_hysteresis_h0.5_l0.2_merge3bridge0.1_seed=0_sam_hq_vit_tiny\combined_overlay_gallery_flat\good_test\2026_03_19-08_20_41-797.png,C:\ai\AnomalyDINO\results_CUSTOM\dinov3_vitb16_688\8-shot_preprocess=force_no_mask_no_rotation_bestsearch8_fast20greedy_maxanomap_res688_evaltrain_20260413\hq_sam_outputs_batch\roi_crops_peak_hysteresis_h0.5_l0.2_merge3bridge0.1_seed=0_sam_hq_vit_tiny\good_test\2026_03_19-08_20_41-797\combined_overlay.png,,1355,102,1389,169,0.8076023459434509,755,2,0.0008305647840531562,0.06483426690101624,0.11091586947441101,0.06483426690101624
good_test/2026_03_19-09_02_47-896.png__roi_000,,,good_test/2026_03_19-09_02_47-896.png,good_test/2026_03_19-09_02_47-896.png,0,normalmap,custom_eval,C:\anomalydino_data_single_object_normalmap\normalmap\test\good\2026_03_19-09_02_47-896.png,C:\ai\AnomalyDINO\results_CUSTOM\dinov3_vitb16_688\8-shot_preprocess=force_no_mask_no_rotation_bestsearch8_fast20greedy_maxanomap_res688_evaltrain_20260413\hq_sam_outputs_batch\roi_crops_peak_hysteresis_h0.5_l0.2_merge3bridge0.1_seed=0_sam_hq_vit_tiny\combined_overlay_gallery_flat\good_test\2026_03_19-09_02_47-896.png,C:\ai\AnomalyDINO\results_CUSTOM\dinov3_vitb16_688\8-shot_preprocess=force_no_mask_no_rotation_bestsearch8_fast20greedy_maxanomap_res688_evaltrain_20260413\hq_sam_outputs_batch\roi_crops_peak_hysteresis_h0.5_l0.2_merge3bridge0.1_seed=0_sam_hq_vit_tiny\good_test\2026_03_19-09_02_47-896\combined_overlay.png,,339,135,373,169,0.874764084815979,320,1,0.0004152823920265781,0.0845227837562561,0.08042165637016296,0.0845227837562561
good_test/2026_03_19-09_03_43-007.png__roi_000,,,good_test/2026_03_19-09_03_43-007.png,good_test/2026_03_19-09_03_43-007.png,0,normalmap,custom_eval,C:\anomalydino_data_single_object_normalmap\normalmap\test\good\2026_03_19-09_03_43-007.png,C:\ai\AnomalyDINO\results_CUSTOM\dinov3_vitb16_688\8-shot_preprocess=force_no_mask_no_rotation_bestsearch8_fast20greedy_maxanomap_res688_evaltrain_20260413\hq_sam_outputs_batch\roi_crops_peak_hysteresis_h0.5_l0.2_merge3bridge0.1_seed=0_sam_hq_vit_tiny\combined_overlay_gallery_flat\good_test\2026_03_19-09_03_43-007.png,C:\ai\AnomalyDINO\results_CUSTOM\dinov3_vitb16_688\8-shot_preprocess=force_no_mask_no_rotation_bestsearch8_fast20greedy_maxanomap_res688_evaltrain_20260413\hq_sam_outputs_batch\roi_crops_peak_hysteresis_h0.5_l0.2_merge3bridge0.1_seed=0_sam_hq_vit_tiny\good_test\2026_03_19-09_03_43-007\combined_overlay.png,,677,508,711,542,0.729853093624115,619,1,0.0004152823920265781,0.08170691132545471,0.07680931687355042,0.08170691132545471
good_test/2026_03_19-09_06_49-517.png__roi_000,,,good_test/2026_03_19-09_06_49-517.png,good_test/2026_03_19-09_06_49-517.png,0,normalmap,custom_eval,C:\anomalydino_data_single_object_normalmap\normalmap\test\good\2026_03_19-09_06_49-517.png,C:\ai\AnomalyDINO\results_CUSTOM\dinov3_vitb16_688\8-shot_preprocess=force_no_mask_no_rotation_bestsearch8_fast20greedy_maxanomap_res688_evaltrain_20260413\hq_sam_outputs_batch\roi_crops_peak_hysteresis_h0.5_l0.2_merge3bridge0.1_seed=0_sam_hq_vit_tiny\combined_overlay_gallery_flat\good_test\2026_03_19-09_06_49-517.png,C:\ai\AnomalyDINO\results_CUSTOM\dinov3_vitb16_688\8-shot_preprocess=force_no_mask_no_rotation_bestsearch8_fast20greedy_maxanomap_res688_evaltrain_20260413\hq_sam_outputs_batch\roi_crops_peak_hysteresis_h0.5_l0.2_merge3bridge0.1_seed=0_sam_hq_vit_tiny\good_test\2026_03_19-09_06_49-517\combined_overlay.png,,1152,711,1186,745,0.8576303124427795,573,1,0.0004152823920265781,0.09256622195243835,0.07587742805480957,0.09256622195243835
good_test/2026_03_19-09_07_44-151.png__roi_000,,,good_test/2026_03_19-09_07_44-151.png,good_test/2026_03_19-09_07_44-151.png,0,normalmap,custom_eval,C:\anomalydino_data_single_object_normalmap\normalmap\test\good\2026_03_19-09_07_44-151.png,C:\ai\AnomalyDINO\results_CUSTOM\dinov3_vitb16_688\8-shot_preprocess=force_no_mask_no_rotation_bestsearch8_fast20greedy_maxanomap_res688_evaltrain_20260413\hq_sam_outputs_batch\roi_crops_peak_hysteresis_h0.5_l0.2_merge3bridge0.1_seed=0_sam_hq_vit_tiny\combined_overlay_gallery_flat\good_test\2026_03_19-09_07_44-151.png,C:\ai\AnomalyDINO\results_CUSTOM\dinov3_vitb16_688\8-shot_preprocess=force_no_mask_no_rotation_bestsearch8_fast20greedy_maxanomap_res688_evaltrain_20260413\hq_sam_outputs_batch\roi_crops_peak_hysteresis_h0.5_l0.2_merge3bridge0.1_seed=0_sam_hq_vit_tiny\good_test\2026_03_19-09_07_44-151\combined_overlay.png,,644,745,745,847,0.6342607736587524,4911,8,0.0033222591362126247,0.09950500726699829,0.20605090260505676,0.09950500726699829
good_test/2026_03_19-09_08_23-792.png__roi_000,,,good_test/2026_03_19-09_08_23-792.png,good_test/2026_03_19-09_08_23-792.png,0,normalmap,custom_eval,C:\anomalydino_data_single_object_normalmap\normalmap\test\good\2026_03_19-09_08_23-792.png,C:\ai\AnomalyDINO\results_CUSTOM\dinov3_vitb16_688\8-shot_preprocess=force_no_mask_no_rotation_bestsearch8_fast20greedy_maxanomap_res688_evaltrain_20260413\hq_sam_outputs_batch\roi_crops_peak_hysteresis_h0.5_l0.2_merge3bridge0.1_seed=0_sam_hq_vit_tiny\combined_overlay_gallery_flat\good_test\2026_03_19-09_08_23-792.png,C:\ai\AnomalyDINO\results_CUSTOM\dinov3_vitb16_688\8-shot_preprocess=force_no_mask_no_rotation_bestsearch8_fast20greedy_maxanomap_res688_evaltrain_20260413\hq_sam_outputs_batch\roi_crops_peak_hysteresis_h0.5_l0.2_merge3bridge0.1_seed=0_sam_hq_vit_tiny\good_test\2026_03_19-09_08_23-792\combined_overlay.png,,745,880,813,914,0.7730311155319214,865,2,0.0008305647840531562,0.08244436979293823,0.10168233513832092,0.08244436979293823
good_test/2026_03_19-09_08_23-792.png__roi_001,,,good_test/2026_03_19-09_08_23-792.png,good_test/2026_03_19-09_08_23-792.png,1,normalmap,custom_eval,C:\anomalydino_data_single_object_normalmap\normalmap\test\good\2026_03_19-09_08_23-792.png,C:\ai\AnomalyDINO\results_CUSTOM\dinov3_vitb16_688\8-shot_preprocess=force_no_mask_no_rotation_bestsearch8_fast20greedy_maxanomap_res688_evaltrain_20260413\hq_sam_outputs_batch\roi_crops_peak_hysteresis_h0.5_l0.2_merge3bridge0.1_seed=0_sam_hq_vit_tiny\combined_overlay_gallery_flat\good_test\2026_03_19-09_08_23-792.png,C:\ai\AnomalyDINO\results_CUSTOM\dinov3_vitb16_688\8-shot_preprocess=force_no_mask_no_rotation_bestsearch8_fast20greedy_maxanomap_res688_evaltrain_20260413\hq_sam_outputs_batch\roi_crops_peak_hysteresis_h0.5_l0.2_merge3bridge0.1_seed=0_sam_hq_vit_tiny\good_test\2026_03_19-09_08_23-792\combined_overlay.png,,881,169,948,203,0.8452774286270142,898,2,0.0008305647840531562,0.07836833596229553,0.11101248860359192,0.07836833596229553
good_test/2026_03_19-09_08_23-792.png__roi_002,,,good_test/2026_03_19-09_08_23-792.png,good_test/2026_03_19-09_08_23-792.png,2,normalmap,custom_eval,C:\anomalydino_data_single_object_normalmap\normalmap\test\good\2026_03_19-09_08_23-792.png,C:\ai\AnomalyDINO\results_CUSTOM\dinov3_vitb16_688\8-shot_preprocess=force_no_mask_no_rotation_bestsearch8_fast20greedy_maxanomap_res688_evaltrain_20260413\hq_sam_outputs_batch\roi_crops_peak_hysteresis_h0.5_l0.2_merge3bridge0.1_seed=0_sam_hq_vit_tiny\combined_overlay_gallery_flat\good_test\2026_03_19-09_08_23-792.png,C:\ai\AnomalyDINO\results_CUSTOM\dinov3_vitb16_688\8-shot_preprocess=force_no_mask_no_rotation_bestsearch8_fast20greedy_maxanomap_res688_evaltrain_20260413\hq_sam_outputs_batch\roi_crops_peak_hysteresis_h0.5_l0.2_merge3bridge0.1_seed=0_sam_hq_vit_tiny\good_test\2026_03_19-09_08_23-792\combined_overlay.png,,440,1084,711,1253,0.7192920446395874,20834,34,0.014119601328903655,0.057256460189819336,0.16138765215873718,0.057256460189819336
good_train_remaining/2026_03_19-08_24_35-638.png__roi_000,,,good_train_remaining/2026_03_19-08_24_35-638.png,good_train_remaining/2026_03_19-08_24_35-638.png,0,normalmap,custom_eval,C:\anomalydino_data_single_object_normalmap\normalmap\train\good\2026_03_19-08_24_35-638.png,C:\ai\AnomalyDINO\results_CUSTOM\dinov3_vitb16_688\8-shot_preprocess=force_no_mask_no_rotation_bestsearch8_fast20greedy_maxanomap_res688_evaltrain_20260413\hq_sam_outputs_batch\roi_crops_peak_hysteresis_h0.5_l0.2_merge3bridge0.1_seed=0_sam_hq_vit_tiny\combined_overlay_gallery_flat\good_train_remaining\2026_03_19-08_24_35-638.png,C:\ai\AnomalyDINO\results_CUSTOM\dinov3_vitb16_688\8-shot_preprocess=force_no_mask_no_rotation_bestsearch8_fast20greedy_maxanomap_res688_evaltrain_20260413\hq_sam_outputs_batch\roi_crops_peak_hysteresis_h0.5_l0.2_merge3bridge0.1_seed=0_sam_hq_vit_tiny\good_train_remaining\2026_03_19-08_24_35-638\combined_overlay.png,,982,948,1050,982,0.7091764807701111,622,2,0.0008305647840531562,0.10282453894615173,0.1482827067375183,0.10282453894615173
good_train_remaining/2026_03_19-08_26_10-588.png__roi_000,,,good_train_remaining/2026_03_19-08_26_10-588.png,good_train_remaining/2026_03_19-08_26_10-588.png,0,normalmap,custom_eval,C:\anomalydino_data_single_object_normalmap\normalmap\train\good\2026_03_19-08_26_10-588.png,C:\ai\AnomalyDINO\results_CUSTOM\dinov3_vitb16_688\8-shot_preprocess=force_no_mask_no_rotation_bestsearch8_fast20greedy_maxanomap_res688_evaltrain_20260413\hq_sam_outputs_batch\roi_crops_peak_hysteresis_h0.5_l0.2_merge3bridge0.1_seed=0_sam_hq_vit_tiny\combined_overlay_gallery_flat\good_train_remaining\2026_03_19-08_26_10-588.png,C:\ai\AnomalyDINO\results_CUSTOM\dinov3_vitb16_688\8-shot_preprocess=force_no_mask_no_rotation_bestsearch8_fast20greedy_maxanomap_res688_evaltrain_20260413\hq_sam_outputs_batch\roi_crops_peak_hysteresis_h0.5_l0.2_merge3bridge0.1_seed=0_sam_hq_vit_tiny\good_train_remaining\2026_03_19-08_26_10-588\combined_overlay.png,,339,237,406,305,0.6754529476165771,3785,9,0.003737541528239203,0.07067656517028809,0.1305670440196991,0.07067656517028809
good_train_remaining/2026_03_19-08_27_25-786.png__roi_000,,,good_train_remaining/2026_03_19-08_27_25-786.png,good_train_remaining/2026_03_19-08_27_25-786.png,0,normalmap,custom_eval,C:\anomalydino_data_single_object_normalmap\normalmap\train\good\2026_03_19-08_27_25-786.png,C:\ai\AnomalyDINO\results_CUSTOM\dinov3_vitb16_688\8-shot_preprocess=force_no_mask_no_rotation_bestsearch8_fast20greedy_maxanomap_res688_evaltrain_20260413\hq_sam_outputs_batch\roi_crops_peak_hysteresis_h0.5_l0.2_merge3bridge0.1_seed=0_sam_hq_vit_tiny\combined_overlay_gallery_flat\good_train_remaining\2026_03_19-08_27_25-786.png,C:\ai\AnomalyDINO\results_CUSTOM\dinov3_vitb16_688\8-shot_preprocess=force_no_mask_no_rotation_bestsearch8_fast20greedy_maxanomap_res688_evaltrain_20260413\hq_sam_outputs_batch\roi_crops_peak_hysteresis_h0.5_l0.2_merge3bridge0.1_seed=0_sam_hq_vit_tiny\good_train_remaining\2026_03_19-08_27_25-786\combined_overlay.png,,1016,677,1050,745,0.7838008403778076,2039,5,0.0020764119601328905,0.10045310854911804,0.13822689652442932,0.10045310854911804
good_train_remaining/2026_03_19-08_28_00-244.png__roi_000,,,good_train_remaining/2026_03_19-08_28_00-244.png,good_train_remaining/2026_03_19-08_28_00-244.png,0,normalmap,custom_eval,C:\anomalydino_data_single_object_normalmap\normalmap\train\good\2026_03_19-08_28_00-244.png,C:\ai\AnomalyDINO\results_CUSTOM\dinov3_vitb16_688\8-shot_preprocess=force_no_mask_no_rotation_bestsearch8_fast20greedy_maxanomap_res688_evaltrain_20260413\hq_sam_outputs_batch\roi_crops_peak_hysteresis_h0.5_l0.2_merge3bridge0.1_seed=0_sam_hq_vit_tiny\combined_overlay_gallery_flat\good_train_remaining\2026_03_19-08_28_00-244.png,C:\ai\AnomalyDINO\results_CUSTOM\dinov3_vitb16_688\8-shot_preprocess=force_no_mask_no_rotation_bestsearch8_fast20greedy_maxanomap_res688_evaltrain_20260413\hq_sam_outputs_batch\roi_crops_peak_hysteresis_h0.5_l0.2_merge3bridge0.1_seed=0_sam_hq_vit_tiny\good_train_remaining\2026_03_19-08_28_00-244\combined_overlay.png,,677,779,745,813,0.6924996972084045,1308,2,0.0008305647840531562,0.07540306448936462,0.08031454682350159,0.07540306448936462
good_train_remaining/2026_03_19-08_28_13-871.png__roi_000,,,good_train_remaining/2026_03_19-08_28_13-871.png,good_train_remaining/2026_03_19-08_28_13-871.png,0,normalmap,custom_eval,C:\anomalydino_data_single_object_normalmap\normalmap\train\good\2026_03_19-08_28_13-871.png,C:\ai\AnomalyDINO\results_CUSTOM\dinov3_vitb16_688\8-shot_preprocess=force_no_mask_no_rotation_bestsearch8_fast20greedy_maxanomap_res688_evaltrain_20260413\hq_sam_outputs_batch\roi_crops_peak_hysteresis_h0.5_l0.2_merge3bridge0.1_seed=0_sam_hq_vit_tiny\combined_overlay_gallery_flat\good_train_remaining\2026_03_19-08_28_13-871.png,C:\ai\AnomalyDINO\results_CUSTOM\dinov3_vitb16_688\8-shot_preprocess=force_no_mask_no_rotation_bestsearch8_fast20greedy_maxanomap_res688_evaltrain_20260413\hq_sam_outputs_batch\roi_crops_peak_hysteresis_h0.5_l0.2_merge3bridge0.1_seed=0_sam_hq_vit_tiny\good_train_remaining\2026_03_19-08_28_13-871\combined_overlay.png,,1456,914,1524,982,0.5940130949020386,2055,5,0.0020764119601328905,0.06885743141174316,0.08639843761920929,0.06885743141174316
good_train_remaining/2026_03_19-08_28_21-442.png__roi_000,,,good_train_remaining/2026_03_19-08_28_21-442.png,good_train_remaining/2026_03_19-08_28_21-442.png,0,normalmap,custom_eval,C:\anomalydino_data_single_object_normalmap\normalmap\train\good\2026_03_19-08_28_21-442.png,C:\ai\AnomalyDINO\results_CUSTOM\dinov3_vitb16_688\8-shot_preprocess=force_no_mask_no_rotation_bestsearch8_fast20greedy_maxanomap_res688_evaltrain_20260413\hq_sam_outputs_batch\roi_crops_peak_hysteresis_h0.5_l0.2_merge3bridge0.1_seed=0_sam_hq_vit_tiny\combined_overlay_gallery_flat\good_train_remaining\2026_03_19-08_28_21-442.png,C:\ai\AnomalyDINO\results_CUSTOM\dinov3_vitb16_688\8-shot_preprocess=force_no_mask_no_rotation_bestsearch8_fast20greedy_maxanomap_res688_evaltrain_20260413\hq_sam_outputs_batch\roi_crops_peak_hysteresis_h0.5_l0.2_merge3bridge0.1_seed=0_sam_hq_vit_tiny\good_train_remaining\2026_03_19-08_28_21-442\combined_overlay.png,,1321,34,1423,135,0.5763711333274841,3527,9,0.003737541528239203,0.09820348024368286,0.21689939498901367,0.09820348024368286
good_train_remaining/2026_03_19-08_28_41-132.png__roi_000,,,good_train_remaining/2026_03_19-08_28_41-132.png,good_train_remaining/2026_03_19-08_28_41-132.png,0,normalmap,custom_eval,C:\anomalydino_data_single_object_normalmap\normalmap\train\good\2026_03_19-08_28_41-132.png,C:\ai\AnomalyDINO\results_CUSTOM\dinov3_vitb16_688\8-shot_preprocess=force_no_mask_no_rotation_bestsearch8_fast20greedy_maxanomap_res688_evaltrain_20260413\hq_sam_outputs_batch\roi_crops_peak_hysteresis_h0.5_l0.2_merge3bridge0.1_seed=0_sam_hq_vit_tiny\combined_overlay_gallery_flat\good_train_remaining\2026_03_19-08_28_41-132.png,C:\ai\AnomalyDINO\results_CUSTOM\dinov3_vitb16_688\8-shot_preprocess=force_no_mask_no_rotation_bestsearch8_fast20greedy_maxanomap_res688_evaltrain_20260413\hq_sam_outputs_batch\roi_crops_peak_hysteresis_h0.5_l0.2_merge3bridge0.1_seed=0_sam_hq_vit_tiny\good_train_remaining\2026_03_19-08_28_41-132\combined_overlay.png,,406,813,1524,1253,0.9172250032424927,102730,141,0.05855481727574751,0.07923856377601624,2.3151864111423492,0.07923856377601624
good_train_remaining/2026_03_19-08_28_41-132.png__roi_001,,,good_train_remaining/2026_03_19-08_28_41-132.png,good_train_remaining/2026_03_19-08_28_41-132.png,1,normalmap,custom_eval,C:\anomalydino_data_single_object_normalmap\normalmap\train\good\2026_03_19-08_28_41-132.png,C:\ai\AnomalyDINO\results_CUSTOM\dinov3_vitb16_688\8-shot_preprocess=force_no_mask_no_rotation_bestsearch8_fast20greedy_maxanomap_res688_evaltrain_20260413\hq_sam_outputs_batch\roi_crops_peak_hysteresis_h0.5_l0.2_merge3bridge0.1_seed=0_sam_hq_vit_tiny\combined_overlay_gallery_flat\good_train_remaining\2026_03_19-08_28_41-132.png,C:\ai\AnomalyDINO\results_CUSTOM\dinov3_vitb16_688\8-shot_preprocess=force_no_mask_no_rotation_bestsearch8_fast20greedy_maxanomap_res688_evaltrain_20260413\hq_sam_outputs_batch\roi_crops_peak_hysteresis_h0.5_l0.2_merge3bridge0.1_seed=0_sam_hq_vit_tiny\good_train_remaining\2026_03_19-08_28_41-132\combined_overlay.png,,542,372,576,406,0.798105776309967,424,1,0.0004152823920265781,0.0750051736831665,0.057564347982406616,0.0750051736831665
good_train_remaining/2026_03_19-08_28_55-003.png__roi_000,,,good_train_remaining/2026_03_19-08_28_55-003.png,good_train_remaining/2026_03_19-08_28_55-003.png,0,normalmap,custom_eval,C:\anomalydino_data_single_object_normalmap\normalmap\train\good\2026_03_19-08_28_55-003.png,C:\ai\AnomalyDINO\results_CUSTOM\dinov3_vitb16_688\8-shot_preprocess=force_no_mask_no_rotation_bestsearch8_fast20greedy_maxanomap_res688_evaltrain_20260413\hq_sam_outputs_batch\roi_crops_peak_hysteresis_h0.5_l0.2_merge3bridge0.1_seed=0_sam_hq_vit_tiny\combined_overlay_gallery_flat\good_train_remaining\2026_03_19-08_28_55-003.png,C:\ai\AnomalyDINO\results_CUSTOM\dinov3_vitb16_688\8-shot_preprocess=force_no_mask_no_rotation_bestsearch8_fast20greedy_maxanomap_res688_evaltrain_20260413\hq_sam_outputs_batch\roi_crops_peak_hysteresis_h0.5_l0.2_merge3bridge0.1_seed=0_sam_hq_vit_tiny\good_train_remaining\2026_03_19-08_28_55-003\combined_overlay.png,,271,542,305,576,0.716387152671814,873,3,0.0012458471760797341,0.07656070590019226,0.06423228979110718,0.07656070590019226
good_train_remaining/2026_03_19-08_59_06-584.png__roi_000,,,good_train_remaining/2026_03_19-08_59_06-584.png,good_train_remaining/2026_03_19-08_59_06-584.png,0,normalmap,custom_eval,C:\anomalydino_data_single_object_normalmap\normalmap\train\good\2026_03_19-08_59_06-584.png,C:\ai\AnomalyDINO\results_CUSTOM\dinov3_vitb16_688\8-shot_preprocess=force_no_mask_no_rotation_bestsearch8_fast20greedy_maxanomap_res688_evaltrain_20260413\hq_sam_outputs_batch\roi_crops_peak_hysteresis_h0.5_l0.2_merge3bridge0.1_seed=0_sam_hq_vit_tiny\combined_overlay_gallery_flat\good_train_remaining\2026_03_19-08_59_06-584.png,C:\ai\AnomalyDINO\results_CUSTOM\dinov3_vitb16_688\8-shot_preprocess=force_no_mask_no_rotation_bestsearch8_fast20greedy_maxanomap_res688_evaltrain_20260413\hq_sam_outputs_batch\roi_crops_peak_hysteresis_h0.5_l0.2_merge3bridge0.1_seed=0_sam_hq_vit_tiny\good_train_remaining\2026_03_19-08_59_06-584\combined_overlay.png,,339,609,1592,1253,0.9558140635490417,103214,156,0.06478405315614617,0.09642374515533447,3.6146071702241898,0.09642374515533447
good_train_remaining/2026_03_19-09_06_28-862.png__roi_000,,,good_train_remaining/2026_03_19-09_06_28-862.png,good_train_remaining/2026_03_19-09_06_28-862.png,0,normalmap,custom_eval,C:\anomalydino_data_single_object_normalmap\normalmap\train\good\2026_03_19-09_06_28-862.png,C:\ai\AnomalyDINO\results_CUSTOM\dinov3_vitb16_688\8-shot_preprocess=force_no_mask_no_rotation_bestsearch8_fast20greedy_maxanomap_res688_evaltrain_20260413\hq_sam_outputs_batch\roi_crops_peak_hysteresis_h0.5_l0.2_merge3bridge0.1_seed=0_sam_hq_vit_tiny\combined_overlay_gallery_flat\good_train_remaining\2026_03_19-09_06_28-862.png,C:\ai\AnomalyDINO\results_CUSTOM\dinov3_vitb16_688\8-shot_preprocess=force_no_mask_no_rotation_bestsearch8_fast20greedy_maxanomap_res688_evaltrain_20260413\hq_sam_outputs_batch\roi_crops_peak_hysteresis_h0.5_l0.2_merge3bridge0.1_seed=0_sam_hq_vit_tiny\good_train_remaining\2026_03_19-09_06_28-862\combined_overlay.png,,813,609,847,677,0.6633599400520325,675,2,0.0008305647840531562,0.08168607950210571,0.12266117334365845,0.08168607950210571
good_train_remaining/2026_03_19-09_06_28-862.png__roi_001,,,good_train_remaining/2026_03_19-09_06_28-862.png,good_train_remaining/2026_03_19-09_06_28-862.png,1,normalmap,custom_eval,C:\anomalydino_data_single_object_normalmap\normalmap\train\good\2026_03_19-09_06_28-862.png,C:\ai\AnomalyDINO\results_CUSTOM\dinov3_vitb16_688\8-shot_preprocess=force_no_mask_no_rotation_bestsearch8_fast20greedy_maxanomap_res688_evaltrain_20260413\hq_sam_outputs_batch\roi_crops_peak_hysteresis_h0.5_l0.2_merge3bridge0.1_seed=0_sam_hq_vit_tiny\combined_overlay_gallery_flat\good_train_remaining\2026_03_19-09_06_28-862.png,C:\ai\AnomalyDINO\results_CUSTOM\dinov3_vitb16_688\8-shot_preprocess=force_no_mask_no_rotation_bestsearch8_fast20greedy_maxanomap_res688_evaltrain_20260413\hq_sam_outputs_batch\roi_crops_peak_hysteresis_h0.5_l0.2_merge3bridge0.1_seed=0_sam_hq_vit_tiny\good_train_remaining\2026_03_19-09_06_28-862\combined_overlay.png,,102,169,135,203,0.7433274984359741,406,1,0.0004152823920265781,0.06489098072052002,0.0528014600276947,0.06489098072052002
good_train_remaining/2026_03_19-09_08_03-930.png__roi_000,,,good_train_remaining/2026_03_19-09_08_03-930.png,good_train_remaining/2026_03_19-09_08_03-930.png,0,normalmap,custom_eval,C:\anomalydino_data_single_object_normalmap\normalmap\train\good\2026_03_19-09_08_03-930.png,C:\ai\AnomalyDINO\results_CUSTOM\dinov3_vitb16_688\8-shot_preprocess=force_no_mask_no_rotation_bestsearch8_fast20greedy_maxanomap_res688_evaltrain_20260413\hq_sam_outputs_batch\roi_crops_peak_hysteresis_h0.5_l0.2_merge3bridge0.1_seed=0_sam_hq_vit_tiny\combined_overlay_gallery_flat\good_train_remaining\2026_03_19-09_08_03-930.png,C:\ai\AnomalyDINO\results_CUSTOM\dinov3_vitb16_688\8-shot_preprocess=force_no_mask_no_rotation_bestsearch8_fast20greedy_maxanomap_res688_evaltrain_20260413\hq_sam_outputs_batch\roi_crops_peak_hysteresis_h0.5_l0.2_merge3bridge0.1_seed=0_sam_hq_vit_tiny\good_train_remaining\2026_03_19-09_08_03-930\combined_overlay.png,,1456,169,1626,305,0.5927334427833557,5631,14,0.005813953488372093,0.06537646055221558,0.2143174260854721,0.06537646055221558
good_train_remaining/2026_03_19-11_35_34-501.png__roi_000,,,good_train_remaining/2026_03_19-11_35_34-501.png,good_train_remaining/2026_03_19-11_35_34-501.png,0,normalmap,custom_eval,C:\anomalydino_data_single_object_normalmap\normalmap\train\good\2026_03_19-11_35_34-501.png,C:\ai\AnomalyDINO\results_CUSTOM\dinov3_vitb16_688\8-shot_preprocess=force_no_mask_no_rotation_bestsearch8_fast20greedy_maxanomap_res688_evaltrain_20260413\hq_sam_outputs_batch\roi_crops_peak_hysteresis_h0.5_l0.2_merge3bridge0.1_seed=0_sam_hq_vit_tiny\combined_overlay_gallery_flat\good_train_remaining\2026_03_19-11_35_34-501.png,C:\ai\AnomalyDINO\results_CUSTOM\dinov3_vitb16_688\8-shot_preprocess=force_no_mask_no_rotation_bestsearch8_fast20greedy_maxanomap_res688_evaltrain_20260413\hq_sam_outputs_batch\roi_crops_peak_hysteresis_h0.5_l0.2_merge3bridge0.1_seed=0_sam_hq_vit_tiny\good_train_remaining\2026_03_19-11_35_34-501\combined_overlay.png,,1727,779,1761,813,0.7085837125778198,615,2,0.0008305647840531562,0.07353204488754272,0.06924405694007874,0.07353204488754272
good_train_remaining/2026_03_19-11_35_34-501.png__roi_001,,,good_train_remaining/2026_03_19-11_35_34-501.png,good_train_remaining/2026_03_19-11_35_34-501.png,1,normalmap,custom_eval,C:\anomalydino_data_single_object_normalmap\normalmap\train\good\2026_03_19-11_35_34-501.png,C:\ai\AnomalyDINO\results_CUSTOM\dinov3_vitb16_688\8-shot_preprocess=force_no_mask_no_rotation_bestsearch8_fast20greedy_maxanomap_res688_evaltrain_20260413\hq_sam_outputs_batch\roi_crops_peak_hysteresis_h0.5_l0.2_merge3bridge0.1_seed=0_sam_hq_vit_tiny\combined_overlay_gallery_flat\good_train_remaining\2026_03_19-11_35_34-501.png,C:\ai\AnomalyDINO\results_CUSTOM\dinov3_vitb16_688\8-shot_preprocess=force_no_mask_no_rotation_bestsearch8_fast20greedy_maxanomap_res688_evaltrain_20260413\hq_sam_outputs_batch\roi_crops_peak_hysteresis_h0.5_l0.2_merge3bridge0.1_seed=0_sam_hq_vit_tiny\good_train_remaining\2026_03_19-11_35_34-501\combined_overlay.png,,237,643,271,677,0.7725764513015747,492,1,0.0004152823920265781,0.05906116962432861,0.05487322807312012,0.05906116962432861
good_train_remaining/2026_03_19-11_37_08-701.png__roi_000,,,good_train_remaining/2026_03_19-11_37_08-701.png,good_train_remaining/2026_03_19-11_37_08-701.png,0,normalmap,custom_eval,C:\anomalydino_data_single_object_normalmap\normalmap\train\good\2026_03_19-11_37_08-701.png,C:\ai\AnomalyDINO\results_CUSTOM\dinov3_vitb16_688\8-shot_preprocess=force_no_mask_no_rotation_bestsearch8_fast20greedy_maxanomap_res688_evaltrain_20260413\hq_sam_outputs_batch\roi_crops_peak_hysteresis_h0.5_l0.2_merge3bridge0.1_seed=0_sam_hq_vit_tiny\combined_overlay_gallery_flat\good_train_remaining\2026_03_19-11_37_08-701.png,C:\ai\AnomalyDINO\results_CUSTOM\dinov3_vitb16_688\8-shot_preprocess=force_no_mask_no_rotation_bestsearch8_fast20greedy_maxanomap_res688_evaltrain_20260413\hq_sam_outputs_batch\roi_crops_peak_hysteresis_h0.5_l0.2_merge3bridge0.1_seed=0_sam_hq_vit_tiny\good_train_remaining\2026_03_19-11_37_08-701\combined_overlay.png,,406,914,1490,1253,0.8865130543708801,80070,116,0.04817275747508306,0.08314347267150879,1.808383822441101,0.08314347267150879
good_train_remaining/2026_03_19-11_37_08-701.png__roi_001,,,good_train_remaining/2026_03_19-11_37_08-701.png,good_train_remaining/2026_03_19-11_37_08-701.png,1,normalmap,custom_eval,C:\anomalydino_data_single_object_normalmap\normalmap\train\good\2026_03_19-11_37_08-701.png,C:\ai\AnomalyDINO\results_CUSTOM\dinov3_vitb16_688\8-shot_preprocess=force_no_mask_no_rotation_bestsearch8_fast20greedy_maxanomap_res688_evaltrain_20260413\hq_sam_outputs_batch\roi_crops_peak_hysteresis_h0.5_l0.2_merge3bridge0.1_seed=0_sam_hq_vit_tiny\combined_overlay_gallery_flat\good_train_remaining\2026_03_19-11_37_08-701.png,C:\ai\AnomalyDINO\results_CUSTOM\dinov3_vitb16_688\8-shot_preprocess=force_no_mask_no_rotation_bestsearch8_fast20greedy_maxanomap_res688_evaltrain_20260413\hq_sam_outputs_batch\roi_crops_peak_hysteresis_h0.5_l0.2_merge3bridge0.1_seed=0_sam_hq_vit_tiny\good_train_remaining\2026_03_19-11_37_08-701\combined_overlay.png,,1016,440,1050,508,0.6977148056030273,519,2,0.0008305647840531562,0.07373279333114624,0.10111385583877563,0.07373279333114624
good_train_remaining/2026_03_19-11_39_09-591.png__roi_000,,,good_train_remaining/2026_03_19-11_39_09-591.png,good_train_remaining/2026_03_19-11_39_09-591.png,0,normalmap,custom_eval,C:\anomalydino_data_single_object_normalmap\normalmap\train\good\2026_03_19-11_39_09-591.png,C:\ai\AnomalyDINO\results_CUSTOM\dinov3_vitb16_688\8-shot_preprocess=force_no_mask_no_rotation_bestsearch8_fast20greedy_maxanomap_res688_evaltrain_20260413\hq_sam_outputs_batch\roi_crops_peak_hysteresis_h0.5_l0.2_merge3bridge0.1_seed=0_sam_hq_vit_tiny\combined_overlay_gallery_flat\good_train_remaining\2026_03_19-11_39_09-591.png,C:\ai\AnomalyDINO\results_CUSTOM\dinov3_vitb16_688\8-shot_preprocess=force_no_mask_no_rotation_bestsearch8_fast20greedy_maxanomap_res688_evaltrain_20260413\hq_sam_outputs_batch\roi_crops_peak_hysteresis_h0.5_l0.2_merge3bridge0.1_seed=0_sam_hq_vit_tiny\good_train_remaining\2026_03_19-11_39_09-591\combined_overlay.png,,373,813,406,847,0.6621712446212769,1000,4,0.0016611295681063123,0.07254594564437866,0.06764987111091614,0.07254594564437866
good_train_remaining/2026_03_19-11_39_09-591.png__roi_001,,,good_train_remaining/2026_03_19-11_39_09-591.png,good_train_remaining/2026_03_19-11_39_09-591.png,1,normalmap,custom_eval,C:\anomalydino_data_single_object_normalmap\normalmap\train\good\2026_03_19-11_39_09-591.png,C:\ai\AnomalyDINO\results_CUSTOM\dinov3_vitb16_688\8-shot_preprocess=force_no_mask_no_rotation_bestsearch8_fast20greedy_maxanomap_res688_evaltrain_20260413\hq_sam_outputs_batch\roi_crops_peak_hysteresis_h0.5_l0.2_merge3bridge0.1_seed=0_sam_hq_vit_tiny\combined_overlay_gallery_flat\good_train_remaining\2026_03_19-11_39_09-591.png,C:\ai\AnomalyDINO\results_CUSTOM\dinov3_vitb16_688\8-shot_preprocess=force_no_mask_no_rotation_bestsearch8_fast20greedy_maxanomap_res688_evaltrain_20260413\hq_sam_outputs_batch\roi_crops_peak_hysteresis_h0.5_l0.2_merge3bridge0.1_seed=0_sam_hq_vit_tiny\good_train_remaining\2026_03_19-11_39_09-591\combined_overlay.png,,1287,880,1355,914,0.7253475189208984,928,2,0.0008305647840531562,0.06150364875793457,0.09638109803199768,0.06150364875793457
good_train_remaining/2026_03_19-11_39_57-236.png__roi_000,,,good_train_remaining/2026_03_19-11_39_57-236.png,good_train_remaining/2026_03_19-11_39_57-236.png,0,normalmap,custom_eval,C:\anomalydino_data_single_object_normalmap\normalmap\train\good\2026_03_19-11_39_57-236.png,C:\ai\AnomalyDINO\results_CUSTOM\dinov3_vitb16_688\8-shot_preprocess=force_no_mask_no_rotation_bestsearch8_fast20greedy_maxanomap_res688_evaltrain_20260413\hq_sam_outputs_batch\roi_crops_peak_hysteresis_h0.5_l0.2_merge3bridge0.1_seed=0_sam_hq_vit_tiny\combined_overlay_gallery_flat\good_train_remaining\2026_03_19-11_39_57-236.png,C:\ai\AnomalyDINO\results_CUSTOM\dinov3_vitb16_688\8-shot_preprocess=force_no_mask_no_rotation_bestsearch8_fast20greedy_maxanomap_res688_evaltrain_20260413\hq_sam_outputs_batch\roi_crops_peak_hysteresis_h0.5_l0.2_merge3bridge0.1_seed=0_sam_hq_vit_tiny\good_train_remaining\2026_03_19-11_39_57-236\combined_overlay.png,,847,914,915,1050,0.6592092514038086,5685,8,0.0033222591362126247,0.16328048706054688,0.5223385989665985,0.16328048706054688
good_train_remaining/2026_03_19-11_39_57-236.png__roi_001,,,good_train_remaining/2026_03_19-11_39_57-236.png,good_train_remaining/2026_03_19-11_39_57-236.png,1,normalmap,custom_eval,C:\anomalydino_data_single_object_normalmap\normalmap\train\good\2026_03_19-11_39_57-236.png,C:\ai\AnomalyDINO\results_CUSTOM\dinov3_vitb16_688\8-shot_preprocess=force_no_mask_no_rotation_bestsearch8_fast20greedy_maxanomap_res688_evaltrain_20260413\hq_sam_outputs_batch\roi_crops_peak_hysteresis_h0.5_l0.2_merge3bridge0.1_seed=0_sam_hq_vit_tiny\combined_overlay_gallery_flat\good_train_remaining\2026_03_19-11_39_57-236.png,C:\ai\AnomalyDINO\results_CUSTOM\dinov3_vitb16_688\8-shot_preprocess=force_no_mask_no_rotation_bestsearch8_fast20greedy_maxanomap_res688_evaltrain_20260413\hq_sam_outputs_batch\roi_crops_peak_hysteresis_h0.5_l0.2_merge3bridge0.1_seed=0_sam_hq_vit_tiny\good_train_remaining\2026_03_19-11_39_57-236\combined_overlay.png,,1727,880,1761,914,0.6753498911857605,496,1,0.0004152823920265781,0.06169980764389038,0.05545574426651001,0.06169980764389038
good_train_remaining/2026_03_19-11_40_23-751.png__roi_000,,,good_train_remaining/2026_03_19-11_40_23-751.png,good_train_remaining/2026_03_19-11_40_23-751.png,0,normalmap,custom_eval,C:\anomalydino_data_single_object_normalmap\normalmap\train\good\2026_03_19-11_40_23-751.png,C:\ai\AnomalyDINO\results_CUSTOM\dinov3_vitb16_688\8-shot_preprocess=force_no_mask_no_rotation_bestsearch8_fast20greedy_maxanomap_res688_evaltrain_20260413\hq_sam_outputs_batch\roi_crops_peak_hysteresis_h0.5_l0.2_merge3bridge0.1_seed=0_sam_hq_vit_tiny\combined_overlay_gallery_flat\good_train_remaining\2026_03_19-11_40_23-751.png,C:\ai\AnomalyDINO\results_CUSTOM\dinov3_vitb16_688\8-shot_preprocess=force_no_mask_no_rotation_bestsearch8_fast20greedy_maxanomap_res688_evaltrain_20260413\hq_sam_outputs_batch\roi_crops_peak_hysteresis_h0.5_l0.2_merge3bridge0.1_seed=0_sam_hq_vit_tiny\good_train_remaining\2026_03_19-11_40_23-751\combined_overlay.png,,677,1151,745,1219,0.7361570596694946,1779,5,0.0020764119601328905,0.09115898609161377,0.21268871426582336,0.09115898609161377
good_train_remaining/2026_03_19-11_40_23-751.png__roi_001,,,good_train_remaining/2026_03_19-11_40_23-751.png,good_train_remaining/2026_03_19-11_40_23-751.png,1,normalmap,custom_eval,C:\anomalydino_data_single_object_normalmap\normalmap\train\good\2026_03_19-11_40_23-751.png,C:\ai\AnomalyDINO\results_CUSTOM\dinov3_vitb16_688\8-shot_preprocess=force_no_mask_no_rotation_bestsearch8_fast20greedy_maxanomap_res688_evaltrain_20260413\hq_sam_outputs_batch\roi_crops_peak_hysteresis_h0.5_l0.2_merge3bridge0.1_seed=0_sam_hq_vit_tiny\combined_overlay_gallery_flat\good_train_remaining\2026_03_19-11_40_23-751.png,C:\ai\AnomalyDINO\results_CUSTOM\dinov3_vitb16_688\8-shot_preprocess=force_no_mask_no_rotation_bestsearch8_fast20greedy_maxanomap_res688_evaltrain_20260413\hq_sam_outputs_batch\roi_crops_peak_hysteresis_h0.5_l0.2_merge3bridge0.1_seed=0_sam_hq_vit_tiny\good_train_remaining\2026_03_19-11_40_23-751\combined_overlay.png,,271,372,305,406,0.7323622703552246,719,1,0.0004152823920265781,0.07500100135803223,0.06908974051475525,0.07500100135803223
good_train_remaining/2026_03_19-11_40_57-461.png__roi_000,,,good_train_remaining/2026_03_19-11_40_57-461.png,good_train_remaining/2026_03_19-11_40_57-461.png,0,normalmap,custom_eval,C:\anomalydino_data_single_object_normalmap\normalmap\train\good\2026_03_19-11_40_57-461.png,C:\ai\AnomalyDINO\results_CUSTOM\dinov3_vitb16_688\8-shot_preprocess=force_no_mask_no_rotation_bestsearch8_fast20greedy_maxanomap_res688_evaltrain_20260413\hq_sam_outputs_batch\roi_crops_peak_hysteresis_h0.5_l0.2_merge3bridge0.1_seed=0_sam_hq_vit_tiny\combined_overlay_gallery_flat\good_train_remaining\2026_03_19-11_40_57-461.png,C:\ai\AnomalyDINO\results_CUSTOM\dinov3_vitb16_688\8-shot_preprocess=force_no_mask_no_rotation_bestsearch8_fast20greedy_maxanomap_res688_evaltrain_20260413\hq_sam_outputs_batch\roi_crops_peak_hysteresis_h0.5_l0.2_merge3bridge0.1_seed=0_sam_hq_vit_tiny\good_train_remaining\2026_03_19-11_40_57-461\combined_overlay.png,,305,508,373,677,0.4908970594406128,3026,9,0.003737541528239203,0.0686194896697998,0.1054849922657013,0.0686194896697998
good_train_remaining/2026_03_19-11_41_30-475.png__roi_000,,,good_train_remaining/2026_03_19-11_41_30-475.png,good_train_remaining/2026_03_19-11_41_30-475.png,0,normalmap,custom_eval,C:\anomalydino_data_single_object_normalmap\normalmap\train\good\2026_03_19-11_41_30-475.png,C:\ai\AnomalyDINO\results_CUSTOM\dinov3_vitb16_688\8-shot_preprocess=force_no_mask_no_rotation_bestsearch8_fast20greedy_maxanomap_res688_evaltrain_20260413\hq_sam_outputs_batch\roi_crops_peak_hysteresis_h0.5_l0.2_merge3bridge0.1_seed=0_sam_hq_vit_tiny\combined_overlay_gallery_flat\good_train_remaining\2026_03_19-11_41_30-475.png,C:\ai\AnomalyDINO\results_CUSTOM\dinov3_vitb16_688\8-shot_preprocess=force_no_mask_no_rotation_bestsearch8_fast20greedy_maxanomap_res688_evaltrain_20260413\hq_sam_outputs_batch\roi_crops_peak_hysteresis_h0.5_l0.2_merge3bridge0.1_seed=0_sam_hq_vit_tiny\good_train_remaining\2026_03_19-11_41_30-475\combined_overlay.png,,847,609,915,643,0.7547528743743896,1093,2,0.0008305647840531562,0.08569484949111938,0.10058844089508057,0.08569484949111938
good_train_remaining/2026_03_19-11_41_30-475.png__roi_001,,,good_train_remaining/2026_03_19-11_41_30-475.png,good_train_remaining/2026_03_19-11_41_30-475.png,1,normalmap,custom_eval,C:\anomalydino_data_single_object_normalmap\normalmap\train\good\2026_03_19-11_41_30-475.png,C:\ai\AnomalyDINO\results_CUSTOM\dinov3_vitb16_688\8-shot_preprocess=force_no_mask_no_rotation_bestsearch8_fast20greedy_maxanomap_res688_evaltrain_20260413\hq_sam_outputs_batch\roi_crops_peak_hysteresis_h0.5_l0.2_merge3bridge0.1_seed=0_sam_hq_vit_tiny\combined_overlay_gallery_flat\good_train_remaining\2026_03_19-11_41_30-475.png,C:\ai\AnomalyDINO\results_CUSTOM\dinov3_vitb16_688\8-shot_preprocess=force_no_mask_no_rotation_bestsearch8_fast20greedy_maxanomap_res688_evaltrain_20260413\hq_sam_outputs_batch\roi_crops_peak_hysteresis_h0.5_l0.2_merge3bridge0.1_seed=0_sam_hq_vit_tiny\good_train_remaining\2026_03_19-11_41_30-475\combined_overlay.png,,1761,711,1795,745,0.68690025806427,479,1,0.0004152823920265781,0.06624367833137512,0.05295811593532562,0.06624367833137512
good_train_remaining/2026_03_19-11_41_30-475.png__roi_002,,,good_train_remaining/2026_03_19-11_41_30-475.png,good_train_remaining/2026_03_19-11_41_30-475.png,2,normalmap,custom_eval,C:\anomalydino_data_single_object_normalmap\normalmap\train\good\2026_03_19-11_41_30-475.png,C:\ai\AnomalyDINO\results_CUSTOM\dinov3_vitb16_688\8-shot_preprocess=force_no_mask_no_rotation_bestsearch8_fast20greedy_maxanomap_res688_evaltrain_20260413\hq_sam_outputs_batch\roi_crops_peak_hysteresis_h0.5_l0.2_merge3bridge0.1_seed=0_sam_hq_vit_tiny\combined_overlay_gallery_flat\good_train_remaining\2026_03_19-11_41_30-475.png,C:\ai\AnomalyDINO\results_CUSTOM\dinov3_vitb16_688\8-shot_preprocess=force_no_mask_no_rotation_bestsearch8_fast20greedy_maxanomap_res688_evaltrain_20260413\hq_sam_outputs_batch\roi_crops_peak_hysteresis_h0.5_l0.2_merge3bridge0.1_seed=0_sam_hq_vit_tiny\good_train_remaining\2026_03_19-11_41_30-475\combined_overlay.png,,135,169,203,237,0.7178148031234741,890,4,0.0016611295681063123,0.06367865204811096,0.17345672845840454,0.06367865204811096
good_train_remaining/2026_03_19-11_42_20-596.png__roi_000,,,good_train_remaining/2026_03_19-11_42_20-596.png,good_train_remaining/2026_03_19-11_42_20-596.png,0,normalmap,custom_eval,C:\anomalydino_data_single_object_normalmap\normalmap\train\good\2026_03_19-11_42_20-596.png,C:\ai\AnomalyDINO\results_CUSTOM\dinov3_vitb16_688\8-shot_preprocess=force_no_mask_no_rotation_bestsearch8_fast20greedy_maxanomap_res688_evaltrain_20260413\hq_sam_outputs_batch\roi_crops_peak_hysteresis_h0.5_l0.2_merge3bridge0.1_seed=0_sam_hq_vit_tiny\combined_overlay_gallery_flat\good_train_remaining\2026_03_19-11_42_20-596.png,C:\ai\AnomalyDINO\results_CUSTOM\dinov3_vitb16_688\8-shot_preprocess=force_no_mask_no_rotation_bestsearch8_fast20greedy_maxanomap_res688_evaltrain_20260413\hq_sam_outputs_batch\roi_crops_peak_hysteresis_h0.5_l0.2_merge3bridge0.1_seed=0_sam_hq_vit_tiny\good_train_remaining\2026_03_19-11_42_20-596\combined_overlay.png,,1694,609,1727,677,0.7190139293670654,168,1,0.0004152823920265781,0.07986003160476685,0.1018851101398468,0.07986003160476685
good_train_remaining/2026_03_19-11_42_20-596.png__roi_001,,,good_train_remaining/2026_03_19-11_42_20-596.png,good_train_remaining/2026_03_19-11_42_20-596.png,1,normalmap,custom_eval,C:\anomalydino_data_single_object_normalmap\normalmap\train\good\2026_03_19-11_42_20-596.png,C:\ai\AnomalyDINO\results_CUSTOM\dinov3_vitb16_688\8-shot_preprocess=force_no_mask_no_rotation_bestsearch8_fast20greedy_maxanomap_res688_evaltrain_20260413\hq_sam_outputs_batch\roi_crops_peak_hysteresis_h0.5_l0.2_merge3bridge0.1_seed=0_sam_hq_vit_tiny\combined_overlay_gallery_flat\good_train_remaining\2026_03_19-11_42_20-596.png,C:\ai\AnomalyDINO\results_CUSTOM\dinov3_vitb16_688\8-shot_preprocess=force_no_mask_no_rotation_bestsearch8_fast20greedy_maxanomap_res688_evaltrain_20260413\hq_sam_outputs_batch\roi_crops_peak_hysteresis_h0.5_l0.2_merge3bridge0.1_seed=0_sam_hq_vit_tiny\good_train_remaining\2026_03_19-11_42_20-596\combined_overlay.png,,813,779,847,813,0.6728802919387817,622,1,0.0004152823920265781,0.07208365201950073,0.0560133159160614,0.07208365201950073
good_train_remaining/2026_03_19-11_42_27-170.png__roi_000,,,good_train_remaining/2026_03_19-11_42_27-170.png,good_train_remaining/2026_03_19-11_42_27-170.png,0,normalmap,custom_eval,C:\anomalydino_data_single_object_normalmap\normalmap\train\good\2026_03_19-11_42_27-170.png,C:\ai\AnomalyDINO\results_CUSTOM\dinov3_vitb16_688\8-shot_preprocess=force_no_mask_no_rotation_bestsearch8_fast20greedy_maxanomap_res688_evaltrain_20260413\hq_sam_outputs_batch\roi_crops_peak_hysteresis_h0.5_l0.2_merge3bridge0.1_seed=0_sam_hq_vit_tiny\combined_overlay_gallery_flat\good_train_remaining\2026_03_19-11_42_27-170.png,C:\ai\AnomalyDINO\results_CUSTOM\dinov3_vitb16_688\8-shot_preprocess=force_no_mask_no_rotation_bestsearch8_fast20greedy_maxanomap_res688_evaltrain_20260413\hq_sam_outputs_batch\roi_crops_peak_hysteresis_h0.5_l0.2_merge3bridge0.1_seed=0_sam_hq_vit_tiny\good_train_remaining\2026_03_19-11_42_27-170\combined_overlay.png,,847,68,982,135,0.6945241689682007,3788,8,0.0033222591362126247,0.07633545994758606,0.15079233050346375,0.07633545994758606
good_train_remaining/2026_03_19-11_42_41-197.png__roi_000,,,good_train_remaining/2026_03_19-11_42_41-197.png,good_train_remaining/2026_03_19-11_42_41-197.png,0,normalmap,custom_eval,C:\anomalydino_data_single_object_normalmap\normalmap\train\good\2026_03_19-11_42_41-197.png,C:\ai\AnomalyDINO\results_CUSTOM\dinov3_vitb16_688\8-shot_preprocess=force_no_mask_no_rotation_bestsearch8_fast20greedy_maxanomap_res688_evaltrain_20260413\hq_sam_outputs_batch\roi_crops_peak_hysteresis_h0.5_l0.2_merge3bridge0.1_seed=0_sam_hq_vit_tiny\combined_overlay_gallery_flat\good_train_remaining\2026_03_19-11_42_41-197.png,C:\ai\AnomalyDINO\results_CUSTOM\dinov3_vitb16_688\8-shot_preprocess=force_no_mask_no_rotation_bestsearch8_fast20greedy_maxanomap_res688_evaltrain_20260413\hq_sam_outputs_batch\roi_crops_peak_hysteresis_h0.5_l0.2_merge3bridge0.1_seed=0_sam_hq_vit_tiny\good_train_remaining\2026_03_19-11_42_41-197\combined_overlay.png,,508,914,576,1016,0.6737504601478577,2719,6,0.0024916943521594683,0.10318952798843384,0.22359558939933777,0.10318952798843384
good_train_remaining/2026_03_19-11_42_41-197.png__roi_001,,,good_train_remaining/2026_03_19-11_42_41-197.png,good_train_remaining/2026_03_19-11_42_41-197.png,1,normalmap,custom_eval,C:\anomalydino_data_single_object_normalmap\normalmap\train\good\2026_03_19-11_42_41-197.png,C:\ai\AnomalyDINO\results_CUSTOM\dinov3_vitb16_688\8-shot_preprocess=force_no_mask_no_rotation_bestsearch8_fast20greedy_maxanomap_res688_evaltrain_20260413\hq_sam_outputs_batch\roi_crops_peak_hysteresis_h0.5_l0.2_merge3bridge0.1_seed=0_sam_hq_vit_tiny\combined_overlay_gallery_flat\good_train_remaining\2026_03_19-11_42_41-197.png,C:\ai\AnomalyDINO\results_CUSTOM\dinov3_vitb16_688\8-shot_preprocess=force_no_mask_no_rotation_bestsearch8_fast20greedy_maxanomap_res688_evaltrain_20260413\hq_sam_outputs_batch\roi_crops_peak_hysteresis_h0.5_l0.2_merge3bridge0.1_seed=0_sam_hq_vit_tiny\good_train_remaining\2026_03_19-11_42_41-197\combined_overlay.png,,644,305,677,339,0.8491705060005188,515,1,0.0004152823920265781,0.0985981822013855,0.08252489566802979,0.0985981822013855
good_train_remaining/2026_03_19-11_42_41-197.png__roi_002,,,good_train_remaining/2026_03_19-11_42_41-197.png,good_train_remaining/2026_03_19-11_42_41-197.png,2,normalmap,custom_eval,C:\anomalydino_data_single_object_normalmap\normalmap\train\good\2026_03_19-11_42_41-197.png,C:\ai\AnomalyDINO\results_CUSTOM\dinov3_vitb16_688\8-shot_preprocess=force_no_mask_no_rotation_bestsearch8_fast20greedy_maxanomap_res688_evaltrain_20260413\hq_sam_outputs_batch\roi_crops_peak_hysteresis_h0.5_l0.2_merge3bridge0.1_seed=0_sam_hq_vit_tiny\combined_overlay_gallery_flat\good_train_remaining\2026_03_19-11_42_41-197.png,C:\ai\AnomalyDINO\results_CUSTOM\dinov3_vitb16_688\8-shot_preprocess=force_no_mask_no_rotation_bestsearch8_fast20greedy_maxanomap_res688_evaltrain_20260413\hq_sam_outputs_batch\roi_crops_peak_hysteresis_h0.5_l0.2_merge3bridge0.1_seed=0_sam_hq_vit_tiny\good_train_remaining\2026_03_19-11_42_41-197\combined_overlay.png,,881,847,915,914,0.6585478186607361,990,2,0.0008305647840531562,0.05775827169418335,0.05068230628967285,0.05775827169418335
good_train_remaining/2026_03_20-00_05_55-997.png__roi_000,,,good_train_remaining/2026_03_20-00_05_55-997.png,good_train_remaining/2026_03_20-00_05_55-997.png,0,normalmap,custom_eval,C:\anomalydino_data_single_object_normalmap\normalmap\train\good\2026_03_20-00_05_55-997.png,C:\ai\AnomalyDINO\results_CUSTOM\dinov3_vitb16_688\8-shot_preprocess=force_no_mask_no_rotation_bestsearch8_fast20greedy_maxanomap_res688_evaltrain_20260413\hq_sam_outputs_batch\roi_crops_peak_hysteresis_h0.5_l0.2_merge3bridge0.1_seed=0_sam_hq_vit_tiny\combined_overlay_gallery_flat\good_train_remaining\2026_03_20-00_05_55-997.png,C:\ai\AnomalyDINO\results_CUSTOM\dinov3_vitb16_688\8-shot_preprocess=force_no_mask_no_rotation_bestsearch8_fast20greedy_maxanomap_res688_evaltrain_20260413\hq_sam_outputs_batch\roi_crops_peak_hysteresis_h0.5_l0.2_merge3bridge0.1_seed=0_sam_hq_vit_tiny\good_train_remaining\2026_03_20-00_05_55-997\combined_overlay.png,,237,203,271,237,0.7084687352180481,965,3,0.0012458471760797341,0.07224345207214355,0.06929384171962738,0.07224345207214355
good_train_remaining/2026_03_20-00_07_03-508.png__roi_000,,,good_train_remaining/2026_03_20-00_07_03-508.png,good_train_remaining/2026_03_20-00_07_03-508.png,0,normalmap,custom_eval,C:\anomalydino_data_single_object_normalmap\normalmap\train\good\2026_03_20-00_07_03-508.png,C:\ai\AnomalyDINO\results_CUSTOM\dinov3_vitb16_688\8-shot_preprocess=force_no_mask_no_rotation_bestsearch8_fast20greedy_maxanomap_res688_evaltrain_20260413\hq_sam_outputs_batch\roi_crops_peak_hysteresis_h0.5_l0.2_merge3bridge0.1_seed=0_sam_hq_vit_tiny\combined_overlay_gallery_flat\good_train_remaining\2026_03_20-00_07_03-508.png,C:\ai\AnomalyDINO\results_CUSTOM\dinov3_vitb16_688\8-shot_preprocess=force_no_mask_no_rotation_bestsearch8_fast20greedy_maxanomap_res688_evaltrain_20260413\hq_sam_outputs_batch\roi_crops_peak_hysteresis_h0.5_l0.2_merge3bridge0.1_seed=0_sam_hq_vit_tiny\good_train_remaining\2026_03_20-00_07_03-508\combined_overlay.png,,711,1219,745,1253,0.659727931022644,520,2,0.0008305647840531562,0.07705497741699219,0.05744634568691254,0.07705497741699219
good_train_remaining/2026_03_20-00_07_03-508.png__roi_001,,,good_train_remaining/2026_03_20-00_07_03-508.png,good_train_remaining/2026_03_20-00_07_03-508.png,1,normalmap,custom_eval,C:\anomalydino_data_single_object_normalmap\normalmap\train\good\2026_03_20-00_07_03-508.png,C:\ai\AnomalyDINO\results_CUSTOM\dinov3_vitb16_688\8-shot_preprocess=force_no_mask_no_rotation_bestsearch8_fast20greedy_maxanomap_res688_evaltrain_20260413\hq_sam_outputs_batch\roi_crops_peak_hysteresis_h0.5_l0.2_merge3bridge0.1_seed=0_sam_hq_vit_tiny\combined_overlay_gallery_flat\good_train_remaining\2026_03_20-00_07_03-508.png,C:\ai\AnomalyDINO\results_CUSTOM\dinov3_vitb16_688\8-shot_preprocess=force_no_mask_no_rotation_bestsearch8_fast20greedy_maxanomap_res688_evaltrain_20260413\hq_sam_outputs_batch\roi_crops_peak_hysteresis_h0.5_l0.2_merge3bridge0.1_seed=0_sam_hq_vit_tiny\good_train_remaining\2026_03_20-00_07_03-508\combined_overlay.png,,711,779,745,813,0.6623647809028625,727,1,0.0004152823920265781,0.07660597562789917,0.060202404856681824,0.07660597562789917
good_train_remaining/2026_03_20-00_07_03-508.png__roi_002,,,good_train_remaining/2026_03_20-00_07_03-508.png,good_train_remaining/2026_03_20-00_07_03-508.png,2,normalmap,custom_eval,C:\anomalydino_data_single_object_normalmap\normalmap\train\good\2026_03_20-00_07_03-508.png,C:\ai\AnomalyDINO\results_CUSTOM\dinov3_vitb16_688\8-shot_preprocess=force_no_mask_no_rotation_bestsearch8_fast20greedy_maxanomap_res688_evaltrain_20260413\hq_sam_outputs_batch\roi_crops_peak_hysteresis_h0.5_l0.2_merge3bridge0.1_seed=0_sam_hq_vit_tiny\combined_overlay_gallery_flat\good_train_remaining\2026_03_20-00_07_03-508.png,C:\ai\AnomalyDINO\results_CUSTOM\dinov3_vitb16_688\8-shot_preprocess=force_no_mask_no_rotation_bestsearch8_fast20greedy_maxanomap_res688_evaltrain_20260413\hq_sam_outputs_batch\roi_crops_peak_hysteresis_h0.5_l0.2_merge3bridge0.1_seed=0_sam_hq_vit_tiny\good_train_remaining\2026_03_20-00_07_03-508\combined_overlay.png,,1084,576,1118,643,0.8549306392669678,752,2,0.0008305647840531562,0.07107925415039062,0.09902012348175049,0.07107925415039062
good_train_remaining/2026_03_20-00_08_33-850.png__roi_000,,,good_train_remaining/2026_03_20-00_08_33-850.png,good_train_remaining/2026_03_20-00_08_33-850.png,0,normalmap,custom_eval,C:\anomalydino_data_single_object_normalmap\normalmap\train\good\2026_03_20-00_08_33-850.png,C:\ai\AnomalyDINO\results_CUSTOM\dinov3_vitb16_688\8-shot_preprocess=force_no_mask_no_rotation_bestsearch8_fast20greedy_maxanomap_res688_evaltrain_20260413\hq_sam_outputs_batch\roi_crops_peak_hysteresis_h0.5_l0.2_merge3bridge0.1_seed=0_sam_hq_vit_tiny\combined_overlay_gallery_flat\good_train_remaining\2026_03_20-00_08_33-850.png,C:\ai\AnomalyDINO\results_CUSTOM\dinov3_vitb16_688\8-shot_preprocess=force_no_mask_no_rotation_bestsearch8_fast20greedy_maxanomap_res688_evaltrain_20260413\hq_sam_outputs_batch\roi_crops_peak_hysteresis_h0.5_l0.2_merge3bridge0.1_seed=0_sam_hq_vit_tiny\good_train_remaining\2026_03_20-00_08_33-850\combined_overlay.png,,745,271,779,305,0.7718941569328308,1069,3,0.0012458471760797341,0.07586199045181274,0.06083650887012482,0.07586199045181274
good_train_remaining/2026_03_20-00_08_33-850.png__roi_001,,,good_train_remaining/2026_03_20-00_08_33-850.png,good_train_remaining/2026_03_20-00_08_33-850.png,1,normalmap,custom_eval,C:\anomalydino_data_single_object_normalmap\normalmap\train\good\2026_03_20-00_08_33-850.png,C:\ai\AnomalyDINO\results_CUSTOM\dinov3_vitb16_688\8-shot_preprocess=force_no_mask_no_rotation_bestsearch8_fast20greedy_maxanomap_res688_evaltrain_20260413\hq_sam_outputs_batch\roi_crops_peak_hysteresis_h0.5_l0.2_merge3bridge0.1_seed=0_sam_hq_vit_tiny\combined_overlay_gallery_flat\good_train_remaining\2026_03_20-00_08_33-850.png,C:\ai\AnomalyDINO\results_CUSTOM\dinov3_vitb16_688\8-shot_preprocess=force_no_mask_no_rotation_bestsearch8_fast20greedy_maxanomap_res688_evaltrain_20260413\hq_sam_outputs_batch\roi_crops_peak_hysteresis_h0.5_l0.2_merge3bridge0.1_seed=0_sam_hq_vit_tiny\good_train_remaining\2026_03_20-00_08_33-850\combined_overlay.png,,644,169,779,271,0.5856128931045532,12769,19,0.007890365448504983,0.0606236457824707,0.1474195122718811,0.0606236457824707
good_train_remaining/2026_03_20-00_08_33-850.png__roi_002,,,good_train_remaining/2026_03_20-00_08_33-850.png,good_train_remaining/2026_03_20-00_08_33-850.png,2,normalmap,custom_eval,C:\anomalydino_data_single_object_normalmap\normalmap\train\good\2026_03_20-00_08_33-850.png,C:\ai\AnomalyDINO\results_CUSTOM\dinov3_vitb16_688\8-shot_preprocess=force_no_mask_no_rotation_bestsearch8_fast20greedy_maxanomap_res688_evaltrain_20260413\hq_sam_outputs_batch\roi_crops_peak_hysteresis_h0.5_l0.2_merge3bridge0.1_seed=0_sam_hq_vit_tiny\combined_overlay_gallery_flat\good_train_remaining\2026_03_20-00_08_33-850.png,C:\ai\AnomalyDINO\results_CUSTOM\dinov3_vitb16_688\8-shot_preprocess=force_no_mask_no_rotation_bestsearch8_fast20greedy_maxanomap_res688_evaltrain_20260413\hq_sam_outputs_batch\roi_crops_peak_hysteresis_h0.5_l0.2_merge3bridge0.1_seed=0_sam_hq_vit_tiny\good_train_remaining\2026_03_20-00_08_33-850\combined_overlay.png,,1186,1050,1524,1253,0.737160325050354,19883,32,0.013289036544850499,0.06043654680252075,0.26332470774650574,0.06043654680252075
good_train_remaining/2026_03_20-00_08_41-093.png__roi_000,,,good_train_remaining/2026_03_20-00_08_41-093.png,good_train_remaining/2026_03_20-00_08_41-093.png,0,normalmap,custom_eval,C:\anomalydino_data_single_object_normalmap\normalmap\train\good\2026_03_20-00_08_41-093.png,C:\ai\AnomalyDINO\results_CUSTOM\dinov3_vitb16_688\8-shot_preprocess=force_no_mask_no_rotation_bestsearch8_fast20greedy_maxanomap_res688_evaltrain_20260413\hq_sam_outputs_batch\roi_crops_peak_hysteresis_h0.5_l0.2_merge3bridge0.1_seed=0_sam_hq_vit_tiny\combined_overlay_gallery_flat\good_train_remaining\2026_03_20-00_08_41-093.png,C:\ai\AnomalyDINO\results_CUSTOM\dinov3_vitb16_688\8-shot_preprocess=force_no_mask_no_rotation_bestsearch8_fast20greedy_maxanomap_res688_evaltrain_20260413\hq_sam_outputs_batch\roi_crops_peak_hysteresis_h0.5_l0.2_merge3bridge0.1_seed=0_sam_hq_vit_tiny\good_train_remaining\2026_03_20-00_08_41-093\combined_overlay.png,,1321,169,1355,237,0.7652626037597656,1010,2,0.0008305647840531562,0.07724738121032715,0.12268206477165222,0.07724738121032715
good_train_remaining/2026_03_20-00_10_08-963.png__roi_000,,,good_train_remaining/2026_03_20-00_10_08-963.png,good_train_remaining/2026_03_20-00_10_08-963.png,0,normalmap,custom_eval,C:\anomalydino_data_single_object_normalmap\normalmap\train\good\2026_03_20-00_10_08-963.png,C:\ai\AnomalyDINO\results_CUSTOM\dinov3_vitb16_688\8-shot_preprocess=force_no_mask_no_rotation_bestsearch8_fast20greedy_maxanomap_res688_evaltrain_20260413\hq_sam_outputs_batch\roi_crops_peak_hysteresis_h0.5_l0.2_merge3bridge0.1_seed=0_sam_hq_vit_tiny\combined_overlay_gallery_flat\good_train_remaining\2026_03_20-00_10_08-963.png,C:\ai\AnomalyDINO\results_CUSTOM\dinov3_vitb16_688\8-shot_preprocess=force_no_mask_no_rotation_bestsearch8_fast20greedy_maxanomap_res688_evaltrain_20260413\hq_sam_outputs_batch\roi_crops_peak_hysteresis_h0.5_l0.2_merge3bridge0.1_seed=0_sam_hq_vit_tiny\good_train_remaining\2026_03_20-00_10_08-963\combined_overlay.png,,1389,982,1423,1016,0.7118487358093262,773,3,0.0012458471760797341,0.07008540630340576,0.05407917499542236,0.07008540630340576
good_train_remaining/2026_03_20-00_11_16-964.png__roi_000,,,good_train_remaining/2026_03_20-00_11_16-964.png,good_train_remaining/2026_03_20-00_11_16-964.png,0,normalmap,custom_eval,C:\anomalydino_data_single_object_normalmap\normalmap\train\good\2026_03_20-00_11_16-964.png,C:\ai\AnomalyDINO\results_CUSTOM\dinov3_vitb16_688\8-shot_preprocess=force_no_mask_no_rotation_bestsearch8_fast20greedy_maxanomap_res688_evaltrain_20260413\hq_sam_outputs_batch\roi_crops_peak_hysteresis_h0.5_l0.2_merge3bridge0.1_seed=0_sam_hq_vit_tiny\combined_overlay_gallery_flat\good_train_remaining\2026_03_20-00_11_16-964.png,C:\ai\AnomalyDINO\results_CUSTOM\dinov3_vitb16_688\8-shot_preprocess=force_no_mask_no_rotation_bestsearch8_fast20greedy_maxanomap_res688_evaltrain_20260413\hq_sam_outputs_batch\roi_crops_peak_hysteresis_h0.5_l0.2_merge3bridge0.1_seed=0_sam_hq_vit_tiny\good_train_remaining\2026_03_20-00_11_16-964\combined_overlay.png,,881,914,915,948,0.7727727890014648,337,1,0.0004152823920265781,0.08638134598731995,0.06897285580635071,0.08638134598731995
good_train_remaining/2026_03_20-00_11_16-964.png__roi_001,,,good_train_remaining/2026_03_20-00_11_16-964.png,good_train_remaining/2026_03_20-00_11_16-964.png,1,normalmap,custom_eval,C:\anomalydino_data_single_object_normalmap\normalmap\train\good\2026_03_20-00_11_16-964.png,C:\ai\AnomalyDINO\results_CUSTOM\dinov3_vitb16_688\8-shot_preprocess=force_no_mask_no_rotation_bestsearch8_fast20greedy_maxanomap_res688_evaltrain_20260413\hq_sam_outputs_batch\roi_crops_peak_hysteresis_h0.5_l0.2_merge3bridge0.1_seed=0_sam_hq_vit_tiny\combined_overlay_gallery_flat\good_train_remaining\2026_03_20-00_11_16-964.png,C:\ai\AnomalyDINO\results_CUSTOM\dinov3_vitb16_688\8-shot_preprocess=force_no_mask_no_rotation_bestsearch8_fast20greedy_maxanomap_res688_evaltrain_20260413\hq_sam_outputs_batch\roi_crops_peak_hysteresis_h0.5_l0.2_merge3bridge0.1_seed=0_sam_hq_vit_tiny\good_train_remaining\2026_03_20-00_11_16-964\combined_overlay.png,,1626,576,1694,609,0.7446801662445068,455,2,0.0008305647840531562,0.06046515703201294,0.08682695031166077,0.06046515703201294
good_train_remaining/2026_03_20-00_11_23-369.png__roi_000,,,good_train_remaining/2026_03_20-00_11_23-369.png,good_train_remaining/2026_03_20-00_11_23-369.png,0,normalmap,custom_eval,C:\anomalydino_data_single_object_normalmap\normalmap\train\good\2026_03_20-00_11_23-369.png,C:\ai\AnomalyDINO\results_CUSTOM\dinov3_vitb16_688\8-shot_preprocess=force_no_mask_no_rotation_bestsearch8_fast20greedy_maxanomap_res688_evaltrain_20260413\hq_sam_outputs_batch\roi_crops_peak_hysteresis_h0.5_l0.2_merge3bridge0.1_seed=0_sam_hq_vit_tiny\combined_overlay_gallery_flat\good_train_remaining\2026_03_20-00_11_23-369.png,C:\ai\AnomalyDINO\results_CUSTOM\dinov3_vitb16_688\8-shot_preprocess=force_no_mask_no_rotation_bestsearch8_fast20greedy_maxanomap_res688_evaltrain_20260413\hq_sam_outputs_batch\roi_crops_peak_hysteresis_h0.5_l0.2_merge3bridge0.1_seed=0_sam_hq_vit_tiny\good_train_remaining\2026_03_20-00_11_23-369\combined_overlay.png,,1016,880,1050,914,0.7398394346237183,637,1,0.0004152823920265781,0.08851173520088196,0.07113000750541687,0.08851173520088196
good_train_remaining/2026_03_20-00_11_23-369.png__roi_001,,,good_train_remaining/2026_03_20-00_11_23-369.png,good_train_remaining/2026_03_20-00_11_23-369.png,1,normalmap,custom_eval,C:\anomalydino_data_single_object_normalmap\normalmap\train\good\2026_03_20-00_11_23-369.png,C:\ai\AnomalyDINO\results_CUSTOM\dinov3_vitb16_688\8-shot_preprocess=force_no_mask_no_rotation_bestsearch8_fast20greedy_maxanomap_res688_evaltrain_20260413\hq_sam_outputs_batch\roi_crops_peak_hysteresis_h0.5_l0.2_merge3bridge0.1_seed=0_sam_hq_vit_tiny\combined_overlay_gallery_flat\good_train_remaining\2026_03_20-00_11_23-369.png,C:\ai\AnomalyDINO\results_CUSTOM\dinov3_vitb16_688\8-shot_preprocess=force_no_mask_no_rotation_bestsearch8_fast20greedy_maxanomap_res688_evaltrain_20260413\hq_sam_outputs_batch\roi_crops_peak_hysteresis_h0.5_l0.2_merge3bridge0.1_seed=0_sam_hq_vit_tiny\good_train_remaining\2026_03_20-00_11_23-369\combined_overlay.png,,1456,1016,1524,1084,0.6072127819061279,1014,4,0.0016611295681063123,0.08389467000961304,0.1042853593826294,0.08389467000961304
good_train_remaining/2026_03_20-00_11_23-369.png__roi_002,,,good_train_remaining/2026_03_20-00_11_23-369.png,good_train_remaining/2026_03_20-00_11_23-369.png,2,normalmap,custom_eval,C:\anomalydino_data_single_object_normalmap\normalmap\train\good\2026_03_20-00_11_23-369.png,C:\ai\AnomalyDINO\results_CUSTOM\dinov3_vitb16_688\8-shot_preprocess=force_no_mask_no_rotation_bestsearch8_fast20greedy_maxanomap_res688_evaltrain_20260413\hq_sam_outputs_batch\roi_crops_peak_hysteresis_h0.5_l0.2_merge3bridge0.1_seed=0_sam_hq_vit_tiny\combined_overlay_gallery_flat\good_train_remaining\2026_03_20-00_11_23-369.png,C:\ai\AnomalyDINO\results_CUSTOM\dinov3_vitb16_688\8-shot_preprocess=force_no_mask_no_rotation_bestsearch8_fast20greedy_maxanomap_res688_evaltrain_20260413\hq_sam_outputs_batch\roi_crops_peak_hysteresis_h0.5_l0.2_merge3bridge0.1_seed=0_sam_hq_vit_tiny\good_train_remaining\2026_03_20-00_11_23-369\combined_overlay.png,,610,1016,644,1084,0.6696133613586426,1293,2,0.0008305647840531562,0.058170437812805176,0.05132567882537842,0.058170437812805176
good_train_remaining/2026_03_20-00_11_36-272.png__roi_000,,,good_train_remaining/2026_03_20-00_11_36-272.png,good_train_remaining/2026_03_20-00_11_36-272.png,0,normalmap,custom_eval,C:\anomalydino_data_single_object_normalmap\normalmap\train\good\2026_03_20-00_11_36-272.png,C:\ai\AnomalyDINO\results_CUSTOM\dinov3_vitb16_688\8-shot_preprocess=force_no_mask_no_rotation_bestsearch8_fast20greedy_maxanomap_res688_evaltrain_20260413\hq_sam_outputs_batch\roi_crops_peak_hysteresis_h0.5_l0.2_merge3bridge0.1_seed=0_sam_hq_vit_tiny\combined_overlay_gallery_flat\good_train_remaining\2026_03_20-00_11_36-272.png,C:\ai\AnomalyDINO\results_CUSTOM\dinov3_vitb16_688\8-shot_preprocess=force_no_mask_no_rotation_bestsearch8_fast20greedy_maxanomap_res688_evaltrain_20260413\hq_sam_outputs_batch\roi_crops_peak_hysteresis_h0.5_l0.2_merge3bridge0.1_seed=0_sam_hq_vit_tiny\good_train_remaining\2026_03_20-00_11_36-272\combined_overlay.png,,881,677,915,745,0.7635077238082886,1157,3,0.0012458471760797341,0.07643157243728638,0.1154068112373352,0.07643157243728638
good_train_remaining/2026_03_20-00_11_36-272.png__roi_001,,,good_train_remaining/2026_03_20-00_11_36-272.png,good_train_remaining/2026_03_20-00_11_36-272.png,1,normalmap,custom_eval,C:\anomalydino_data_single_object_normalmap\normalmap\train\good\2026_03_20-00_11_36-272.png,C:\ai\AnomalyDINO\results_CUSTOM\dinov3_vitb16_688\8-shot_preprocess=force_no_mask_no_rotation_bestsearch8_fast20greedy_maxanomap_res688_evaltrain_20260413\hq_sam_outputs_batch\roi_crops_peak_hysteresis_h0.5_l0.2_merge3bridge0.1_seed=0_sam_hq_vit_tiny\combined_overlay_gallery_flat\good_train_remaining\2026_03_20-00_11_36-272.png,C:\ai\AnomalyDINO\results_CUSTOM\dinov3_vitb16_688\8-shot_preprocess=force_no_mask_no_rotation_bestsearch8_fast20greedy_maxanomap_res688_evaltrain_20260413\hq_sam_outputs_batch\roi_crops_peak_hysteresis_h0.5_l0.2_merge3bridge0.1_seed=0_sam_hq_vit_tiny\good_train_remaining\2026_03_20-00_11_36-272\combined_overlay.png,,711,948,745,982,0.7000092267990112,287,1,0.0004152823920265781,0.07524269819259644,0.06112778186798096,0.07524269819259644
good_train_remaining/2026_03_20-00_11_36-272.png__roi_002,,,good_train_remaining/2026_03_20-00_11_36-272.png,good_train_remaining/2026_03_20-00_11_36-272.png,2,normalmap,custom_eval,C:\anomalydino_data_single_object_normalmap\normalmap\train\good\2026_03_20-00_11_36-272.png,C:\ai\AnomalyDINO\results_CUSTOM\dinov3_vitb16_688\8-shot_preprocess=force_no_mask_no_rotation_bestsearch8_fast20greedy_maxanomap_res688_evaltrain_20260413\hq_sam_outputs_batch\roi_crops_peak_hysteresis_h0.5_l0.2_merge3bridge0.1_seed=0_sam_hq_vit_tiny\combined_overlay_gallery_flat\good_train_remaining\2026_03_20-00_11_36-272.png,C:\ai\AnomalyDINO\results_CUSTOM\dinov3_vitb16_688\8-shot_preprocess=force_no_mask_no_rotation_bestsearch8_fast20greedy_maxanomap_res688_evaltrain_20260413\hq_sam_outputs_batch\roi_crops_peak_hysteresis_h0.5_l0.2_merge3bridge0.1_seed=0_sam_hq_vit_tiny\good_train_remaining\2026_03_20-00_11_36-272\combined_overlay.png,,203,474,237,508,0.7318204045295715,349,1,0.0004152823920265781,0.06759154796600342,0.0550190806388855,0.06759154796600342
good_train_remaining/2026_03_20-00_11_36-272.png__roi_003,,,good_train_remaining/2026_03_20-00_11_36-272.png,good_train_remaining/2026_03_20-00_11_36-272.png,3,normalmap,custom_eval,C:\anomalydino_data_single_object_normalmap\normalmap\train\good\2026_03_20-00_11_36-272.png,C:\ai\AnomalyDINO\results_CUSTOM\dinov3_vitb16_688\8-shot_preprocess=force_no_mask_no_rotation_bestsearch8_fast20greedy_maxanomap_res688_evaltrain_20260413\hq_sam_outputs_batch\roi_crops_peak_hysteresis_h0.5_l0.2_merge3bridge0.1_seed=0_sam_hq_vit_tiny\combined_overlay_gallery_flat\good_train_remaining\2026_03_20-00_11_36-272.png,C:\ai\AnomalyDINO\results_CUSTOM\dinov3_vitb16_688\8-shot_preprocess=force_no_mask_no_rotation_bestsearch8_fast20greedy_maxanomap_res688_evaltrain_20260413\hq_sam_outputs_batch\roi_crops_peak_hysteresis_h0.5_l0.2_merge3bridge0.1_seed=0_sam_hq_vit_tiny\good_train_remaining\2026_03_20-00_11_36-272\combined_overlay.png,,474,34,610,102,0.6113929748535156,4937,9,0.003737541528239203,0.060886502265930176,0.08680188655853271,0.060886502265930176
good_train_remaining/2026_03_20-00_12_03-437.png__roi_000,,,good_train_remaining/2026_03_20-00_12_03-437.png,good_train_remaining/2026_03_20-00_12_03-437.png,0,normalmap,custom_eval,C:\anomalydino_data_single_object_normalmap\normalmap\train\good\2026_03_20-00_12_03-437.png,C:\ai\AnomalyDINO\results_CUSTOM\dinov3_vitb16_688\8-shot_preprocess=force_no_mask_no_rotation_bestsearch8_fast20greedy_maxanomap_res688_evaltrain_20260413\hq_sam_outputs_batch\roi_crops_peak_hysteresis_h0.5_l0.2_merge3bridge0.1_seed=0_sam_hq_vit_tiny\combined_overlay_gallery_flat\good_train_remaining\2026_03_20-00_12_03-437.png,C:\ai\AnomalyDINO\results_CUSTOM\dinov3_vitb16_688\8-shot_preprocess=force_no_mask_no_rotation_bestsearch8_fast20greedy_maxanomap_res688_evaltrain_20260413\hq_sam_outputs_batch\roi_crops_peak_hysteresis_h0.5_l0.2_merge3bridge0.1_seed=0_sam_hq_vit_tiny\good_train_remaining\2026_03_20-00_12_03-437\combined_overlay.png,,305,609,1558,1253,0.9078344106674194,128446,194,0.08056478405315615,0.07152244448661804,2.257217437028885,0.07152244448661804
good_train_remaining/2026_03_20-00_12_03-437.png__roi_001,,,good_train_remaining/2026_03_20-00_12_03-437.png,good_train_remaining/2026_03_20-00_12_03-437.png,1,normalmap,custom_eval,C:\anomalydino_data_single_object_normalmap\normalmap\train\good\2026_03_20-00_12_03-437.png,C:\ai\AnomalyDINO\results_CUSTOM\dinov3_vitb16_688\8-shot_preprocess=force_no_mask_no_rotation_bestsearch8_fast20greedy_maxanomap_res688_evaltrain_20260413\hq_sam_outputs_batch\roi_crops_peak_hysteresis_h0.5_l0.2_merge3bridge0.1_seed=0_sam_hq_vit_tiny\combined_overlay_gallery_flat\good_train_remaining\2026_03_20-00_12_03-437.png,C:\ai\AnomalyDINO\results_CUSTOM\dinov3_vitb16_688\8-shot_preprocess=force_no_mask_no_rotation_bestsearch8_fast20greedy_maxanomap_res688_evaltrain_20260413\hq_sam_outputs_batch\roi_crops_peak_hysteresis_h0.5_l0.2_merge3bridge0.1_seed=0_sam_hq_vit_tiny\good_train_remaining\2026_03_20-00_12_03-437\combined_overlay.png,,542,34,1423,135,0.5712463855743408,33828,59,0.024501661129568107,0.05951797962188721,0.5518130660057068,0.05951797962188721
good_train_remaining/2026_03_20-00_13_04-765.png__roi_000,,,good_train_remaining/2026_03_20-00_13_04-765.png,good_train_remaining/2026_03_20-00_13_04-765.png,0,normalmap,custom_eval,C:\anomalydino_data_single_object_normalmap\normalmap\train\good\2026_03_20-00_13_04-765.png,C:\ai\AnomalyDINO\results_CUSTOM\dinov3_vitb16_688\8-shot_preprocess=force_no_mask_no_rotation_bestsearch8_fast20greedy_maxanomap_res688_evaltrain_20260413\hq_sam_outputs_batch\roi_crops_peak_hysteresis_h0.5_l0.2_merge3bridge0.1_seed=0_sam_hq_vit_tiny\combined_overlay_gallery_flat\good_train_remaining\2026_03_20-00_13_04-765.png,C:\ai\AnomalyDINO\results_CUSTOM\dinov3_vitb16_688\8-shot_preprocess=force_no_mask_no_rotation_bestsearch8_fast20greedy_maxanomap_res688_evaltrain_20260413\hq_sam_outputs_batch\roi_crops_peak_hysteresis_h0.5_l0.2_merge3bridge0.1_seed=0_sam_hq_vit_tiny\good_train_remaining\2026_03_20-00_13_04-765\combined_overlay.png,,576,203,644,237,0.7967025637626648,1403,3,0.0012458471760797341,0.08459150791168213,0.10866352915763855,0.08459150791168213
good_train_remaining/2026_03_20-00_13_04-765.png__roi_001,,,good_train_remaining/2026_03_20-00_13_04-765.png,good_train_remaining/2026_03_20-00_13_04-765.png,1,normalmap,custom_eval,C:\anomalydino_data_single_object_normalmap\normalmap\train\good\2026_03_20-00_13_04-765.png,C:\ai\AnomalyDINO\results_CUSTOM\dinov3_vitb16_688\8-shot_preprocess=force_no_mask_no_rotation_bestsearch8_fast20greedy_maxanomap_res688_evaltrain_20260413\hq_sam_outputs_batch\roi_crops_peak_hysteresis_h0.5_l0.2_merge3bridge0.1_seed=0_sam_hq_vit_tiny\combined_overlay_gallery_flat\good_train_remaining\2026_03_20-00_13_04-765.png,C:\ai\AnomalyDINO\results_CUSTOM\dinov3_vitb16_688\8-shot_preprocess=force_no_mask_no_rotation_bestsearch8_fast20greedy_maxanomap_res688_evaltrain_20260413\hq_sam_outputs_batch\roi_crops_peak_hysteresis_h0.5_l0.2_merge3bridge0.1_seed=0_sam_hq_vit_tiny\good_train_remaining\2026_03_20-00_13_04-765\combined_overlay.png,,610,643,711,745,0.5913660526275635,7550,12,0.0049833887043189366,0.06903588771820068,0.18629759550094604,0.06903588771820068
good_train_remaining/2026_03_20-00_13_11-500.png__roi_000,,,good_train_remaining/2026_03_20-00_13_11-500.png,good_train_remaining/2026_03_20-00_13_11-500.png,0,normalmap,custom_eval,C:\anomalydino_data_single_object_normalmap\normalmap\train\good\2026_03_20-00_13_11-500.png,C:\ai\AnomalyDINO\results_CUSTOM\dinov3_vitb16_688\8-shot_preprocess=force_no_mask_no_rotation_bestsearch8_fast20greedy_maxanomap_res688_evaltrain_20260413\hq_sam_outputs_batch\roi_crops_peak_hysteresis_h0.5_l0.2_merge3bridge0.1_seed=0_sam_hq_vit_tiny\combined_overlay_gallery_flat\good_train_remaining\2026_03_20-00_13_11-500.png,C:\ai\AnomalyDINO\results_CUSTOM\dinov3_vitb16_688\8-shot_preprocess=force_no_mask_no_rotation_bestsearch8_fast20greedy_maxanomap_res688_evaltrain_20260413\hq_sam_outputs_batch\roi_crops_peak_hysteresis_h0.5_l0.2_merge3bridge0.1_seed=0_sam_hq_vit_tiny\good_train_remaining\2026_03_20-00_13_11-500\combined_overlay.png,,1016,305,1084,372,0.7813720703125,2019,4,0.0016611295681063123,0.07898536324501038,0.14916503429412842,0.07898536324501038
good_train_remaining/2026_03_20-00_13_11-500.png__roi_001,,,good_train_remaining/2026_03_20-00_13_11-500.png,good_train_remaining/2026_03_20-00_13_11-500.png,1,normalmap,custom_eval,C:\anomalydino_data_single_object_normalmap\normalmap\train\good\2026_03_20-00_13_11-500.png,C:\ai\AnomalyDINO\results_CUSTOM\dinov3_vitb16_688\8-shot_preprocess=force_no_mask_no_rotation_bestsearch8_fast20greedy_maxanomap_res688_evaltrain_20260413\hq_sam_outputs_batch\roi_crops_peak_hysteresis_h0.5_l0.2_merge3bridge0.1_seed=0_sam_hq_vit_tiny\combined_overlay_gallery_flat\good_train_remaining\2026_03_20-00_13_11-500.png,C:\ai\AnomalyDINO\results_CUSTOM\dinov3_vitb16_688\8-shot_preprocess=force_no_mask_no_rotation_bestsearch8_fast20greedy_maxanomap_res688_evaltrain_20260413\hq_sam_outputs_batch\roi_crops_peak_hysteresis_h0.5_l0.2_merge3bridge0.1_seed=0_sam_hq_vit_tiny\good_train_remaining\2026_03_20-00_13_11-500\combined_overlay.png,,779,1287,847,1321,0.6846979856491089,985,2,0.0008305647840531562,0.0649959146976471,0.05566403269767761,0.0649959146976471
good_train_remaining/2026_03_20-00_13_38-595.png__roi_000,,,good_train_remaining/2026_03_20-00_13_38-595.png,good_train_remaining/2026_03_20-00_13_38-595.png,0,normalmap,custom_eval,C:\anomalydino_data_single_object_normalmap\normalmap\train\good\2026_03_20-00_13_38-595.png,C:\ai\AnomalyDINO\results_CUSTOM\dinov3_vitb16_688\8-shot_preprocess=force_no_mask_no_rotation_bestsearch8_fast20greedy_maxanomap_res688_evaltrain_20260413\hq_sam_outputs_batch\roi_crops_peak_hysteresis_h0.5_l0.2_merge3bridge0.1_seed=0_sam_hq_vit_tiny\combined_overlay_gallery_flat\good_train_remaining\2026_03_20-00_13_38-595.png,C:\ai\AnomalyDINO\results_CUSTOM\dinov3_vitb16_688\8-shot_preprocess=force_no_mask_no_rotation_bestsearch8_fast20greedy_maxanomap_res688_evaltrain_20260413\hq_sam_outputs_batch\roi_crops_peak_hysteresis_h0.5_l0.2_merge3bridge0.1_seed=0_sam_hq_vit_tiny\good_train_remaining\2026_03_20-00_13_38-595\combined_overlay.png,,203,406,1524,1321,0.8188437223434448,754146,840,0.3488372093023256,0.08410954475402832,3.5921788215637207,0.08410954475402832
good_train_remaining/2026_03_20-00_13_58-838.png__roi_000,,,good_train_remaining/2026_03_20-00_13_58-838.png,good_train_remaining/2026_03_20-00_13_58-838.png,0,normalmap,custom_eval,C:\anomalydino_data_single_object_normalmap\normalmap\train\good\2026_03_20-00_13_58-838.png,C:\ai\AnomalyDINO\results_CUSTOM\dinov3_vitb16_688\8-shot_preprocess=force_no_mask_no_rotation_bestsearch8_fast20greedy_maxanomap_res688_evaltrain_20260413\hq_sam_outputs_batch\roi_crops_peak_hysteresis_h0.5_l0.2_merge3bridge0.1_seed=0_sam_hq_vit_tiny\combined_overlay_gallery_flat\good_train_remaining\2026_03_20-00_13_58-838.png,C:\ai\AnomalyDINO\results_CUSTOM\dinov3_vitb16_688\8-shot_preprocess=force_no_mask_no_rotation_bestsearch8_fast20greedy_maxanomap_res688_evaltrain_20260413\hq_sam_outputs_batch\roi_crops_peak_hysteresis_h0.5_l0.2_merge3bridge0.1_seed=0_sam_hq_vit_tiny\good_train_remaining\2026_03_20-00_13_58-838\combined_overlay.png,,982,542,1016,576,0.7424182295799255,662,2,0.0008305647840531562,0.08780306577682495,0.0688270777463913,0.08780306577682495
good_train_remaining/2026_03_20-00_13_58-838.png__roi_001,,,good_train_remaining/2026_03_20-00_13_58-838.png,good_train_remaining/2026_03_20-00_13_58-838.png,1,normalmap,custom_eval,C:\anomalydino_data_single_object_normalmap\normalmap\train\good\2026_03_20-00_13_58-838.png,C:\ai\AnomalyDINO\results_CUSTOM\dinov3_vitb16_688\8-shot_preprocess=force_no_mask_no_rotation_bestsearch8_fast20greedy_maxanomap_res688_evaltrain_20260413\hq_sam_outputs_batch\roi_crops_peak_hysteresis_h0.5_l0.2_merge3bridge0.1_seed=0_sam_hq_vit_tiny\combined_overlay_gallery_flat\good_train_remaining\2026_03_20-00_13_58-838.png,C:\ai\AnomalyDINO\results_CUSTOM\dinov3_vitb16_688\8-shot_preprocess=force_no_mask_no_rotation_bestsearch8_fast20greedy_maxanomap_res688_evaltrain_20260413\hq_sam_outputs_batch\roi_crops_peak_hysteresis_h0.5_l0.2_merge3bridge0.1_seed=0_sam_hq_vit_tiny\good_train_remaining\2026_03_20-00_13_58-838\combined_overlay.png,,610,339,644,372,0.8023456335067749,430,1,0.0004152823920265781,0.08584541082382202,0.07142552733421326,0.08584541082382202
good_train_remaining/2026_03_20-00_13_58-838.png__roi_002,,,good_train_remaining/2026_03_20-00_13_58-838.png,good_train_remaining/2026_03_20-00_13_58-838.png,2,normalmap,custom_eval,C:\anomalydino_data_single_object_normalmap\normalmap\train\good\2026_03_20-00_13_58-838.png,C:\ai\AnomalyDINO\results_CUSTOM\dinov3_vitb16_688\8-shot_preprocess=force_no_mask_no_rotation_bestsearch8_fast20greedy_maxanomap_res688_evaltrain_20260413\hq_sam_outputs_batch\roi_crops_peak_hysteresis_h0.5_l0.2_merge3bridge0.1_seed=0_sam_hq_vit_tiny\combined_overlay_gallery_flat\good_train_remaining\2026_03_20-00_13_58-838.png,C:\ai\AnomalyDINO\results_CUSTOM\dinov3_vitb16_688\8-shot_preprocess=force_no_mask_no_rotation_bestsearch8_fast20greedy_maxanomap_res688_evaltrain_20260413\hq_sam_outputs_batch\roi_crops_peak_hysteresis_h0.5_l0.2_merge3bridge0.1_seed=0_sam_hq_vit_tiny\good_train_remaining\2026_03_20-00_13_58-838\combined_overlay.png,,1287,1321,1321,1388,0.7020491361618042,762,2,0.0008305647840531562,0.0738707184791565,0.08841294050216675,0.0738707184791565
good_train_remaining/2026_03_20-00_14_20-504.png__roi_000,,,good_train_remaining/2026_03_20-00_14_20-504.png,good_train_remaining/2026_03_20-00_14_20-504.png,0,normalmap,custom_eval,C:\anomalydino_data_single_object_normalmap\normalmap\train\good\2026_03_20-00_14_20-504.png,C:\ai\AnomalyDINO\results_CUSTOM\dinov3_vitb16_688\8-shot_preprocess=force_no_mask_no_rotation_bestsearch8_fast20greedy_maxanomap_res688_evaltrain_20260413\hq_sam_outputs_batch\roi_crops_peak_hysteresis_h0.5_l0.2_merge3bridge0.1_seed=0_sam_hq_vit_tiny\combined_overlay_gallery_flat\good_train_remaining\2026_03_20-00_14_20-504.png,C:\ai\AnomalyDINO\results_CUSTOM\dinov3_vitb16_688\8-shot_preprocess=force_no_mask_no_rotation_bestsearch8_fast20greedy_maxanomap_res688_evaltrain_20260413\hq_sam_outputs_batch\roi_crops_peak_hysteresis_h0.5_l0.2_merge3bridge0.1_seed=0_sam_hq_vit_tiny\good_train_remaining\2026_03_20-00_14_20-504\combined_overlay.png,,644,406,677,474,0.7530719041824341,586,2,0.0008305647840531562,0.08740583062171936,0.10831597447395325,0.08740583062171936
good_train_remaining/2026_03_20-00_14_20-504.png__roi_001,,,good_train_remaining/2026_03_20-00_14_20-504.png,good_train_remaining/2026_03_20-00_14_20-504.png,1,normalmap,custom_eval,C:\anomalydino_data_single_object_normalmap\normalmap\train\good\2026_03_20-00_14_20-504.png,C:\ai\AnomalyDINO\results_CUSTOM\dinov3_vitb16_688\8-shot_preprocess=force_no_mask_no_rotation_bestsearch8_fast20greedy_maxanomap_res688_evaltrain_20260413\hq_sam_outputs_batch\roi_crops_peak_hysteresis_h0.5_l0.2_merge3bridge0.1_seed=0_sam_hq_vit_tiny\combined_overlay_gallery_flat\good_train_remaining\2026_03_20-00_14_20-504.png,C:\ai\AnomalyDINO\results_CUSTOM\dinov3_vitb16_688\8-shot_preprocess=force_no_mask_no_rotation_bestsearch8_fast20greedy_maxanomap_res688_evaltrain_20260413\hq_sam_outputs_batch\roi_crops_peak_hysteresis_h0.5_l0.2_merge3bridge0.1_seed=0_sam_hq_vit_tiny\good_train_remaining\2026_03_20-00_14_20-504\combined_overlay.png,,813,880,847,914,0.7555038332939148,768,2,0.0008305647840531562,0.08644801378250122,0.06856392323970795,0.08644801378250122
good_train_remaining/2026_03_20-00_14_27-555.png__roi_000,,,good_train_remaining/2026_03_20-00_14_27-555.png,good_train_remaining/2026_03_20-00_14_27-555.png,0,normalmap,custom_eval,C:\anomalydino_data_single_object_normalmap\normalmap\train\good\2026_03_20-00_14_27-555.png,C:\ai\AnomalyDINO\results_CUSTOM\dinov3_vitb16_688\8-shot_preprocess=force_no_mask_no_rotation_bestsearch8_fast20greedy_maxanomap_res688_evaltrain_20260413\hq_sam_outputs_batch\roi_crops_peak_hysteresis_h0.5_l0.2_merge3bridge0.1_seed=0_sam_hq_vit_tiny\combined_overlay_gallery_flat\good_train_remaining\2026_03_20-00_14_27-555.png,C:\ai\AnomalyDINO\results_CUSTOM\dinov3_vitb16_688\8-shot_preprocess=force_no_mask_no_rotation_bestsearch8_fast20greedy_maxanomap_res688_evaltrain_20260413\hq_sam_outputs_batch\roi_crops_peak_hysteresis_h0.5_l0.2_merge3bridge0.1_seed=0_sam_hq_vit_tiny\good_train_remaining\2026_03_20-00_14_27-555\combined_overlay.png,,711,1050,779,1117,0.695344090461731,2751,4,0.0016611295681063123,0.0847044587135315,0.14135940372943878,0.0847044587135315
good_train_remaining/2026_03_20-00_14_43-099.png__roi_000,,,good_train_remaining/2026_03_20-00_14_43-099.png,good_train_remaining/2026_03_20-00_14_43-099.png,0,normalmap,custom_eval,C:\anomalydino_data_single_object_normalmap\normalmap\train\good\2026_03_20-00_14_43-099.png,C:\ai\AnomalyDINO\results_CUSTOM\dinov3_vitb16_688\8-shot_preprocess=force_no_mask_no_rotation_bestsearch8_fast20greedy_maxanomap_res688_evaltrain_20260413\hq_sam_outputs_batch\roi_crops_peak_hysteresis_h0.5_l0.2_merge3bridge0.1_seed=0_sam_hq_vit_tiny\combined_overlay_gallery_flat\good_train_remaining\2026_03_20-00_14_43-099.png,C:\ai\AnomalyDINO\results_CUSTOM\dinov3_vitb16_688\8-shot_preprocess=force_no_mask_no_rotation_bestsearch8_fast20greedy_maxanomap_res688_evaltrain_20260413\hq_sam_outputs_batch\roi_crops_peak_hysteresis_h0.5_l0.2_merge3bridge0.1_seed=0_sam_hq_vit_tiny\good_train_remaining\2026_03_20-00_14_43-099\combined_overlay.png,,1050,677,1118,779,0.6615149974822998,2708,6,0.0024916943521594683,0.08219653367996216,0.12228390574455261,0.08219653367996216
good_train_remaining/2026_03_20-00_39_31-818.png__roi_000,,,good_train_remaining/2026_03_20-00_39_31-818.png,good_train_remaining/2026_03_20-00_39_31-818.png,0,normalmap,custom_eval,C:\anomalydino_data_single_object_normalmap\normalmap\train\good\2026_03_20-00_39_31-818.png,C:\ai\AnomalyDINO\results_CUSTOM\dinov3_vitb16_688\8-shot_preprocess=force_no_mask_no_rotation_bestsearch8_fast20greedy_maxanomap_res688_evaltrain_20260413\hq_sam_outputs_batch\roi_crops_peak_hysteresis_h0.5_l0.2_merge3bridge0.1_seed=0_sam_hq_vit_tiny\combined_overlay_gallery_flat\good_train_remaining\2026_03_20-00_39_31-818.png,C:\ai\AnomalyDINO\results_CUSTOM\dinov3_vitb16_688\8-shot_preprocess=force_no_mask_no_rotation_bestsearch8_fast20greedy_maxanomap_res688_evaltrain_20260413\hq_sam_outputs_batch\roi_crops_peak_hysteresis_h0.5_l0.2_merge3bridge0.1_seed=0_sam_hq_vit_tiny\good_train_remaining\2026_03_20-00_39_31-818\combined_overlay.png,,1152,406,1186,474,0.7363816499710083,342,2,0.0008305647840531562,0.10593053698539734,0.15898233652114868,0.10593053698539734
good_train_remaining/2026_03_20-00_40_00-079.png__roi_000,,,good_train_remaining/2026_03_20-00_40_00-079.png,good_train_remaining/2026_03_20-00_40_00-079.png,0,normalmap,custom_eval,C:\anomalydino_data_single_object_normalmap\normalmap\train\good\2026_03_20-00_40_00-079.png,C:\ai\AnomalyDINO\results_CUSTOM\dinov3_vitb16_688\8-shot_preprocess=force_no_mask_no_rotation_bestsearch8_fast20greedy_maxanomap_res688_evaltrain_20260413\hq_sam_outputs_batch\roi_crops_peak_hysteresis_h0.5_l0.2_merge3bridge0.1_seed=0_sam_hq_vit_tiny\combined_overlay_gallery_flat\good_train_remaining\2026_03_20-00_40_00-079.png,C:\ai\AnomalyDINO\results_CUSTOM\dinov3_vitb16_688\8-shot_preprocess=force_no_mask_no_rotation_bestsearch8_fast20greedy_maxanomap_res688_evaltrain_20260413\hq_sam_outputs_batch\roi_crops_peak_hysteresis_h0.5_l0.2_merge3bridge0.1_seed=0_sam_hq_vit_tiny\good_train_remaining\2026_03_20-00_40_00-079\combined_overlay.png,,237,609,305,643,0.7663003206253052,1245,3,0.0012458471760797341,0.08833172917366028,0.15403130650520325,0.08833172917366028
good_train_remaining/2026_03_20-00_41_46-415.png__roi_000,,,good_train_remaining/2026_03_20-00_41_46-415.png,good_train_remaining/2026_03_20-00_41_46-415.png,0,normalmap,custom_eval,C:\anomalydino_data_single_object_normalmap\normalmap\train\good\2026_03_20-00_41_46-415.png,C:\ai\AnomalyDINO\results_CUSTOM\dinov3_vitb16_688\8-shot_preprocess=force_no_mask_no_rotation_bestsearch8_fast20greedy_maxanomap_res688_evaltrain_20260413\hq_sam_outputs_batch\roi_crops_peak_hysteresis_h0.5_l0.2_merge3bridge0.1_seed=0_sam_hq_vit_tiny\combined_overlay_gallery_flat\good_train_remaining\2026_03_20-00_41_46-415.png,C:\ai\AnomalyDINO\results_CUSTOM\dinov3_vitb16_688\8-shot_preprocess=force_no_mask_no_rotation_bestsearch8_fast20greedy_maxanomap_res688_evaltrain_20260413\hq_sam_outputs_batch\roi_crops_peak_hysteresis_h0.5_l0.2_merge3bridge0.1_seed=0_sam_hq_vit_tiny\good_train_remaining\2026_03_20-00_41_46-415\combined_overlay.png,,406,237,474,305,0.7465779781341553,2116,4,0.0016611295681063123,0.06747037172317505,0.11301057040691376,0.06747037172317505
good_train_remaining/2026_03_20-00_44_17-714.png__roi_000,,,good_train_remaining/2026_03_20-00_44_17-714.png,good_train_remaining/2026_03_20-00_44_17-714.png,0,normalmap,custom_eval,C:\anomalydino_data_single_object_normalmap\normalmap\train\good\2026_03_20-00_44_17-714.png,C:\ai\AnomalyDINO\results_CUSTOM\dinov3_vitb16_688\8-shot_preprocess=force_no_mask_no_rotation_bestsearch8_fast20greedy_maxanomap_res688_evaltrain_20260413\hq_sam_outputs_batch\roi_crops_peak_hysteresis_h0.5_l0.2_merge3bridge0.1_seed=0_sam_hq_vit_tiny\combined_overlay_gallery_flat\good_train_remaining\2026_03_20-00_44_17-714.png,C:\ai\AnomalyDINO\results_CUSTOM\dinov3_vitb16_688\8-shot_preprocess=force_no_mask_no_rotation_bestsearch8_fast20greedy_maxanomap_res688_evaltrain_20260413\hq_sam_outputs_batch\roi_crops_peak_hysteresis_h0.5_l0.2_merge3bridge0.1_seed=0_sam_hq_vit_tiny\good_train_remaining\2026_03_20-00_44_17-714\combined_overlay.png,,1660,68,1863,271,0.6180837154388428,27020,36,0.014950166112956811,0.06337851285934448,0.32873401045799255,0.06337851285934448
good_train_remaining/2026_03_20-00_44_17-714.png__roi_001,,,good_train_remaining/2026_03_20-00_44_17-714.png,good_train_remaining/2026_03_20-00_44_17-714.png,1,normalmap,custom_eval,C:\anomalydino_data_single_object_normalmap\normalmap\train\good\2026_03_20-00_44_17-714.png,C:\ai\AnomalyDINO\results_CUSTOM\dinov3_vitb16_688\8-shot_preprocess=force_no_mask_no_rotation_bestsearch8_fast20greedy_maxanomap_res688_evaltrain_20260413\hq_sam_outputs_batch\roi_crops_peak_hysteresis_h0.5_l0.2_merge3bridge0.1_seed=0_sam_hq_vit_tiny\combined_overlay_gallery_flat\good_train_remaining\2026_03_20-00_44_17-714.png,C:\ai\AnomalyDINO\results_CUSTOM\dinov3_vitb16_688\8-shot_preprocess=force_no_mask_no_rotation_bestsearch8_fast20greedy_maxanomap_res688_evaltrain_20260413\hq_sam_outputs_batch\roi_crops_peak_hysteresis_h0.5_l0.2_merge3bridge0.1_seed=0_sam_hq_vit_tiny\good_train_remaining\2026_03_20-00_44_17-714\combined_overlay.png,,1389,68,1423,135,0.6954846978187561,1140,2,0.0008305647840531562,0.060091763734817505,0.08991384506225586,0.060091763734817505
test/bad/2D und 3D/2026_03_11-09_22_29-392.png__roi_000,,,test/bad/2D und 3D/2026_03_11-09_22_29-392.png,test/bad/2D und 3D/2026_03_11-09_22_29-392.png,0,normalmap,custom_eval,C:\anomalydino_data_single_object_normalmap\normalmap\test\bad\2D und 3D\2026_03_11-09_22_29-392.png,C:\ai\AnomalyDINO\results_CUSTOM\dinov3_vitb16_688\8-shot_preprocess=force_no_mask_no_rotation_bestsearch8_fast20greedy_maxanomap_res688_evaltrain_20260413\hq_sam_outputs_batch\roi_crops_peak_hysteresis_h0.5_l0.2_merge3bridge0.1_seed=0_sam_hq_vit_tiny\combined_overlay_gallery_flat\2D und 3D\2026_03_11-09_22_29-392.png,C:\ai\AnomalyDINO\results_CUSTOM\dinov3_vitb16_688\8-shot_preprocess=force_no_mask_no_rotation_bestsearch8_fast20greedy_maxanomap_res688_evaltrain_20260413\hq_sam_outputs_batch\roi_crops_peak_hysteresis_h0.5_l0.2_merge3bridge0.1_seed=0_sam_hq_vit_tiny\test\bad\2D und 3D\2026_03_11-09_22_29-392\combined_overlay.png,,474,474,576,542,0.8126673698425293,1483,4,0.0016611295681063123,0.18764054775238037,0.38132986426353455,0.18764054775238037
test/bad/2D und 3D/2026_03_11-09_22_29-392.png__roi_001,,,test/bad/2D und 3D/2026_03_11-09_22_29-392.png,test/bad/2D und 3D/2026_03_11-09_22_29-392.png,1,normalmap,custom_eval,C:\anomalydino_data_single_object_normalmap\normalmap\test\bad\2D und 3D\2026_03_11-09_22_29-392.png,C:\ai\AnomalyDINO\results_CUSTOM\dinov3_vitb16_688\8-shot_preprocess=force_no_mask_no_rotation_bestsearch8_fast20greedy_maxanomap_res688_evaltrain_20260413\hq_sam_outputs_batch\roi_crops_peak_hysteresis_h0.5_l0.2_merge3bridge0.1_seed=0_sam_hq_vit_tiny\combined_overlay_gallery_flat\2D und 3D\2026_03_11-09_22_29-392.png,C:\ai\AnomalyDINO\results_CUSTOM\dinov3_vitb16_688\8-shot_preprocess=force_no_mask_no_rotation_bestsearch8_fast20greedy_maxanomap_res688_evaltrain_20260413\hq_sam_outputs_batch\roi_crops_peak_hysteresis_h0.5_l0.2_merge3bridge0.1_seed=0_sam_hq_vit_tiny\test\bad\2D und 3D\2026_03_11-09_22_29-392\combined_overlay.png,,1389,982,1456,1050,0.8534820079803467,947,4,0.0016611295681063123,0.18500593304634094,0.2746730148792267,0.18500593304634094
test/bad/2D und 3D/2026_03_11-09_22_29-392.png__roi_002,,,test/bad/2D und 3D/2026_03_11-09_22_29-392.png,test/bad/2D und 3D/2026_03_11-09_22_29-392.png,2,normalmap,custom_eval,C:\anomalydino_data_single_object_normalmap\normalmap\test\bad\2D und 3D\2026_03_11-09_22_29-392.png,C:\ai\AnomalyDINO\results_CUSTOM\dinov3_vitb16_688\8-shot_preprocess=force_no_mask_no_rotation_bestsearch8_fast20greedy_maxanomap_res688_evaltrain_20260413\hq_sam_outputs_batch\roi_crops_peak_hysteresis_h0.5_l0.2_merge3bridge0.1_seed=0_sam_hq_vit_tiny\combined_overlay_gallery_flat\2D und 3D\2026_03_11-09_22_29-392.png,C:\ai\AnomalyDINO\results_CUSTOM\dinov3_vitb16_688\8-shot_preprocess=force_no_mask_no_rotation_bestsearch8_fast20greedy_maxanomap_res688_evaltrain_20260413\hq_sam_outputs_batch\roi_crops_peak_hysteresis_h0.5_l0.2_merge3bridge0.1_seed=0_sam_hq_vit_tiny\test\bad\2D und 3D\2026_03_11-09_22_29-392\combined_overlay.png,,508,1050,576,1084,0.7534260153770447,1495,2,0.0008305647840531562,0.1441035270690918,0.18229973316192627,0.1441035270690918
test/bad/2D und 3D/2026_03_11-09_22_29-392.png__roi_003,,,test/bad/2D und 3D/2026_03_11-09_22_29-392.png,test/bad/2D und 3D/2026_03_11-09_22_29-392.png,3,normalmap,custom_eval,C:\anomalydino_data_single_object_normalmap\normalmap\test\bad\2D und 3D\2026_03_11-09_22_29-392.png,C:\ai\AnomalyDINO\results_CUSTOM\dinov3_vitb16_688\8-shot_preprocess=force_no_mask_no_rotation_bestsearch8_fast20greedy_maxanomap_res688_evaltrain_20260413\hq_sam_outputs_batch\roi_crops_peak_hysteresis_h0.5_l0.2_merge3bridge0.1_seed=0_sam_hq_vit_tiny\combined_overlay_gallery_flat\2D und 3D\2026_03_11-09_22_29-392.png,C:\ai\AnomalyDINO\results_CUSTOM\dinov3_vitb16_688\8-shot_preprocess=force_no_mask_no_rotation_bestsearch8_fast20greedy_maxanomap_res688_evaltrain_20260413\hq_sam_outputs_batch\roi_crops_peak_hysteresis_h0.5_l0.2_merge3bridge0.1_seed=0_sam_hq_vit_tiny\test\bad\2D und 3D\2026_03_11-09_22_29-392\combined_overlay.png,,1186,1354,1253,1388,0.8958700895309448,1359,4,0.0016611295681063123,0.10496699810028076,0.16407132148742676,0.10496699810028076
test/bad/2D und 3D/2026_03_11-09_22_29-392.png__roi_004,,,test/bad/2D und 3D/2026_03_11-09_22_29-392.png,test/bad/2D und 3D/2026_03_11-09_22_29-392.png,4,normalmap,custom_eval,C:\anomalydino_data_single_object_normalmap\normalmap\test\bad\2D und 3D\2026_03_11-09_22_29-392.png,C:\ai\AnomalyDINO\results_CUSTOM\dinov3_vitb16_688\8-shot_preprocess=force_no_mask_no_rotation_bestsearch8_fast20greedy_maxanomap_res688_evaltrain_20260413\hq_sam_outputs_batch\roi_crops_peak_hysteresis_h0.5_l0.2_merge3bridge0.1_seed=0_sam_hq_vit_tiny\combined_overlay_gallery_flat\2D und 3D\2026_03_11-09_22_29-392.png,C:\ai\AnomalyDINO\results_CUSTOM\dinov3_vitb16_688\8-shot_preprocess=force_no_mask_no_rotation_bestsearch8_fast20greedy_maxanomap_res688_evaltrain_20260413\hq_sam_outputs_batch\roi_crops_peak_hysteresis_h0.5_l0.2_merge3bridge0.1_seed=0_sam_hq_vit_tiny\test\bad\2D und 3D\2026_03_11-09_22_29-392\combined_overlay.png,,1558,1084,1592,1117,0.832723081111908,503,1,0.0004152823920265781,0.09818470478057861,0.08013176918029785,0.09818470478057861
test/bad/2D und 3D/2026_03_11-09_22_29-392.png__roi_005,,,test/bad/2D und 3D/2026_03_11-09_22_29-392.png,test/bad/2D und 3D/2026_03_11-09_22_29-392.png,5,normalmap,custom_eval,C:\anomalydino_data_single_object_normalmap\normalmap\test\bad\2D und 3D\2026_03_11-09_22_29-392.png,C:\ai\AnomalyDINO\results_CUSTOM\dinov3_vitb16_688\8-shot_preprocess=force_no_mask_no_rotation_bestsearch8_fast20greedy_maxanomap_res688_evaltrain_20260413\hq_sam_outputs_batch\roi_crops_peak_hysteresis_h0.5_l0.2_merge3bridge0.1_seed=0_sam_hq_vit_tiny\combined_overlay_gallery_flat\2D und 3D\2026_03_11-09_22_29-392.png,C:\ai\AnomalyDINO\results_CUSTOM\dinov3_vitb16_688\8-shot_preprocess=force_no_mask_no_rotation_bestsearch8_fast20greedy_maxanomap_res688_evaltrain_20260413\hq_sam_outputs_batch\roi_crops_peak_hysteresis_h0.5_l0.2_merge3bridge0.1_seed=0_sam_hq_vit_tiny\test\bad\2D und 3D\2026_03_11-09_22_29-392\combined_overlay.png,,1694,305,1829,745,0.6341779232025146,18961,32,0.013289036544850499,0.09671592712402344,0.8252382576465607,0.09671592712402344
test/bad/2D und 3D/2026_03_11-09_22_29-392.png__roi_006,,,test/bad/2D und 3D/2026_03_11-09_22_29-392.png,test/bad/2D und 3D/2026_03_11-09_22_29-392.png,6,normalmap,custom_eval,C:\anomalydino_data_single_object_normalmap\normalmap\test\bad\2D und 3D\2026_03_11-09_22_29-392.png,C:\ai\AnomalyDINO\results_CUSTOM\dinov3_vitb16_688\8-shot_preprocess=force_no_mask_no_rotation_bestsearch8_fast20greedy_maxanomap_res688_evaltrain_20260413\hq_sam_outputs_batch\roi_crops_peak_hysteresis_h0.5_l0.2_merge3bridge0.1_seed=0_sam_hq_vit_tiny\combined_overlay_gallery_flat\2D und 3D\2026_03_11-09_22_29-392.png,C:\ai\AnomalyDINO\results_CUSTOM\dinov3_vitb16_688\8-shot_preprocess=force_no_mask_no_rotation_bestsearch8_fast20greedy_maxanomap_res688_evaltrain_20260413\hq_sam_outputs_batch\roi_crops_peak_hysteresis_h0.5_l0.2_merge3bridge0.1_seed=0_sam_hq_vit_tiny\test\bad\2D und 3D\2026_03_11-09_22_29-392\combined_overlay.png,,779,813,813,847,0.7085701823234558,684,2,0.0008305647840531562,0.09323999285697937,0.07857239246368408,0.09323999285697937
test/bad/2D und 3D/2026_03_11-09_22_29-392.png__roi_007,,,test/bad/2D und 3D/2026_03_11-09_22_29-392.png,test/bad/2D und 3D/2026_03_11-09_22_29-392.png,7,normalmap,custom_eval,C:\anomalydino_data_single_object_normalmap\normalmap\test\bad\2D und 3D\2026_03_11-09_22_29-392.png,C:\ai\AnomalyDINO\results_CUSTOM\dinov3_vitb16_688\8-shot_preprocess=force_no_mask_no_rotation_bestsearch8_fast20greedy_maxanomap_res688_evaltrain_20260413\hq_sam_outputs_batch\roi_crops_peak_hysteresis_h0.5_l0.2_merge3bridge0.1_seed=0_sam_hq_vit_tiny\combined_overlay_gallery_flat\2D und 3D\2026_03_11-09_22_29-392.png,C:\ai\AnomalyDINO\results_CUSTOM\dinov3_vitb16_688\8-shot_preprocess=force_no_mask_no_rotation_bestsearch8_fast20greedy_maxanomap_res688_evaltrain_20260413\hq_sam_outputs_batch\roi_crops_peak_hysteresis_h0.5_l0.2_merge3bridge0.1_seed=0_sam_hq_vit_tiny\test\bad\2D und 3D\2026_03_11-09_22_29-392\combined_overlay.png,,1795,237,1863,271,0.6940984129905701,1889,5,0.0020764119601328905,0.08458781242370605,0.08086970448493958,0.08458781242370605
test/bad/2D und 3D/2026_03_11-09_22_29-392.png__roi_008,,,test/bad/2D und 3D/2026_03_11-09_22_29-392.png,test/bad/2D und 3D/2026_03_11-09_22_29-392.png,8,normalmap,custom_eval,C:\anomalydino_data_single_object_normalmap\normalmap\test\bad\2D und 3D\2026_03_11-09_22_29-392.png,C:\ai\AnomalyDINO\results_CUSTOM\dinov3_vitb16_688\8-shot_preprocess=force_no_mask_no_rotation_bestsearch8_fast20greedy_maxanomap_res688_evaltrain_20260413\hq_sam_outputs_batch\roi_crops_peak_hysteresis_h0.5_l0.2_merge3bridge0.1_seed=0_sam_hq_vit_tiny\combined_overlay_gallery_flat\2D und 3D\2026_03_11-09_22_29-392.png,C:\ai\AnomalyDINO\results_CUSTOM\dinov3_vitb16_688\8-shot_preprocess=force_no_mask_no_rotation_bestsearch8_fast20greedy_maxanomap_res688_evaltrain_20260413\hq_sam_outputs_batch\roi_crops_peak_hysteresis_h0.5_l0.2_merge3bridge0.1_seed=0_sam_hq_vit_tiny\test\bad\2D und 3D\2026_03_11-09_22_29-392\combined_overlay.png,,203,305,237,339,0.7387101650238037,720,2,0.0008305647840531562,0.08093845844268799,0.06546701490879059,0.08093845844268799
test/bad/2D und 3D/2026_03_11-09_22_29-392.png__roi_009,,,test/bad/2D und 3D/2026_03_11-09_22_29-392.png,test/bad/2D und 3D/2026_03_11-09_22_29-392.png,9,normalmap,custom_eval,C:\anomalydino_data_single_object_normalmap\normalmap\test\bad\2D und 3D\2026_03_11-09_22_29-392.png,C:\ai\AnomalyDINO\results_CUSTOM\dinov3_vitb16_688\8-shot_preprocess=force_no_mask_no_rotation_bestsearch8_fast20greedy_maxanomap_res688_evaltrain_20260413\hq_sam_outputs_batch\roi_crops_peak_hysteresis_h0.5_l0.2_merge3bridge0.1_seed=0_sam_hq_vit_tiny\combined_overlay_gallery_flat\2D und 3D\2026_03_11-09_22_29-392.png,C:\ai\AnomalyDINO\results_CUSTOM\dinov3_vitb16_688\8-shot_preprocess=force_no_mask_no_rotation_bestsearch8_fast20greedy_maxanomap_res688_evaltrain_20260413\hq_sam_outputs_batch\roi_crops_peak_hysteresis_h0.5_l0.2_merge3bridge0.1_seed=0_sam_hq_vit_tiny\test\bad\2D und 3D\2026_03_11-09_22_29-392\combined_overlay.png,,1558,102,1626,169,0.6960020065307617,2603,6,0.0024916943521594683,0.06455349922180176,0.05791941285133362,0.06455349922180176
test/bad/2D und 3D/2026_03_11-09_22_29-392.png__roi_010,,,test/bad/2D und 3D/2026_03_11-09_22_29-392.png,test/bad/2D und 3D/2026_03_11-09_22_29-392.png,10,normalmap,custom_eval,C:\anomalydino_data_single_object_normalmap\normalmap\test\bad\2D und 3D\2026_03_11-09_22_29-392.png,C:\ai\AnomalyDINO\results_CUSTOM\dinov3_vitb16_688\8-shot_preprocess=force_no_mask_no_rotation_bestsearch8_fast20greedy_maxanomap_res688_evaltrain_20260413\hq_sam_outputs_batch\roi_crops_peak_hysteresis_h0.5_l0.2_merge3bridge0.1_seed=0_sam_hq_vit_tiny\combined_overlay_gallery_flat\2D und 3D\2026_03_11-09_22_29-392.png,C:\ai\AnomalyDINO\results_CUSTOM\dinov3_vitb16_688\8-shot_preprocess=force_no_mask_no_rotation_bestsearch8_fast20greedy_maxanomap_res688_evaltrain_20260413\hq_sam_outputs_batch\roi_crops_peak_hysteresis_h0.5_l0.2_merge3bridge0.1_seed=0_sam_hq_vit_tiny\test\bad\2D und 3D\2026_03_11-09_22_29-392\combined_overlay.png,,406,34,508,135,0.5663888454437256,5604,10,0.004152823920265781,0.06371623277664185,0.1249360740184784,0.06371623277664185
test/bad/2D und 3D/2026_03_11-09_22_29-392.png__roi_011,,,test/bad/2D und 3D/2026_03_11-09_22_29-392.png,test/bad/2D und 3D/2026_03_11-09_22_29-392.png,11,normalmap,custom_eval,C:\anomalydino_data_single_object_normalmap\normalmap\test\bad\2D und 3D\2026_03_11-09_22_29-392.png,C:\ai\AnomalyDINO\results_CUSTOM\dinov3_vitb16_688\8-shot_preprocess=force_no_mask_no_rotation_bestsearch8_fast20greedy_maxanomap_res688_evaltrain_20260413\hq_sam_outputs_batch\roi_crops_peak_hysteresis_h0.5_l0.2_merge3bridge0.1_seed=0_sam_hq_vit_tiny\combined_overlay_gallery_flat\2D und 3D\2026_03_11-09_22_29-392.png,C:\ai\AnomalyDINO\results_CUSTOM\dinov3_vitb16_688\8-shot_preprocess=force_no_mask_no_rotation_bestsearch8_fast20greedy_maxanomap_res688_evaltrain_20260413\hq_sam_outputs_batch\roi_crops_peak_hysteresis_h0.5_l0.2_merge3bridge0.1_seed=0_sam_hq_vit_tiny\test\bad\2D und 3D\2026_03_11-09_22_29-392\combined_overlay.png,,1389,508,1524,609,0.6396419405937195,8331,15,0.006229235880398671,0.060629040002822876,0.09697973728179932,0.060629040002822876
test/bad/2D und 3D/2026_03_11-09_23_07-146.png__roi_000,,,test/bad/2D und 3D/2026_03_11-09_23_07-146.png,test/bad/2D und 3D/2026_03_11-09_23_07-146.png,0,normalmap,custom_eval,C:\anomalydino_data_single_object_normalmap\normalmap\test\bad\2D und 3D\2026_03_11-09_23_07-146.png,C:\ai\AnomalyDINO\results_CUSTOM\dinov3_vitb16_688\8-shot_preprocess=force_no_mask_no_rotation_bestsearch8_fast20greedy_maxanomap_res688_evaltrain_20260413\hq_sam_outputs_batch\roi_crops_peak_hysteresis_h0.5_l0.2_merge3bridge0.1_seed=0_sam_hq_vit_tiny\combined_overlay_gallery_flat\2D und 3D\2026_03_11-09_23_07-146.png,C:\ai\AnomalyDINO\results_CUSTOM\dinov3_vitb16_688\8-shot_preprocess=force_no_mask_no_rotation_bestsearch8_fast20greedy_maxanomap_res688_evaltrain_20260413\hq_sam_outputs_batch\roi_crops_peak_hysteresis_h0.5_l0.2_merge3bridge0.1_seed=0_sam_hq_vit_tiny\test\bad\2D und 3D\2026_03_11-09_23_07-146\combined_overlay.png,,1084,609,1186,677,0.6806383728981018,1244,4,0.0016611295681063123,0.11262631416320801,0.20550215244293213,0.11262631416320801
test/bad/2D und 3D/2026_03_11-09_23_07-146.png__roi_001,,,test/bad/2D und 3D/2026_03_11-09_23_07-146.png,test/bad/2D und 3D/2026_03_11-09_23_07-146.png,1,normalmap,custom_eval,C:\anomalydino_data_single_object_normalmap\normalmap\test\bad\2D und 3D\2026_03_11-09_23_07-146.png,C:\ai\AnomalyDINO\results_CUSTOM\dinov3_vitb16_688\8-shot_preprocess=force_no_mask_no_rotation_bestsearch8_fast20greedy_maxanomap_res688_evaltrain_20260413\hq_sam_outputs_batch\roi_crops_peak_hysteresis_h0.5_l0.2_merge3bridge0.1_seed=0_sam_hq_vit_tiny\combined_overlay_gallery_flat\2D und 3D\2026_03_11-09_23_07-146.png,C:\ai\AnomalyDINO\results_CUSTOM\dinov3_vitb16_688\8-shot_preprocess=force_no_mask_no_rotation_bestsearch8_fast20greedy_maxanomap_res688_evaltrain_20260413\hq_sam_outputs_batch\roi_crops_peak_hysteresis_h0.5_l0.2_merge3bridge0.1_seed=0_sam_hq_vit_tiny\test\bad\2D und 3D\2026_03_11-09_23_07-146\combined_overlay.png,,1761,609,1795,643,0.7726446986198425,590,2,0.0008305647840531562,0.06191551685333252,0.05302846431732178,0.06191551685333252
test/bad/2D und 3D/2026_03_11-09_23_14-534.png__roi_000,,,test/bad/2D und 3D/2026_03_11-09_23_14-534.png,test/bad/2D und 3D/2026_03_11-09_23_14-534.png,0,normalmap,custom_eval,C:\anomalydino_data_single_object_normalmap\normalmap\test\bad\2D und 3D\2026_03_11-09_23_14-534.png,C:\ai\AnomalyDINO\results_CUSTOM\dinov3_vitb16_688\8-shot_preprocess=force_no_mask_no_rotation_bestsearch8_fast20greedy_maxanomap_res688_evaltrain_20260413\hq_sam_outputs_batch\roi_crops_peak_hysteresis_h0.5_l0.2_merge3bridge0.1_seed=0_sam_hq_vit_tiny\combined_overlay_gallery_flat\2D und 3D\2026_03_11-09_23_14-534.png,C:\ai\AnomalyDINO\results_CUSTOM\dinov3_vitb16_688\8-shot_preprocess=force_no_mask_no_rotation_bestsearch8_fast20greedy_maxanomap_res688_evaltrain_20260413\hq_sam_outputs_batch\roi_crops_peak_hysteresis_h0.5_l0.2_merge3bridge0.1_seed=0_sam_hq_vit_tiny\test\bad\2D und 3D\2026_03_11-09_23_14-534\combined_overlay.png,,1084,339,1118,372,0.840253472328186,651,2,0.0008305647840531562,0.14756935834884644,0.128301739692688,0.14756935834884644
test/bad/2D und 3D/2026_03_11-09_23_14-534.png__roi_001,,,test/bad/2D und 3D/2026_03_11-09_23_14-534.png,test/bad/2D und 3D/2026_03_11-09_23_14-534.png,1,normalmap,custom_eval,C:\anomalydino_data_single_object_normalmap\normalmap\test\bad\2D und 3D\2026_03_11-09_23_14-534.png,C:\ai\AnomalyDINO\results_CUSTOM\dinov3_vitb16_688\8-shot_preprocess=force_no_mask_no_rotation_bestsearch8_fast20greedy_maxanomap_res688_evaltrain_20260413\hq_sam_outputs_batch\roi_crops_peak_hysteresis_h0.5_l0.2_merge3bridge0.1_seed=0_sam_hq_vit_tiny\combined_overlay_gallery_flat\2D und 3D\2026_03_11-09_23_14-534.png,C:\ai\AnomalyDINO\results_CUSTOM\dinov3_vitb16_688\8-shot_preprocess=force_no_mask_no_rotation_bestsearch8_fast20greedy_maxanomap_res688_evaltrain_20260413\hq_sam_outputs_batch\roi_crops_peak_hysteresis_h0.5_l0.2_merge3bridge0.1_seed=0_sam_hq_vit_tiny\test\bad\2D und 3D\2026_03_11-09_23_14-534\combined_overlay.png,,542,1050,644,1117,0.8248133659362793,3178,9,0.003737541528239203,0.07671552896499634,0.1347922384738922,0.07671552896499634
test/bad/2D und 3D/2026_03_11-09_23_14-534.png__roi_002,,,test/bad/2D und 3D/2026_03_11-09_23_14-534.png,test/bad/2D und 3D/2026_03_11-09_23_14-534.png,2,normalmap,custom_eval,C:\anomalydino_data_single_object_normalmap\normalmap\test\bad\2D und 3D\2026_03_11-09_23_14-534.png,C:\ai\AnomalyDINO\results_CUSTOM\dinov3_vitb16_688\8-shot_preprocess=force_no_mask_no_rotation_bestsearch8_fast20greedy_maxanomap_res688_evaltrain_20260413\hq_sam_outputs_batch\roi_crops_peak_hysteresis_h0.5_l0.2_merge3bridge0.1_seed=0_sam_hq_vit_tiny\combined_overlay_gallery_flat\2D und 3D\2026_03_11-09_23_14-534.png,C:\ai\AnomalyDINO\results_CUSTOM\dinov3_vitb16_688\8-shot_preprocess=force_no_mask_no_rotation_bestsearch8_fast20greedy_maxanomap_res688_evaltrain_20260413\hq_sam_outputs_batch\roi_crops_peak_hysteresis_h0.5_l0.2_merge3bridge0.1_seed=0_sam_hq_vit_tiny\test\bad\2D und 3D\2026_03_11-09_23_14-534\combined_overlay.png,,440,813,508,880,0.9107165932655334,1890,4,0.0016611295681063123,0.06921905279159546,0.14335927367210388,0.06921905279159546
test/bad/2D und 3D/2026_03_11-09_23_14-534.png__roi_003,,,test/bad/2D und 3D/2026_03_11-09_23_14-534.png,test/bad/2D und 3D/2026_03_11-09_23_14-534.png,3,normalmap,custom_eval,C:\anomalydino_data_single_object_normalmap\normalmap\test\bad\2D und 3D\2026_03_11-09_23_14-534.png,C:\ai\AnomalyDINO\results_CUSTOM\dinov3_vitb16_688\8-shot_preprocess=force_no_mask_no_rotation_bestsearch8_fast20greedy_maxanomap_res688_evaltrain_20260413\hq_sam_outputs_batch\roi_crops_peak_hysteresis_h0.5_l0.2_merge3bridge0.1_seed=0_sam_hq_vit_tiny\combined_overlay_gallery_flat\2D und 3D\2026_03_11-09_23_14-534.png,C:\ai\AnomalyDINO\results_CUSTOM\dinov3_vitb16_688\8-shot_preprocess=force_no_mask_no_rotation_bestsearch8_fast20greedy_maxanomap_res688_evaltrain_20260413\hq_sam_outputs_batch\roi_crops_peak_hysteresis_h0.5_l0.2_merge3bridge0.1_seed=0_sam_hq_vit_tiny\test\bad\2D und 3D\2026_03_11-09_23_14-534\combined_overlay.png,,1355,68,1592,169,0.6500029563903809,25507,28,0.011627906976744186,0.05929034948348999,0.248653382062912,0.05929034948348999
test/bad/2D und 3D/2026_03_11-09_23_14-534.png__roi_004,,,test/bad/2D und 3D/2026_03_11-09_23_14-534.png,test/bad/2D und 3D/2026_03_11-09_23_14-534.png,4,normalmap,custom_eval,C:\anomalydino_data_single_object_normalmap\normalmap\test\bad\2D und 3D\2026_03_11-09_23_14-534.png,C:\ai\AnomalyDINO\results_CUSTOM\dinov3_vitb16_688\8-shot_preprocess=force_no_mask_no_rotation_bestsearch8_fast20greedy_maxanomap_res688_evaltrain_20260413\hq_sam_outputs_batch\roi_crops_peak_hysteresis_h0.5_l0.2_merge3bridge0.1_seed=0_sam_hq_vit_tiny\combined_overlay_gallery_flat\2D und 3D\2026_03_11-09_23_14-534.png,C:\ai\AnomalyDINO\results_CUSTOM\dinov3_vitb16_688\8-shot_preprocess=force_no_mask_no_rotation_bestsearch8_fast20greedy_maxanomap_res688_evaltrain_20260413\hq_sam_outputs_batch\roi_crops_peak_hysteresis_h0.5_l0.2_merge3bridge0.1_seed=0_sam_hq_vit_tiny\test\bad\2D und 3D\2026_03_11-09_23_14-534\combined_overlay.png,,1592,372,1660,440,0.7338338494300842,2169,4,0.0016611295681063123,0.05882006883621216,0.06328225135803223,0.05882006883621216
test/bad/2D und 3D/2026_03_11-09_23_14-534.png__roi_005,,,test/bad/2D und 3D/2026_03_11-09_23_14-534.png,test/bad/2D und 3D/2026_03_11-09_23_14-534.png,5,normalmap,custom_eval,C:\anomalydino_data_single_object_normalmap\normalmap\test\bad\2D und 3D\2026_03_11-09_23_14-534.png,C:\ai\AnomalyDINO\results_CUSTOM\dinov3_vitb16_688\8-shot_preprocess=force_no_mask_no_rotation_bestsearch8_fast20greedy_maxanomap_res688_evaltrain_20260413\hq_sam_outputs_batch\roi_crops_peak_hysteresis_h0.5_l0.2_merge3bridge0.1_seed=0_sam_hq_vit_tiny\combined_overlay_gallery_flat\2D und 3D\2026_03_11-09_23_14-534.png,C:\ai\AnomalyDINO\results_CUSTOM\dinov3_vitb16_688\8-shot_preprocess=force_no_mask_no_rotation_bestsearch8_fast20greedy_maxanomap_res688_evaltrain_20260413\hq_sam_outputs_batch\roi_crops_peak_hysteresis_h0.5_l0.2_merge3bridge0.1_seed=0_sam_hq_vit_tiny\test\bad\2D und 3D\2026_03_11-09_23_14-534\combined_overlay.png,,1694,406,1795,711,0.6527982950210571,11880,20,0.008305647840531562,0.057353824377059937,0.28633344173431396,0.057353824377059937
test/bad/2D und 3D/2026_03_11-09_23_33-840.png__roi_000,,,test/bad/2D und 3D/2026_03_11-09_23_33-840.png,test/bad/2D und 3D/2026_03_11-09_23_33-840.png,0,normalmap,custom_eval,C:\anomalydino_data_single_object_normalmap\normalmap\test\bad\2D und 3D\2026_03_11-09_23_33-840.png,C:\ai\AnomalyDINO\results_CUSTOM\dinov3_vitb16_688\8-shot_preprocess=force_no_mask_no_rotation_bestsearch8_fast20greedy_maxanomap_res688_evaltrain_20260413\hq_sam_outputs_batch\roi_crops_peak_hysteresis_h0.5_l0.2_merge3bridge0.1_seed=0_sam_hq_vit_tiny\combined_overlay_gallery_flat\2D und 3D\2026_03_11-09_23_33-840.png,C:\ai\AnomalyDINO\results_CUSTOM\dinov3_vitb16_688\8-shot_preprocess=force_no_mask_no_rotation_bestsearch8_fast20greedy_maxanomap_res688_evaltrain_20260413\hq_sam_outputs_batch\roi_crops_peak_hysteresis_h0.5_l0.2_merge3bridge0.1_seed=0_sam_hq_vit_tiny\test\bad\2D und 3D\2026_03_11-09_23_33-840\combined_overlay.png,,474,406,915,1117,0.7911342978477478,248964,251,0.1042358803986711,0.11427167057991028,1.801604300737381,0.11427167057991028
test/bad/2D und 3D/2026_03_11-09_23_33-840.png__roi_001,,,test/bad/2D und 3D/2026_03_11-09_23_33-840.png,test/bad/2D und 3D/2026_03_11-09_23_33-840.png,1,normalmap,custom_eval,C:\anomalydino_data_single_object_normalmap\normalmap\test\bad\2D und 3D\2026_03_11-09_23_33-840.png,C:\ai\AnomalyDINO\results_CUSTOM\dinov3_vitb16_688\8-shot_preprocess=force_no_mask_no_rotation_bestsearch8_fast20greedy_maxanomap_res688_evaltrain_20260413\hq_sam_outputs_batch\roi_crops_peak_hysteresis_h0.5_l0.2_merge3bridge0.1_seed=0_sam_hq_vit_tiny\combined_overlay_gallery_flat\2D und 3D\2026_03_11-09_23_33-840.png,C:\ai\AnomalyDINO\results_CUSTOM\dinov3_vitb16_688\8-shot_preprocess=force_no_mask_no_rotation_bestsearch8_fast20greedy_maxanomap_res688_evaltrain_20260413\hq_sam_outputs_batch\roi_crops_peak_hysteresis_h0.5_l0.2_merge3bridge0.1_seed=0_sam_hq_vit_tiny\test\bad\2D und 3D\2026_03_11-09_23_33-840\combined_overlay.png,,915,169,1558,1185,0.5990725755691528,360343,422,0.17524916943521596,0.1114969253540039,1.0686730742454529,0.1114969253540039
test/bad/2D und 3D/2026_03_11-09_23_33-840.png__roi_002,,,test/bad/2D und 3D/2026_03_11-09_23_33-840.png,test/bad/2D und 3D/2026_03_11-09_23_33-840.png,2,normalmap,custom_eval,C:\anomalydino_data_single_object_normalmap\normalmap\test\bad\2D und 3D\2026_03_11-09_23_33-840.png,C:\ai\AnomalyDINO\results_CUSTOM\dinov3_vitb16_688\8-shot_preprocess=force_no_mask_no_rotation_bestsearch8_fast20greedy_maxanomap_res688_evaltrain_20260413\hq_sam_outputs_batch\roi_crops_peak_hysteresis_h0.5_l0.2_merge3bridge0.1_seed=0_sam_hq_vit_tiny\combined_overlay_gallery_flat\2D und 3D\2026_03_11-09_23_33-840.png,C:\ai\AnomalyDINO\results_CUSTOM\dinov3_vitb16_688\8-shot_preprocess=force_no_mask_no_rotation_bestsearch8_fast20greedy_maxanomap_res688_evaltrain_20260413\hq_sam_outputs_batch\roi_crops_peak_hysteresis_h0.5_l0.2_merge3bridge0.1_seed=0_sam_hq_vit_tiny\test\bad\2D und 3D\2026_03_11-09_23_33-840\combined_overlay.png,,644,237,677,305,0.6898294687271118,1728,4,0.0016611295681063123,0.1058112382888794,0.10425201058387756,0.1058112382888794
test/bad/2D und 3D/2026_03_11-09_24_00-261.png__roi_000,,,test/bad/2D und 3D/2026_03_11-09_24_00-261.png,test/bad/2D und 3D/2026_03_11-09_24_00-261.png,0,normalmap,custom_eval,C:\anomalydino_data_single_object_normalmap\normalmap\test\bad\2D und 3D\2026_03_11-09_24_00-261.png,C:\ai\AnomalyDINO\results_CUSTOM\dinov3_vitb16_688\8-shot_preprocess=force_no_mask_no_rotation_bestsearch8_fast20greedy_maxanomap_res688_evaltrain_20260413\hq_sam_outputs_batch\roi_crops_peak_hysteresis_h0.5_l0.2_merge3bridge0.1_seed=0_sam_hq_vit_tiny\combined_overlay_gallery_flat\2D und 3D\2026_03_11-09_24_00-261.png,C:\ai\AnomalyDINO\results_CUSTOM\dinov3_vitb16_688\8-shot_preprocess=force_no_mask_no_rotation_bestsearch8_fast20greedy_maxanomap_res688_evaltrain_20260413\hq_sam_outputs_batch\roi_crops_peak_hysteresis_h0.5_l0.2_merge3bridge0.1_seed=0_sam_hq_vit_tiny\test\bad\2D und 3D\2026_03_11-09_24_00-261\combined_overlay.png,,373,880,474,982,0.8573009967803955,5056,9,0.003737541528239203,0.23425206542015076,0.8701922744512558,0.23425206542015076
test/bad/2D und 3D/2026_03_11-09_24_00-261.png__roi_001,,,test/bad/2D und 3D/2026_03_11-09_24_00-261.png,test/bad/2D und 3D/2026_03_11-09_24_00-261.png,1,normalmap,custom_eval,C:\anomalydino_data_single_object_normalmap\normalmap\test\bad\2D und 3D\2026_03_11-09_24_00-261.png,C:\ai\AnomalyDINO\results_CUSTOM\dinov3_vitb16_688\8-shot_preprocess=force_no_mask_no_rotation_bestsearch8_fast20greedy_maxanomap_res688_evaltrain_20260413\hq_sam_outputs_batch\roi_crops_peak_hysteresis_h0.5_l0.2_merge3bridge0.1_seed=0_sam_hq_vit_tiny\combined_overlay_gallery_flat\2D und 3D\2026_03_11-09_24_00-261.png,C:\ai\AnomalyDINO\results_CUSTOM\dinov3_vitb16_688\8-shot_preprocess=force_no_mask_no_rotation_bestsearch8_fast20greedy_maxanomap_res688_evaltrain_20260413\hq_sam_outputs_batch\roi_crops_peak_hysteresis_h0.5_l0.2_merge3bridge0.1_seed=0_sam_hq_vit_tiny\test\bad\2D und 3D\2026_03_11-09_24_00-261\combined_overlay.png,,135,68,576,339,0.6024439334869385,126271,129,0.05357142857142857,0.11002576351165771,1.1490883231163025,0.11002576351165771
test/bad/2D und 3D/2026_03_11-09_24_00-261.png__roi_002,,,test/bad/2D und 3D/2026_03_11-09_24_00-261.png,test/bad/2D und 3D/2026_03_11-09_24_00-261.png,2,normalmap,custom_eval,C:\anomalydino_data_single_object_normalmap\normalmap\test\bad\2D und 3D\2026_03_11-09_24_00-261.png,C:\ai\AnomalyDINO\results_CUSTOM\dinov3_vitb16_688\8-shot_preprocess=force_no_mask_no_rotation_bestsearch8_fast20greedy_maxanomap_res688_evaltrain_20260413\hq_sam_outputs_batch\roi_crops_peak_hysteresis_h0.5_l0.2_merge3bridge0.1_seed=0_sam_hq_vit_tiny\combined_overlay_gallery_flat\2D und 3D\2026_03_11-09_24_00-261.png,C:\ai\AnomalyDINO\results_CUSTOM\dinov3_vitb16_688\8-shot_preprocess=force_no_mask_no_rotation_bestsearch8_fast20greedy_maxanomap_res688_evaltrain_20260413\hq_sam_outputs_batch\roi_crops_peak_hysteresis_h0.5_l0.2_merge3bridge0.1_seed=0_sam_hq_vit_tiny\test\bad\2D und 3D\2026_03_11-09_24_00-261\combined_overlay.png,,237,643,339,745,0.8403154015541077,1022,6,0.0024916943521594683,0.10660386085510254,0.21209052205085754,0.10660386085510254
test/bad/2D und 3D/2026_03_11-09_24_00-261.png__roi_003,,,test/bad/2D und 3D/2026_03_11-09_24_00-261.png,test/bad/2D und 3D/2026_03_11-09_24_00-261.png,3,normalmap,custom_eval,C:\anomalydino_data_single_object_normalmap\normalmap\test\bad\2D und 3D\2026_03_11-09_24_00-261.png,C:\ai\AnomalyDINO\results_CUSTOM\dinov3_vitb16_688\8-shot_preprocess=force_no_mask_no_rotation_bestsearch8_fast20greedy_maxanomap_res688_evaltrain_20260413\hq_sam_outputs_batch\roi_crops_peak_hysteresis_h0.5_l0.2_merge3bridge0.1_seed=0_sam_hq_vit_tiny\combined_overlay_gallery_flat\2D und 3D\2026_03_11-09_24_00-261.png,C:\ai\AnomalyDINO\results_CUSTOM\dinov3_vitb16_688\8-shot_preprocess=force_no_mask_no_rotation_bestsearch8_fast20greedy_maxanomap_res688_evaltrain_20260413\hq_sam_outputs_batch\roi_crops_peak_hysteresis_h0.5_l0.2_merge3bridge0.1_seed=0_sam_hq_vit_tiny\test\bad\2D und 3D\2026_03_11-09_24_00-261\combined_overlay.png,,1761,440,1829,474,0.7269930243492126,1602,4,0.0016611295681063123,0.08577969670295715,0.10898828506469727,0.08577969670295715
test/bad/2D und 3D/2026_03_11-09_24_00-261.png__roi_004,,,test/bad/2D und 3D/2026_03_11-09_24_00-261.png,test/bad/2D und 3D/2026_03_11-09_24_00-261.png,4,normalmap,custom_eval,C:\anomalydino_data_single_object_normalmap\normalmap\test\bad\2D und 3D\2026_03_11-09_24_00-261.png,C:\ai\AnomalyDINO\results_CUSTOM\dinov3_vitb16_688\8-shot_preprocess=force_no_mask_no_rotation_bestsearch8_fast20greedy_maxanomap_res688_evaltrain_20260413\hq_sam_outputs_batch\roi_crops_peak_hysteresis_h0.5_l0.2_merge3bridge0.1_seed=0_sam_hq_vit_tiny\combined_overlay_gallery_flat\2D und 3D\2026_03_11-09_24_00-261.png,C:\ai\AnomalyDINO\results_CUSTOM\dinov3_vitb16_688\8-shot_preprocess=force_no_mask_no_rotation_bestsearch8_fast20greedy_maxanomap_res688_evaltrain_20260413\hq_sam_outputs_batch\roi_crops_peak_hysteresis_h0.5_l0.2_merge3bridge0.1_seed=0_sam_hq_vit_tiny\test\bad\2D und 3D\2026_03_11-09_24_00-261\combined_overlay.png,,1456,677,1524,745,0.7113571763038635,2153,7,0.0029069767441860465,0.08253797888755798,0.08525019884109497,0.08253797888755798
test/bad/2D und 3D/2026_03_11-09_24_00-261.png__roi_005,,,test/bad/2D und 3D/2026_03_11-09_24_00-261.png,test/bad/2D und 3D/2026_03_11-09_24_00-261.png,5,normalmap,custom_eval,C:\anomalydino_data_single_object_normalmap\normalmap\test\bad\2D und 3D\2026_03_11-09_24_00-261.png,C:\ai\AnomalyDINO\results_CUSTOM\dinov3_vitb16_688\8-shot_preprocess=force_no_mask_no_rotation_bestsearch8_fast20greedy_maxanomap_res688_evaltrain_20260413\hq_sam_outputs_batch\roi_crops_peak_hysteresis_h0.5_l0.2_merge3bridge0.1_seed=0_sam_hq_vit_tiny\combined_overlay_gallery_flat\2D und 3D\2026_03_11-09_24_00-261.png,C:\ai\AnomalyDINO\results_CUSTOM\dinov3_vitb16_688\8-shot_preprocess=force_no_mask_no_rotation_bestsearch8_fast20greedy_maxanomap_res688_evaltrain_20260413\hq_sam_outputs_batch\roi_crops_peak_hysteresis_h0.5_l0.2_merge3bridge0.1_seed=0_sam_hq_vit_tiny\test\bad\2D und 3D\2026_03_11-09_24_00-261\combined_overlay.png,,1287,1321,1389,1354,0.6614307165145874,1049,3,0.0012458471760797341,0.06886023283004761,0.1518731415271759,0.06886023283004761
test/bad/2D und 3D/2026_03_11-09_24_00-261.png__roi_006,,,test/bad/2D und 3D/2026_03_11-09_24_00-261.png,test/bad/2D und 3D/2026_03_11-09_24_00-261.png,6,normalmap,custom_eval,C:\anomalydino_data_single_object_normalmap\normalmap\test\bad\2D und 3D\2026_03_11-09_24_00-261.png,C:\ai\AnomalyDINO\results_CUSTOM\dinov3_vitb16_688\8-shot_preprocess=force_no_mask_no_rotation_bestsearch8_fast20greedy_maxanomap_res688_evaltrain_20260413\hq_sam_outputs_batch\roi_crops_peak_hysteresis_h0.5_l0.2_merge3bridge0.1_seed=0_sam_hq_vit_tiny\combined_overlay_gallery_flat\2D und 3D\2026_03_11-09_24_00-261.png,C:\ai\AnomalyDINO\results_CUSTOM\dinov3_vitb16_688\8-shot_preprocess=force_no_mask_no_rotation_bestsearch8_fast20greedy_maxanomap_res688_evaltrain_20260413\hq_sam_outputs_batch\roi_crops_peak_hysteresis_h0.5_l0.2_merge3bridge0.1_seed=0_sam_hq_vit_tiny\test\bad\2D und 3D\2026_03_11-09_24_00-261\combined_overlay.png,,1558,508,1761,677,0.6231149435043335,25728,33,0.013704318936877076,0.0650084912776947,0.2655203938484192,0.0650084912776947
test/bad/2D und 3D/2026_03_11-09_24_00-261.png__roi_007,,,test/bad/2D und 3D/2026_03_11-09_24_00-261.png,test/bad/2D und 3D/2026_03_11-09_24_00-261.png,7,normalmap,custom_eval,C:\anomalydino_data_single_object_normalmap\normalmap\test\bad\2D und 3D\2026_03_11-09_24_00-261.png,C:\ai\AnomalyDINO\results_CUSTOM\dinov3_vitb16_688\8-shot_preprocess=force_no_mask_no_rotation_bestsearch8_fast20greedy_maxanomap_res688_evaltrain_20260413\hq_sam_outputs_batch\roi_crops_peak_hysteresis_h0.5_l0.2_merge3bridge0.1_seed=0_sam_hq_vit_tiny\combined_overlay_gallery_flat\2D und 3D\2026_03_11-09_24_00-261.png,C:\ai\AnomalyDINO\results_CUSTOM\dinov3_vitb16_688\8-shot_preprocess=force_no_mask_no_rotation_bestsearch8_fast20greedy_maxanomap_res688_evaltrain_20260413\hq_sam_outputs_batch\roi_crops_peak_hysteresis_h0.5_l0.2_merge3bridge0.1_seed=0_sam_hq_vit_tiny\test\bad\2D und 3D\2026_03_11-09_24_00-261\combined_overlay.png,,1524,34,1795,237,0.5451958179473877,22129,29,0.012043189368770765,0.06461334228515625,0.39687082171440125,0.06461334228515625
test/bad/2D und 3D/2026_03_11-09_24_00-261.png__roi_008,,,test/bad/2D und 3D/2026_03_11-09_24_00-261.png,test/bad/2D und 3D/2026_03_11-09_24_00-261.png,8,normalmap,custom_eval,C:\anomalydino_data_single_object_normalmap\normalmap\test\bad\2D und 3D\2026_03_11-09_24_00-261.png,C:\ai\AnomalyDINO\results_CUSTOM\dinov3_vitb16_688\8-shot_preprocess=force_no_mask_no_rotation_bestsearch8_fast20greedy_maxanomap_res688_evaltrain_20260413\hq_sam_outputs_batch\roi_crops_peak_hysteresis_h0.5_l0.2_merge3bridge0.1_seed=0_sam_hq_vit_tiny\combined_overlay_gallery_flat\2D und 3D\2026_03_11-09_24_00-261.png,C:\ai\AnomalyDINO\results_CUSTOM\dinov3_vitb16_688\8-shot_preprocess=force_no_mask_no_rotation_bestsearch8_fast20greedy_maxanomap_res688_evaltrain_20260413\hq_sam_outputs_batch\roi_crops_peak_hysteresis_h0.5_l0.2_merge3bridge0.1_seed=0_sam_hq_vit_tiny\test\bad\2D und 3D\2026_03_11-09_24_00-261\combined_overlay.png,,1761,237,1863,339,0.6982131004333496,5268,10,0.004152823920265781,0.05932450294494629,0.12686672806739807,0.05932450294494629
test/bad/2D und 3D/2026_03_11-09_24_08-031.png__roi_000,,,test/bad/2D und 3D/2026_03_11-09_24_08-031.png,test/bad/2D und 3D/2026_03_11-09_24_08-031.png,0,normalmap,custom_eval,C:\anomalydino_data_single_object_normalmap\normalmap\test\bad\2D und 3D\2026_03_11-09_24_08-031.png,C:\ai\AnomalyDINO\results_CUSTOM\dinov3_vitb16_688\8-shot_preprocess=force_no_mask_no_rotation_bestsearch8_fast20greedy_maxanomap_res688_evaltrain_20260413\hq_sam_outputs_batch\roi_crops_peak_hysteresis_h0.5_l0.2_merge3bridge0.1_seed=0_sam_hq_vit_tiny\combined_overlay_gallery_flat\2D und 3D\2026_03_11-09_24_08-031.png,C:\ai\AnomalyDINO\results_CUSTOM\dinov3_vitb16_688\8-shot_preprocess=force_no_mask_no_rotation_bestsearch8_fast20greedy_maxanomap_res688_evaltrain_20260413\hq_sam_outputs_batch\roi_crops_peak_hysteresis_h0.5_l0.2_merge3bridge0.1_seed=0_sam_hq_vit_tiny\test\bad\2D und 3D\2026_03_11-09_24_08-031\combined_overlay.png,,135,34,1660,1253,0.9509202837944031,1650038,1584,0.6578073089700996,0.3653683662414551,18.935069054365158,0.3653683662414551
test/bad/2D und 3D/2026_03_11-09_24_08-031.png__roi_001,,,test/bad/2D und 3D/2026_03_11-09_24_08-031.png,test/bad/2D und 3D/2026_03_11-09_24_08-031.png,1,normalmap,custom_eval,C:\anomalydino_data_single_object_normalmap\normalmap\test\bad\2D und 3D\2026_03_11-09_24_08-031.png,C:\ai\AnomalyDINO\results_CUSTOM\dinov3_vitb16_688\8-shot_preprocess=force_no_mask_no_rotation_bestsearch8_fast20greedy_maxanomap_res688_evaltrain_20260413\hq_sam_outputs_batch\roi_crops_peak_hysteresis_h0.5_l0.2_merge3bridge0.1_seed=0_sam_hq_vit_tiny\combined_overlay_gallery_flat\2D und 3D\2026_03_11-09_24_08-031.png,C:\ai\AnomalyDINO\results_CUSTOM\dinov3_vitb16_688\8-shot_preprocess=force_no_mask_no_rotation_bestsearch8_fast20greedy_maxanomap_res688_evaltrain_20260413\hq_sam_outputs_batch\roi_crops_peak_hysteresis_h0.5_l0.2_merge3bridge0.1_seed=0_sam_hq_vit_tiny\test\bad\2D und 3D\2026_03_11-09_24_08-031\combined_overlay.png,,34,34,135,440,0.45791682600975037,986,9,0.003737541528239203,0.08285179734230042,0.5383475571870804,0.08285179734230042
test/bad/2D und 3D/2026_03_11-09_24_08-031.png__roi_002,,,test/bad/2D und 3D/2026_03_11-09_24_08-031.png,test/bad/2D und 3D/2026_03_11-09_24_08-031.png,2,normalmap,custom_eval,C:\anomalydino_data_single_object_normalmap\normalmap\test\bad\2D und 3D\2026_03_11-09_24_08-031.png,C:\ai\AnomalyDINO\results_CUSTOM\dinov3_vitb16_688\8-shot_preprocess=force_no_mask_no_rotation_bestsearch8_fast20greedy_maxanomap_res688_evaltrain_20260413\hq_sam_outputs_batch\roi_crops_peak_hysteresis_h0.5_l0.2_merge3bridge0.1_seed=0_sam_hq_vit_tiny\combined_overlay_gallery_flat\2D und 3D\2026_03_11-09_24_08-031.png,C:\ai\AnomalyDINO\results_CUSTOM\dinov3_vitb16_688\8-shot_preprocess=force_no_mask_no_rotation_bestsearch8_fast20greedy_maxanomap_res688_evaltrain_20260413\hq_sam_outputs_batch\roi_crops_peak_hysteresis_h0.5_l0.2_merge3bridge0.1_seed=0_sam_hq_vit_tiny\test\bad\2D und 3D\2026_03_11-09_24_08-031\combined_overlay.png,,1660,34,1897,1219,0.8635828495025635,124021,117,0.048588039867109634,0.06701809167861938,2.2237912714481354,0.06701809167861938
test/bad/2D und 3D/2026_03_11-09_24_37-517.png__roi_000,,,test/bad/2D und 3D/2026_03_11-09_24_37-517.png,test/bad/2D und 3D/2026_03_11-09_24_37-517.png,0,normalmap,custom_eval,C:\anomalydino_data_single_object_normalmap\normalmap\test\bad\2D und 3D\2026_03_11-09_24_37-517.png,C:\ai\AnomalyDINO\results_CUSTOM\dinov3_vitb16_688\8-shot_preprocess=force_no_mask_no_rotation_bestsearch8_fast20greedy_maxanomap_res688_evaltrain_20260413\hq_sam_outputs_batch\roi_crops_peak_hysteresis_h0.5_l0.2_merge3bridge0.1_seed=0_sam_hq_vit_tiny\combined_overlay_gallery_flat\2D und 3D\2026_03_11-09_24_37-517.png,C:\ai\AnomalyDINO\results_CUSTOM\dinov3_vitb16_688\8-shot_preprocess=force_no_mask_no_rotation_bestsearch8_fast20greedy_maxanomap_res688_evaltrain_20260413\hq_sam_outputs_batch\roi_crops_peak_hysteresis_h0.5_l0.2_merge3bridge0.1_seed=0_sam_hq_vit_tiny\test\bad\2D und 3D\2026_03_11-09_24_37-517\combined_overlay.png,,1186,643,1490,1050,0.7977280616760254,58543,72,0.029900332225913623,0.22136110067367554,1.2012514173984528,0.22136110067367554
test/bad/2D und 3D/2026_03_11-09_24_37-517.png__roi_001,,,test/bad/2D und 3D/2026_03_11-09_24_37-517.png,test/bad/2D und 3D/2026_03_11-09_24_37-517.png,1,normalmap,custom_eval,C:\anomalydino_data_single_object_normalmap\normalmap\test\bad\2D und 3D\2026_03_11-09_24_37-517.png,C:\ai\AnomalyDINO\results_CUSTOM\dinov3_vitb16_688\8-shot_preprocess=force_no_mask_no_rotation_bestsearch8_fast20greedy_maxanomap_res688_evaltrain_20260413\hq_sam_outputs_batch\roi_crops_peak_hysteresis_h0.5_l0.2_merge3bridge0.1_seed=0_sam_hq_vit_tiny\combined_overlay_gallery_flat\2D und 3D\2026_03_11-09_24_37-517.png,C:\ai\AnomalyDINO\results_CUSTOM\dinov3_vitb16_688\8-shot_preprocess=force_no_mask_no_rotation_bestsearch8_fast20greedy_maxanomap_res688_evaltrain_20260413\hq_sam_outputs_batch\roi_crops_peak_hysteresis_h0.5_l0.2_merge3bridge0.1_seed=0_sam_hq_vit_tiny\test\bad\2D und 3D\2026_03_11-09_24_37-517\combined_overlay.png,,1660,779,1761,813,0.7664752006530762,792,3,0.0012458471760797341,0.13336044549942017,0.2439233809709549,0.13336044549942017
test/bad/2D und 3D/2026_03_11-09_24_37-517.png__roi_002,,,test/bad/2D und 3D/2026_03_11-09_24_37-517.png,test/bad/2D und 3D/2026_03_11-09_24_37-517.png,2,normalmap,custom_eval,C:\anomalydino_data_single_object_normalmap\normalmap\test\bad\2D und 3D\2026_03_11-09_24_37-517.png,C:\ai\AnomalyDINO\results_CUSTOM\dinov3_vitb16_688\8-shot_preprocess=force_no_mask_no_rotation_bestsearch8_fast20greedy_maxanomap_res688_evaltrain_20260413\hq_sam_outputs_batch\roi_crops_peak_hysteresis_h0.5_l0.2_merge3bridge0.1_seed=0_sam_hq_vit_tiny\combined_overlay_gallery_flat\2D und 3D\2026_03_11-09_24_37-517.png,C:\ai\AnomalyDINO\results_CUSTOM\dinov3_vitb16_688\8-shot_preprocess=force_no_mask_no_rotation_bestsearch8_fast20greedy_maxanomap_res688_evaltrain_20260413\hq_sam_outputs_batch\roi_crops_peak_hysteresis_h0.5_l0.2_merge3bridge0.1_seed=0_sam_hq_vit_tiny\test\bad\2D und 3D\2026_03_11-09_24_37-517\combined_overlay.png,,271,542,339,576,0.7857276201248169,1217,4,0.0016611295681063123,0.12481021881103516,0.1957910656929016,0.12481021881103516
test/bad/2D und 3D/2026_03_11-09_24_37-517.png__roi_003,,,test/bad/2D und 3D/2026_03_11-09_24_37-517.png,test/bad/2D und 3D/2026_03_11-09_24_37-517.png,3,normalmap,custom_eval,C:\anomalydino_data_single_object_normalmap\normalmap\test\bad\2D und 3D\2026_03_11-09_24_37-517.png,C:\ai\AnomalyDINO\results_CUSTOM\dinov3_vitb16_688\8-shot_preprocess=force_no_mask_no_rotation_bestsearch8_fast20greedy_maxanomap_res688_evaltrain_20260413\hq_sam_outputs_batch\roi_crops_peak_hysteresis_h0.5_l0.2_merge3bridge0.1_seed=0_sam_hq_vit_tiny\combined_overlay_gallery_flat\2D und 3D\2026_03_11-09_24_37-517.png,C:\ai\AnomalyDINO\results_CUSTOM\dinov3_vitb16_688\8-shot_preprocess=force_no_mask_no_rotation_bestsearch8_fast20greedy_maxanomap_res688_evaltrain_20260413\hq_sam_outputs_batch\roi_crops_peak_hysteresis_h0.5_l0.2_merge3bridge0.1_seed=0_sam_hq_vit_tiny\test\bad\2D und 3D\2026_03_11-09_24_37-517\combined_overlay.png,,373,339,440,372,0.7592835426330566,1461,4,0.0016611295681063123,0.11041289567947388,0.16877120733261108,0.11041289567947388
test/bad/2D und 3D/2026_03_11-09_24_37-517.png__roi_004,,,test/bad/2D und 3D/2026_03_11-09_24_37-517.png,test/bad/2D und 3D/2026_03_11-09_24_37-517.png,4,normalmap,custom_eval,C:\anomalydino_data_single_object_normalmap\normalmap\test\bad\2D und 3D\2026_03_11-09_24_37-517.png,C:\ai\AnomalyDINO\results_CUSTOM\dinov3_vitb16_688\8-shot_preprocess=force_no_mask_no_rotation_bestsearch8_fast20greedy_maxanomap_res688_evaltrain_20260413\hq_sam_outputs_batch\roi_crops_peak_hysteresis_h0.5_l0.2_merge3bridge0.1_seed=0_sam_hq_vit_tiny\combined_overlay_gallery_flat\2D und 3D\2026_03_11-09_24_37-517.png,C:\ai\AnomalyDINO\results_CUSTOM\dinov3_vitb16_688\8-shot_preprocess=force_no_mask_no_rotation_bestsearch8_fast20greedy_maxanomap_res688_evaltrain_20260413\hq_sam_outputs_batch\roi_crops_peak_hysteresis_h0.5_l0.2_merge3bridge0.1_seed=0_sam_hq_vit_tiny\test\bad\2D und 3D\2026_03_11-09_24_37-517\combined_overlay.png,,644,271,745,339,0.7142617702484131,3224,6,0.0024916943521594683,0.10985717177391052,0.18008536100387573,0.10985717177391052
test/bad/2D und 3D/2026_03_11-09_24_37-517.png__roi_005,,,test/bad/2D und 3D/2026_03_11-09_24_37-517.png,test/bad/2D und 3D/2026_03_11-09_24_37-517.png,5,normalmap,custom_eval,C:\anomalydino_data_single_object_normalmap\normalmap\test\bad\2D und 3D\2026_03_11-09_24_37-517.png,C:\ai\AnomalyDINO\results_CUSTOM\dinov3_vitb16_688\8-shot_preprocess=force_no_mask_no_rotation_bestsearch8_fast20greedy_maxanomap_res688_evaltrain_20260413\hq_sam_outputs_batch\roi_crops_peak_hysteresis_h0.5_l0.2_merge3bridge0.1_seed=0_sam_hq_vit_tiny\combined_overlay_gallery_flat\2D und 3D\2026_03_11-09_24_37-517.png,C:\ai\AnomalyDINO\results_CUSTOM\dinov3_vitb16_688\8-shot_preprocess=force_no_mask_no_rotation_bestsearch8_fast20greedy_maxanomap_res688_evaltrain_20260413\hq_sam_outputs_batch\roi_crops_peak_hysteresis_h0.5_l0.2_merge3bridge0.1_seed=0_sam_hq_vit_tiny\test\bad\2D und 3D\2026_03_11-09_24_37-517\combined_overlay.png,,847,948,915,982,0.6788102388381958,607,2,0.0008305647840531562,0.1094897985458374,0.14351731538772583,0.1094897985458374
test/bad/2D und 3D/2026_03_11-09_24_37-517.png__roi_006,,,test/bad/2D und 3D/2026_03_11-09_24_37-517.png,test/bad/2D und 3D/2026_03_11-09_24_37-517.png,6,normalmap,custom_eval,C:\anomalydino_data_single_object_normalmap\normalmap\test\bad\2D und 3D\2026_03_11-09_24_37-517.png,C:\ai\AnomalyDINO\results_CUSTOM\dinov3_vitb16_688\8-shot_preprocess=force_no_mask_no_rotation_bestsearch8_fast20greedy_maxanomap_res688_evaltrain_20260413\hq_sam_outputs_batch\roi_crops_peak_hysteresis_h0.5_l0.2_merge3bridge0.1_seed=0_sam_hq_vit_tiny\combined_overlay_gallery_flat\2D und 3D\2026_03_11-09_24_37-517.png,C:\ai\AnomalyDINO\results_CUSTOM\dinov3_vitb16_688\8-shot_preprocess=force_no_mask_no_rotation_bestsearch8_fast20greedy_maxanomap_res688_evaltrain_20260413\hq_sam_outputs_batch\roi_crops_peak_hysteresis_h0.5_l0.2_merge3bridge0.1_seed=0_sam_hq_vit_tiny\test\bad\2D und 3D\2026_03_11-09_24_37-517\combined_overlay.png,,203,271,271,339,0.7379525899887085,2377,4,0.0016611295681063123,0.10646700859069824,0.11063322424888611,0.10646700859069824
test/bad/2D und 3D/2026_03_11-09_24_37-517.png__roi_007,,,test/bad/2D und 3D/2026_03_11-09_24_37-517.png,test/bad/2D und 3D/2026_03_11-09_24_37-517.png,7,normalmap,custom_eval,C:\anomalydino_data_single_object_normalmap\normalmap\test\bad\2D und 3D\2026_03_11-09_24_37-517.png,C:\ai\AnomalyDINO\results_CUSTOM\dinov3_vitb16_688\8-shot_preprocess=force_no_mask_no_rotation_bestsearch8_fast20greedy_maxanomap_res688_evaltrain_20260413\hq_sam_outputs_batch\roi_crops_peak_hysteresis_h0.5_l0.2_merge3bridge0.1_seed=0_sam_hq_vit_tiny\combined_overlay_gallery_flat\2D und 3D\2026_03_11-09_24_37-517.png,C:\ai\AnomalyDINO\results_CUSTOM\dinov3_vitb16_688\8-shot_preprocess=force_no_mask_no_rotation_bestsearch8_fast20greedy_maxanomap_res688_evaltrain_20260413\hq_sam_outputs_batch\roi_crops_peak_hysteresis_h0.5_l0.2_merge3bridge0.1_seed=0_sam_hq_vit_tiny\test\bad\2D und 3D\2026_03_11-09_24_37-517\combined_overlay.png,,169,203,203,237,0.7135411500930786,749,2,0.0008305647840531562,0.07369440793991089,0.05790528655052185,0.07369440793991089
test/bad/2D und 3D/2026_03_11-09_24_37-517.png__roi_008,,,test/bad/2D und 3D/2026_03_11-09_24_37-517.png,test/bad/2D und 3D/2026_03_11-09_24_37-517.png,8,normalmap,custom_eval,C:\anomalydino_data_single_object_normalmap\normalmap\test\bad\2D und 3D\2026_03_11-09_24_37-517.png,C:\ai\AnomalyDINO\results_CUSTOM\dinov3_vitb16_688\8-shot_preprocess=force_no_mask_no_rotation_bestsearch8_fast20greedy_maxanomap_res688_evaltrain_20260413\hq_sam_outputs_batch\roi_crops_peak_hysteresis_h0.5_l0.2_merge3bridge0.1_seed=0_sam_hq_vit_tiny\combined_overlay_gallery_flat\2D und 3D\2026_03_11-09_24_37-517.png,C:\ai\AnomalyDINO\results_CUSTOM\dinov3_vitb16_688\8-shot_preprocess=force_no_mask_no_rotation_bestsearch8_fast20greedy_maxanomap_res688_evaltrain_20260413\hq_sam_outputs_batch\roi_crops_peak_hysteresis_h0.5_l0.2_merge3bridge0.1_seed=0_sam_hq_vit_tiny\test\bad\2D und 3D\2026_03_11-09_24_37-517\combined_overlay.png,,474,542,677,745,0.5994467735290527,29268,38,0.015780730897009966,0.07158002257347107,0.3074841797351837,0.07158002257347107
test/bad/2D und 3D/2026_03_11-09_24_37-517.png__roi_009,,,test/bad/2D und 3D/2026_03_11-09_24_37-517.png,test/bad/2D und 3D/2026_03_11-09_24_37-517.png,9,normalmap,custom_eval,C:\anomalydino_data_single_object_normalmap\normalmap\test\bad\2D und 3D\2026_03_11-09_24_37-517.png,C:\ai\AnomalyDINO\results_CUSTOM\dinov3_vitb16_688\8-shot_preprocess=force_no_mask_no_rotation_bestsearch8_fast20greedy_maxanomap_res688_evaltrain_20260413\hq_sam_outputs_batch\roi_crops_peak_hysteresis_h0.5_l0.2_merge3bridge0.1_seed=0_sam_hq_vit_tiny\combined_overlay_gallery_flat\2D und 3D\2026_03_11-09_24_37-517.png,C:\ai\AnomalyDINO\results_CUSTOM\dinov3_vitb16_688\8-shot_preprocess=force_no_mask_no_rotation_bestsearch8_fast20greedy_maxanomap_res688_evaltrain_20260413\hq_sam_outputs_batch\roi_crops_peak_hysteresis_h0.5_l0.2_merge3bridge0.1_seed=0_sam_hq_vit_tiny\test\bad\2D und 3D\2026_03_11-09_24_37-517\combined_overlay.png,,508,406,576,508,0.632298469543457,4149,8,0.0033222591362126247,0.0574641227722168,0.06852966547012329,0.0574641227722168
test/bad/2D und 3D/2026_03_11-09_25_32-280.png__roi_000,,,test/bad/2D und 3D/2026_03_11-09_25_32-280.png,test/bad/2D und 3D/2026_03_11-09_25_32-280.png,0,normalmap,custom_eval,C:\anomalydino_data_single_object_normalmap\normalmap\test\bad\2D und 3D\2026_03_11-09_25_32-280.png,C:\ai\AnomalyDINO\results_CUSTOM\dinov3_vitb16_688\8-shot_preprocess=force_no_mask_no_rotation_bestsearch8_fast20greedy_maxanomap_res688_evaltrain_20260413\hq_sam_outputs_batch\roi_crops_peak_hysteresis_h0.5_l0.2_merge3bridge0.1_seed=0_sam_hq_vit_tiny\combined_overlay_gallery_flat\2D und 3D\2026_03_11-09_25_32-280.png,C:\ai\AnomalyDINO\results_CUSTOM\dinov3_vitb16_688\8-shot_preprocess=force_no_mask_no_rotation_bestsearch8_fast20greedy_maxanomap_res688_evaltrain_20260413\hq_sam_outputs_batch\roi_crops_peak_hysteresis_h0.5_l0.2_merge3bridge0.1_seed=0_sam_hq_vit_tiny\test\bad\2D und 3D\2026_03_11-09_25_32-280\combined_overlay.png,,644,508,881,643,0.752077579498291,2366,7,0.0029069767441860465,0.30508506298065186,1.005383461713791,0.30508506298065186
test/bad/2D und 3D/2026_03_11-09_25_32-280.png__roi_001,,,test/bad/2D und 3D/2026_03_11-09_25_32-280.png,test/bad/2D und 3D/2026_03_11-09_25_32-280.png,1,normalmap,custom_eval,C:\anomalydino_data_single_object_normalmap\normalmap\test\bad\2D und 3D\2026_03_11-09_25_32-280.png,C:\ai\AnomalyDINO\results_CUSTOM\dinov3_vitb16_688\8-shot_preprocess=force_no_mask_no_rotation_bestsearch8_fast20greedy_maxanomap_res688_evaltrain_20260413\hq_sam_outputs_batch\roi_crops_peak_hysteresis_h0.5_l0.2_merge3bridge0.1_seed=0_sam_hq_vit_tiny\combined_overlay_gallery_flat\2D und 3D\2026_03_11-09_25_32-280.png,C:\ai\AnomalyDINO\results_CUSTOM\dinov3_vitb16_688\8-shot_preprocess=force_no_mask_no_rotation_bestsearch8_fast20greedy_maxanomap_res688_evaltrain_20260413\hq_sam_outputs_batch\roi_crops_peak_hysteresis_h0.5_l0.2_merge3bridge0.1_seed=0_sam_hq_vit_tiny\test\bad\2D und 3D\2026_03_11-09_25_32-280\combined_overlay.png,,102,339,237,745,0.7255814075469971,40483,49,0.020348837209302327,0.10167133808135986,0.7663047313690186,0.10167133808135986
test/bad/2D und 3D/2026_03_11-09_25_32-280.png__roi_002,,,test/bad/2D und 3D/2026_03_11-09_25_32-280.png,test/bad/2D und 3D/2026_03_11-09_25_32-280.png,2,normalmap,custom_eval,C:\anomalydino_data_single_object_normalmap\normalmap\test\bad\2D und 3D\2026_03_11-09_25_32-280.png,C:\ai\AnomalyDINO\results_CUSTOM\dinov3_vitb16_688\8-shot_preprocess=force_no_mask_no_rotation_bestsearch8_fast20greedy_maxanomap_res688_evaltrain_20260413\hq_sam_outputs_batch\roi_crops_peak_hysteresis_h0.5_l0.2_merge3bridge0.1_seed=0_sam_hq_vit_tiny\combined_overlay_gallery_flat\2D und 3D\2026_03_11-09_25_32-280.png,C:\ai\AnomalyDINO\results_CUSTOM\dinov3_vitb16_688\8-shot_preprocess=force_no_mask_no_rotation_bestsearch8_fast20greedy_maxanomap_res688_evaltrain_20260413\hq_sam_outputs_batch\roi_crops_peak_hysteresis_h0.5_l0.2_merge3bridge0.1_seed=0_sam_hq_vit_tiny\test\bad\2D und 3D\2026_03_11-09_25_32-280\combined_overlay.png,,440,102,677,440,0.6014900207519531,67027,75,0.031146179401993355,0.09253007173538208,0.7294146716594696,0.09253007173538208
test/bad/2D und 3D/2026_03_11-09_25_32-280.png__roi_003,,,test/bad/2D und 3D/2026_03_11-09_25_32-280.png,test/bad/2D und 3D/2026_03_11-09_25_32-280.png,3,normalmap,custom_eval,C:\anomalydino_data_single_object_normalmap\normalmap\test\bad\2D und 3D\2026_03_11-09_25_32-280.png,C:\ai\AnomalyDINO\results_CUSTOM\dinov3_vitb16_688\8-shot_preprocess=force_no_mask_no_rotation_bestsearch8_fast20greedy_maxanomap_res688_evaltrain_20260413\hq_sam_outputs_batch\roi_crops_peak_hysteresis_h0.5_l0.2_merge3bridge0.1_seed=0_sam_hq_vit_tiny\combined_overlay_gallery_flat\2D und 3D\2026_03_11-09_25_32-280.png,C:\ai\AnomalyDINO\results_CUSTOM\dinov3_vitb16_688\8-shot_preprocess=force_no_mask_no_rotation_bestsearch8_fast20greedy_maxanomap_res688_evaltrain_20260413\hq_sam_outputs_batch\roi_crops_peak_hysteresis_h0.5_l0.2_merge3bridge0.1_seed=0_sam_hq_vit_tiny\test\bad\2D und 3D\2026_03_11-09_25_32-280\combined_overlay.png,,542,1219,576,1287,0.8446086645126343,741,3,0.0012458471760797341,0.07971227169036865,0.12984785437583923,0.07971227169036865
test/bad/2D und 3D/2026_03_11-09_25_32-280.png__roi_004,,,test/bad/2D und 3D/2026_03_11-09_25_32-280.png,test/bad/2D und 3D/2026_03_11-09_25_32-280.png,4,normalmap,custom_eval,C:\anomalydino_data_single_object_normalmap\normalmap\test\bad\2D und 3D\2026_03_11-09_25_32-280.png,C:\ai\AnomalyDINO\results_CUSTOM\dinov3_vitb16_688\8-shot_preprocess=force_no_mask_no_rotation_bestsearch8_fast20greedy_maxanomap_res688_evaltrain_20260413\hq_sam_outputs_batch\roi_crops_peak_hysteresis_h0.5_l0.2_merge3bridge0.1_seed=0_sam_hq_vit_tiny\combined_overlay_gallery_flat\2D und 3D\2026_03_11-09_25_32-280.png,C:\ai\AnomalyDINO\results_CUSTOM\dinov3_vitb16_688\8-shot_preprocess=force_no_mask_no_rotation_bestsearch8_fast20greedy_maxanomap_res688_evaltrain_20260413\hq_sam_outputs_batch\roi_crops_peak_hysteresis_h0.5_l0.2_merge3bridge0.1_seed=0_sam_hq_vit_tiny\test\bad\2D und 3D\2026_03_11-09_25_32-280\combined_overlay.png,,237,34,305,102,0.6214540004730225,3328,6,0.0024916943521594683,0.0738976001739502,0.07212430238723755,0.0738976001739502
test/bad/2D und 3D/2026_03_11-09_28_17-003.png__roi_000,,,test/bad/2D und 3D/2026_03_11-09_28_17-003.png,test/bad/2D und 3D/2026_03_11-09_28_17-003.png,0,normalmap,custom_eval,C:\anomalydino_data_single_object_normalmap\normalmap\test\bad\2D und 3D\2026_03_11-09_28_17-003.png,C:\ai\AnomalyDINO\results_CUSTOM\dinov3_vitb16_688\8-shot_preprocess=force_no_mask_no_rotation_bestsearch8_fast20greedy_maxanomap_res688_evaltrain_20260413\hq_sam_outputs_batch\roi_crops_peak_hysteresis_h0.5_l0.2_merge3bridge0.1_seed=0_sam_hq_vit_tiny\combined_overlay_gallery_flat\2D und 3D\2026_03_11-09_28_17-003.png,C:\ai\AnomalyDINO\results_CUSTOM\dinov3_vitb16_688\8-shot_preprocess=force_no_mask_no_rotation_bestsearch8_fast20greedy_maxanomap_res688_evaltrain_20260413\hq_sam_outputs_batch\roi_crops_peak_hysteresis_h0.5_l0.2_merge3bridge0.1_seed=0_sam_hq_vit_tiny\test\bad\2D und 3D\2026_03_11-09_28_17-003\combined_overlay.png,,237,102,305,169,0.6832748651504517,2857,6,0.0024916943521594683,0.0831139087677002,0.0896361768245697,0.0831139087677002
test/bad/2D und 3D/2026_03_11-09_28_17-003.png__roi_001,,,test/bad/2D und 3D/2026_03_11-09_28_17-003.png,test/bad/2D und 3D/2026_03_11-09_28_17-003.png,1,normalmap,custom_eval,C:\anomalydino_data_single_object_normalmap\normalmap\test\bad\2D und 3D\2026_03_11-09_28_17-003.png,C:\ai\AnomalyDINO\results_CUSTOM\dinov3_vitb16_688\8-shot_preprocess=force_no_mask_no_rotation_bestsearch8_fast20greedy_maxanomap_res688_evaltrain_20260413\hq_sam_outputs_batch\roi_crops_peak_hysteresis_h0.5_l0.2_merge3bridge0.1_seed=0_sam_hq_vit_tiny\combined_overlay_gallery_flat\2D und 3D\2026_03_11-09_28_17-003.png,C:\ai\AnomalyDINO\results_CUSTOM\dinov3_vitb16_688\8-shot_preprocess=force_no_mask_no_rotation_bestsearch8_fast20greedy_maxanomap_res688_evaltrain_20260413\hq_sam_outputs_batch\roi_crops_peak_hysteresis_h0.5_l0.2_merge3bridge0.1_seed=0_sam_hq_vit_tiny\test\bad\2D und 3D\2026_03_11-09_28_17-003\combined_overlay.png,,373,779,406,813,0.6344850063323975,1006,4,0.0016611295681063123,0.07532814145088196,0.057230085134506226,0.07532814145088196
test/bad/2D und 3D/2026_03_11-09_28_17-003.png__roi_002,,,test/bad/2D und 3D/2026_03_11-09_28_17-003.png,test/bad/2D und 3D/2026_03_11-09_28_17-003.png,2,normalmap,custom_eval,C:\anomalydino_data_single_object_normalmap\normalmap\test\bad\2D und 3D\2026_03_11-09_28_17-003.png,C:\ai\AnomalyDINO\results_CUSTOM\dinov3_vitb16_688\8-shot_preprocess=force_no_mask_no_rotation_bestsearch8_fast20greedy_maxanomap_res688_evaltrain_20260413\hq_sam_outputs_batch\roi_crops_peak_hysteresis_h0.5_l0.2_merge3bridge0.1_seed=0_sam_hq_vit_tiny\combined_overlay_gallery_flat\2D und 3D\2026_03_11-09_28_17-003.png,C:\ai\AnomalyDINO\results_CUSTOM\dinov3_vitb16_688\8-shot_preprocess=force_no_mask_no_rotation_bestsearch8_fast20greedy_maxanomap_res688_evaltrain_20260413\hq_sam_outputs_batch\roi_crops_peak_hysteresis_h0.5_l0.2_merge3bridge0.1_seed=0_sam_hq_vit_tiny\test\bad\2D und 3D\2026_03_11-09_28_17-003\combined_overlay.png,,576,237,644,305,0.8595067858695984,1923,4,0.0016611295681063123,0.06829065084457397,0.10849101841449738,0.06829065084457397
test/bad/2D und 3D/2026_03_11-09_28_17-003.png__roi_003,,,test/bad/2D und 3D/2026_03_11-09_28_17-003.png,test/bad/2D und 3D/2026_03_11-09_28_17-003.png,3,normalmap,custom_eval,C:\anomalydino_data_single_object_normalmap\normalmap\test\bad\2D und 3D\2026_03_11-09_28_17-003.png,C:\ai\AnomalyDINO\results_CUSTOM\dinov3_vitb16_688\8-shot_preprocess=force_no_mask_no_rotation_bestsearch8_fast20greedy_maxanomap_res688_evaltrain_20260413\hq_sam_outputs_batch\roi_crops_peak_hysteresis_h0.5_l0.2_merge3bridge0.1_seed=0_sam_hq_vit_tiny\combined_overlay_gallery_flat\2D und 3D\2026_03_11-09_28_17-003.png,C:\ai\AnomalyDINO\results_CUSTOM\dinov3_vitb16_688\8-shot_preprocess=force_no_mask_no_rotation_bestsearch8_fast20greedy_maxanomap_res688_evaltrain_20260413\hq_sam_outputs_batch\roi_crops_peak_hysteresis_h0.5_l0.2_merge3bridge0.1_seed=0_sam_hq_vit_tiny\test\bad\2D und 3D\2026_03_11-09_28_17-003\combined_overlay.png,,1423,68,1694,135,0.6420468688011169,18239,24,0.009966777408637873,0.06294238567352295,0.1605926752090454,0.06294238567352295
test/bad/2D und 3D/2026_03_11-09_28_59-177.png__roi_000,,,test/bad/2D und 3D/2026_03_11-09_28_59-177.png,test/bad/2D und 3D/2026_03_11-09_28_59-177.png,0,normalmap,custom_eval,C:\anomalydino_data_single_object_normalmap\normalmap\test\bad\2D und 3D\2026_03_11-09_28_59-177.png,C:\ai\AnomalyDINO\results_CUSTOM\dinov3_vitb16_688\8-shot_preprocess=force_no_mask_no_rotation_bestsearch8_fast20greedy_maxanomap_res688_evaltrain_20260413\hq_sam_outputs_batch\roi_crops_peak_hysteresis_h0.5_l0.2_merge3bridge0.1_seed=0_sam_hq_vit_tiny\combined_overlay_gallery_flat\2D und 3D\2026_03_11-09_28_59-177.png,C:\ai\AnomalyDINO\results_CUSTOM\dinov3_vitb16_688\8-shot_preprocess=force_no_mask_no_rotation_bestsearch8_fast20greedy_maxanomap_res688_evaltrain_20260413\hq_sam_outputs_batch\roi_crops_peak_hysteresis_h0.5_l0.2_merge3bridge0.1_seed=0_sam_hq_vit_tiny\test\bad\2D und 3D\2026_03_11-09_28_59-177\combined_overlay.png,,644,745,813,779,0.5600059628486633,4670,10,0.004152823920265781,0.0970921516418457,0.21880067884922028,0.0970921516418457
test/bad/2D und 3D/2026_03_11-09_28_59-177.png__roi_001,,,test/bad/2D und 3D/2026_03_11-09_28_59-177.png,test/bad/2D und 3D/2026_03_11-09_28_59-177.png,1,normalmap,custom_eval,C:\anomalydino_data_single_object_normalmap\normalmap\test\bad\2D und 3D\2026_03_11-09_28_59-177.png,C:\ai\AnomalyDINO\results_CUSTOM\dinov3_vitb16_688\8-shot_preprocess=force_no_mask_no_rotation_bestsearch8_fast20greedy_maxanomap_res688_evaltrain_20260413\hq_sam_outputs_batch\roi_crops_peak_hysteresis_h0.5_l0.2_merge3bridge0.1_seed=0_sam_hq_vit_tiny\combined_overlay_gallery_flat\2D und 3D\2026_03_11-09_28_59-177.png,C:\ai\AnomalyDINO\results_CUSTOM\dinov3_vitb16_688\8-shot_preprocess=force_no_mask_no_rotation_bestsearch8_fast20greedy_maxanomap_res688_evaltrain_20260413\hq_sam_outputs_batch\roi_crops_peak_hysteresis_h0.5_l0.2_merge3bridge0.1_seed=0_sam_hq_vit_tiny\test\bad\2D und 3D\2026_03_11-09_28_59-177\combined_overlay.png,,542,339,576,406,0.7542474269866943,1299,4,0.0016611295681063123,0.086414635181427,0.12340119481086731,0.086414635181427
test/bad/2D und 3D/2026_03_11-09_28_59-177.png__roi_002,,,test/bad/2D und 3D/2026_03_11-09_28_59-177.png,test/bad/2D und 3D/2026_03_11-09_28_59-177.png,2,normalmap,custom_eval,C:\anomalydino_data_single_object_normalmap\normalmap\test\bad\2D und 3D\2026_03_11-09_28_59-177.png,C:\ai\AnomalyDINO\results_CUSTOM\dinov3_vitb16_688\8-shot_preprocess=force_no_mask_no_rotation_bestsearch8_fast20greedy_maxanomap_res688_evaltrain_20260413\hq_sam_outputs_batch\roi_crops_peak_hysteresis_h0.5_l0.2_merge3bridge0.1_seed=0_sam_hq_vit_tiny\combined_overlay_gallery_flat\2D und 3D\2026_03_11-09_28_59-177.png,C:\ai\AnomalyDINO\results_CUSTOM\dinov3_vitb16_688\8-shot_preprocess=force_no_mask_no_rotation_bestsearch8_fast20greedy_maxanomap_res688_evaltrain_20260413\hq_sam_outputs_batch\roi_crops_peak_hysteresis_h0.5_l0.2_merge3bridge0.1_seed=0_sam_hq_vit_tiny\test\bad\2D und 3D\2026_03_11-09_28_59-177\combined_overlay.png,,576,847,677,880,0.6914554834365845,2195,4,0.0016611295681063123,0.08405017852783203,0.11389502882957458,0.08405017852783203
test/bad/2D und 3D/2026_03_11-09_28_59-177.png__roi_003,,,test/bad/2D und 3D/2026_03_11-09_28_59-177.png,test/bad/2D und 3D/2026_03_11-09_28_59-177.png,3,normalmap,custom_eval,C:\anomalydino_data_single_object_normalmap\normalmap\test\bad\2D und 3D\2026_03_11-09_28_59-177.png,C:\ai\AnomalyDINO\results_CUSTOM\dinov3_vitb16_688\8-shot_preprocess=force_no_mask_no_rotation_bestsearch8_fast20greedy_maxanomap_res688_evaltrain_20260413\hq_sam_outputs_batch\roi_crops_peak_hysteresis_h0.5_l0.2_merge3bridge0.1_seed=0_sam_hq_vit_tiny\combined_overlay_gallery_flat\2D und 3D\2026_03_11-09_28_59-177.png,C:\ai\AnomalyDINO\results_CUSTOM\dinov3_vitb16_688\8-shot_preprocess=force_no_mask_no_rotation_bestsearch8_fast20greedy_maxanomap_res688_evaltrain_20260413\hq_sam_outputs_batch\roi_crops_peak_hysteresis_h0.5_l0.2_merge3bridge0.1_seed=0_sam_hq_vit_tiny\test\bad\2D und 3D\2026_03_11-09_28_59-177\combined_overlay.png,,1524,711,1558,745,0.695483386516571,697,3,0.0012458471760797341,0.0789341926574707,0.05627194046974182,0.0789341926574707
test/bad/2D und 3D/2026_03_11-09_30_32-443.png__roi_000,,,test/bad/2D und 3D/2026_03_11-09_30_32-443.png,test/bad/2D und 3D/2026_03_11-09_30_32-443.png,0,normalmap,custom_eval,C:\anomalydino_data_single_object_normalmap\normalmap\test\bad\2D und 3D\2026_03_11-09_30_32-443.png,C:\ai\AnomalyDINO\results_CUSTOM\dinov3_vitb16_688\8-shot_preprocess=force_no_mask_no_rotation_bestsearch8_fast20greedy_maxanomap_res688_evaltrain_20260413\hq_sam_outputs_batch\roi_crops_peak_hysteresis_h0.5_l0.2_merge3bridge0.1_seed=0_sam_hq_vit_tiny\combined_overlay_gallery_flat\2D und 3D\2026_03_11-09_30_32-443.png,C:\ai\AnomalyDINO\results_CUSTOM\dinov3_vitb16_688\8-shot_preprocess=force_no_mask_no_rotation_bestsearch8_fast20greedy_maxanomap_res688_evaltrain_20260413\hq_sam_outputs_batch\roi_crops_peak_hysteresis_h0.5_l0.2_merge3bridge0.1_seed=0_sam_hq_vit_tiny\test\bad\2D und 3D\2026_03_11-09_30_32-443\combined_overlay.png,,576,914,610,948,0.881473183631897,429,1,0.0004152823920265781,0.13999402523040771,0.11282286047935486,0.13999402523040771
test/bad/2D und 3D/2026_03_11-09_30_32-443.png__roi_001,,,test/bad/2D und 3D/2026_03_11-09_30_32-443.png,test/bad/2D und 3D/2026_03_11-09_30_32-443.png,1,normalmap,custom_eval,C:\anomalydino_data_single_object_normalmap\normalmap\test\bad\2D und 3D\2026_03_11-09_30_32-443.png,C:\ai\AnomalyDINO\results_CUSTOM\dinov3_vitb16_688\8-shot_preprocess=force_no_mask_no_rotation_bestsearch8_fast20greedy_maxanomap_res688_evaltrain_20260413\hq_sam_outputs_batch\roi_crops_peak_hysteresis_h0.5_l0.2_merge3bridge0.1_seed=0_sam_hq_vit_tiny\combined_overlay_gallery_flat\2D und 3D\2026_03_11-09_30_32-443.png,C:\ai\AnomalyDINO\results_CUSTOM\dinov3_vitb16_688\8-shot_preprocess=force_no_mask_no_rotation_bestsearch8_fast20greedy_maxanomap_res688_evaltrain_20260413\hq_sam_outputs_batch\roi_crops_peak_hysteresis_h0.5_l0.2_merge3bridge0.1_seed=0_sam_hq_vit_tiny\test\bad\2D und 3D\2026_03_11-09_30_32-443\combined_overlay.png,,1456,914,1524,1117,0.5733642578125,3087,9,0.003737541528239203,0.09359398484230042,0.21620717644691467,0.09359398484230042
test/bad/2D und 3D/2026_03_11-09_30_32-443.png__roi_002,,,test/bad/2D und 3D/2026_03_11-09_30_32-443.png,test/bad/2D und 3D/2026_03_11-09_30_32-443.png,2,normalmap,custom_eval,C:\anomalydino_data_single_object_normalmap\normalmap\test\bad\2D und 3D\2026_03_11-09_30_32-443.png,C:\ai\AnomalyDINO\results_CUSTOM\dinov3_vitb16_688\8-shot_preprocess=force_no_mask_no_rotation_bestsearch8_fast20greedy_maxanomap_res688_evaltrain_20260413\hq_sam_outputs_batch\roi_crops_peak_hysteresis_h0.5_l0.2_merge3bridge0.1_seed=0_sam_hq_vit_tiny\combined_overlay_gallery_flat\2D und 3D\2026_03_11-09_30_32-443.png,C:\ai\AnomalyDINO\results_CUSTOM\dinov3_vitb16_688\8-shot_preprocess=force_no_mask_no_rotation_bestsearch8_fast20greedy_maxanomap_res688_evaltrain_20260413\hq_sam_outputs_batch\roi_crops_peak_hysteresis_h0.5_l0.2_merge3bridge0.1_seed=0_sam_hq_vit_tiny\test\bad\2D und 3D\2026_03_11-09_30_32-443\combined_overlay.png,,1219,1117,1321,1185,0.5662747621536255,1082,4,0.0016611295681063123,0.09246194362640381,0.1281747967004776,0.09246194362640381
test/bad/2D und 3D/2026_03_11-09_30_32-443.png__roi_003,,,test/bad/2D und 3D/2026_03_11-09_30_32-443.png,test/bad/2D und 3D/2026_03_11-09_30_32-443.png,3,normalmap,custom_eval,C:\anomalydino_data_single_object_normalmap\normalmap\test\bad\2D und 3D\2026_03_11-09_30_32-443.png,C:\ai\AnomalyDINO\results_CUSTOM\dinov3_vitb16_688\8-shot_preprocess=force_no_mask_no_rotation_bestsearch8_fast20greedy_maxanomap_res688_evaltrain_20260413\hq_sam_outputs_batch\roi_crops_peak_hysteresis_h0.5_l0.2_merge3bridge0.1_seed=0_sam_hq_vit_tiny\combined_overlay_gallery_flat\2D und 3D\2026_03_11-09_30_32-443.png,C:\ai\AnomalyDINO\results_CUSTOM\dinov3_vitb16_688\8-shot_preprocess=force_no_mask_no_rotation_bestsearch8_fast20greedy_maxanomap_res688_evaltrain_20260413\hq_sam_outputs_batch\roi_crops_peak_hysteresis_h0.5_l0.2_merge3bridge0.1_seed=0_sam_hq_vit_tiny\test\bad\2D und 3D\2026_03_11-09_30_32-443\combined_overlay.png,,474,542,1050,813,0.6054418683052063,116140,122,0.050664451827242524,0.0804254412651062,0.6582909673452377,0.0804254412651062
test/bad/2D und 3D/2026_03_11-09_30_32-443.png__roi_004,,,test/bad/2D und 3D/2026_03_11-09_30_32-443.png,test/bad/2D und 3D/2026_03_11-09_30_32-443.png,4,normalmap,custom_eval,C:\anomalydino_data_single_object_normalmap\normalmap\test\bad\2D und 3D\2026_03_11-09_30_32-443.png,C:\ai\AnomalyDINO\results_CUSTOM\dinov3_vitb16_688\8-shot_preprocess=force_no_mask_no_rotation_bestsearch8_fast20greedy_maxanomap_res688_evaltrain_20260413\hq_sam_outputs_batch\roi_crops_peak_hysteresis_h0.5_l0.2_merge3bridge0.1_seed=0_sam_hq_vit_tiny\combined_overlay_gallery_flat\2D und 3D\2026_03_11-09_30_32-443.png,C:\ai\AnomalyDINO\results_CUSTOM\dinov3_vitb16_688\8-shot_preprocess=force_no_mask_no_rotation_bestsearch8_fast20greedy_maxanomap_res688_evaltrain_20260413\hq_sam_outputs_batch\roi_crops_peak_hysteresis_h0.5_l0.2_merge3bridge0.1_seed=0_sam_hq_vit_tiny\test\bad\2D und 3D\2026_03_11-09_30_32-443\combined_overlay.png,,406,305,474,339,0.7876442670822144,1394,2,0.0008305647840531562,0.07739010453224182,0.10949447751045227,0.07739010453224182
test/bad/2D und 3D/2026_03_11-09_30_32-443.png__roi_005,,,test/bad/2D und 3D/2026_03_11-09_30_32-443.png,test/bad/2D und 3D/2026_03_11-09_30_32-443.png,5,normalmap,custom_eval,C:\anomalydino_data_single_object_normalmap\normalmap\test\bad\2D und 3D\2026_03_11-09_30_32-443.png,C:\ai\AnomalyDINO\results_CUSTOM\dinov3_vitb16_688\8-shot_preprocess=force_no_mask_no_rotation_bestsearch8_fast20greedy_maxanomap_res688_evaltrain_20260413\hq_sam_outputs_batch\roi_crops_peak_hysteresis_h0.5_l0.2_merge3bridge0.1_seed=0_sam_hq_vit_tiny\combined_overlay_gallery_flat\2D und 3D\2026_03_11-09_30_32-443.png,C:\ai\AnomalyDINO\results_CUSTOM\dinov3_vitb16_688\8-shot_preprocess=force_no_mask_no_rotation_bestsearch8_fast20greedy_maxanomap_res688_evaltrain_20260413\hq_sam_outputs_batch\roi_crops_peak_hysteresis_h0.5_l0.2_merge3bridge0.1_seed=0_sam_hq_vit_tiny\test\bad\2D und 3D\2026_03_11-09_30_32-443\combined_overlay.png,,644,914,711,948,0.824571430683136,1152,4,0.0016611295681063123,0.07526201009750366,0.0692240297794342,0.07526201009750366
test/bad/2D und 3D/2026_03_11-09_30_32-443.png__roi_006,,,test/bad/2D und 3D/2026_03_11-09_30_32-443.png,test/bad/2D und 3D/2026_03_11-09_30_32-443.png,6,normalmap,custom_eval,C:\anomalydino_data_single_object_normalmap\normalmap\test\bad\2D und 3D\2026_03_11-09_30_32-443.png,C:\ai\AnomalyDINO\results_CUSTOM\dinov3_vitb16_688\8-shot_preprocess=force_no_mask_no_rotation_bestsearch8_fast20greedy_maxanomap_res688_evaltrain_20260413\hq_sam_outputs_batch\roi_crops_peak_hysteresis_h0.5_l0.2_merge3bridge0.1_seed=0_sam_hq_vit_tiny\combined_overlay_gallery_flat\2D und 3D\2026_03_11-09_30_32-443.png,C:\ai\AnomalyDINO\results_CUSTOM\dinov3_vitb16_688\8-shot_preprocess=force_no_mask_no_rotation_bestsearch8_fast20greedy_maxanomap_res688_evaltrain_20260413\hq_sam_outputs_batch\roi_crops_peak_hysteresis_h0.5_l0.2_merge3bridge0.1_seed=0_sam_hq_vit_tiny\test\bad\2D und 3D\2026_03_11-09_30_32-443\combined_overlay.png,,576,339,610,406,0.7505921125411987,1464,4,0.0016611295681063123,0.0647549033164978,0.0757567286491394,0.0647549033164978
test/bad/2D und 3D/2026_03_11-09_30_32-443.png__roi_007,,,test/bad/2D und 3D/2026_03_11-09_30_32-443.png,test/bad/2D und 3D/2026_03_11-09_30_32-443.png,7,normalmap,custom_eval,C:\anomalydino_data_single_object_normalmap\normalmap\test\bad\2D und 3D\2026_03_11-09_30_32-443.png,C:\ai\AnomalyDINO\results_CUSTOM\dinov3_vitb16_688\8-shot_preprocess=force_no_mask_no_rotation_bestsearch8_fast20greedy_maxanomap_res688_evaltrain_20260413\hq_sam_outputs_batch\roi_crops_peak_hysteresis_h0.5_l0.2_merge3bridge0.1_seed=0_sam_hq_vit_tiny\combined_overlay_gallery_flat\2D und 3D\2026_03_11-09_30_32-443.png,C:\ai\AnomalyDINO\results_CUSTOM\dinov3_vitb16_688\8-shot_preprocess=force_no_mask_no_rotation_bestsearch8_fast20greedy_maxanomap_res688_evaltrain_20260413\hq_sam_outputs_batch\roi_crops_peak_hysteresis_h0.5_l0.2_merge3bridge0.1_seed=0_sam_hq_vit_tiny\test\bad\2D und 3D\2026_03_11-09_30_32-443\combined_overlay.png,,1423,677,1558,779,0.4907536208629608,2922,10,0.004152823920265781,0.06426593661308289,0.1322864592075348,0.06426593661308289
test/bad/2D und 3D/2026_03_11-09_30_32-443.png__roi_008,,,test/bad/2D und 3D/2026_03_11-09_30_32-443.png,test/bad/2D und 3D/2026_03_11-09_30_32-443.png,8,normalmap,custom_eval,C:\anomalydino_data_single_object_normalmap\normalmap\test\bad\2D und 3D\2026_03_11-09_30_32-443.png,C:\ai\AnomalyDINO\results_CUSTOM\dinov3_vitb16_688\8-shot_preprocess=force_no_mask_no_rotation_bestsearch8_fast20greedy_maxanomap_res688_evaltrain_20260413\hq_sam_outputs_batch\roi_crops_peak_hysteresis_h0.5_l0.2_merge3bridge0.1_seed=0_sam_hq_vit_tiny\combined_overlay_gallery_flat\2D und 3D\2026_03_11-09_30_32-443.png,C:\ai\AnomalyDINO\results_CUSTOM\dinov3_vitb16_688\8-shot_preprocess=force_no_mask_no_rotation_bestsearch8_fast20greedy_maxanomap_res688_evaltrain_20260413\hq_sam_outputs_batch\roi_crops_peak_hysteresis_h0.5_l0.2_merge3bridge0.1_seed=0_sam_hq_vit_tiny\test\bad\2D und 3D\2026_03_11-09_30_32-443\combined_overlay.png,,305,34,610,102,0.5793972015380859,10179,17,0.0070598006644518275,0.060351788997650146,0.17531836032867432,0.060351788997650146
test/bad/2D und 3D/2026_03_19-08_26_37-685.png__roi_000,,,test/bad/2D und 3D/2026_03_19-08_26_37-685.png,test/bad/2D und 3D/2026_03_19-08_26_37-685.png,0,normalmap,custom_eval,C:\anomalydino_data_single_object_normalmap\normalmap\test\bad\2D und 3D\2026_03_19-08_26_37-685.png,C:\ai\AnomalyDINO\results_CUSTOM\dinov3_vitb16_688\8-shot_preprocess=force_no_mask_no_rotation_bestsearch8_fast20greedy_maxanomap_res688_evaltrain_20260413\hq_sam_outputs_batch\roi_crops_peak_hysteresis_h0.5_l0.2_merge3bridge0.1_seed=0_sam_hq_vit_tiny\combined_overlay_gallery_flat\2D und 3D\2026_03_19-08_26_37-685.png,C:\ai\AnomalyDINO\results_CUSTOM\dinov3_vitb16_688\8-shot_preprocess=force_no_mask_no_rotation_bestsearch8_fast20greedy_maxanomap_res688_evaltrain_20260413\hq_sam_outputs_batch\roi_crops_peak_hysteresis_h0.5_l0.2_merge3bridge0.1_seed=0_sam_hq_vit_tiny\test\bad\2D und 3D\2026_03_19-08_26_37-685\combined_overlay.png,,542,440,847,745,0.948146641254425,14813,22,0.009136212624584718,0.2292652726173401,2.893305629491806,0.2292652726173401
test/bad/2D und 3D/2026_03_19-08_26_37-685.png__roi_001,,,test/bad/2D und 3D/2026_03_19-08_26_37-685.png,test/bad/2D und 3D/2026_03_19-08_26_37-685.png,1,normalmap,custom_eval,C:\anomalydino_data_single_object_normalmap\normalmap\test\bad\2D und 3D\2026_03_19-08_26_37-685.png,C:\ai\AnomalyDINO\results_CUSTOM\dinov3_vitb16_688\8-shot_preprocess=force_no_mask_no_rotation_bestsearch8_fast20greedy_maxanomap_res688_evaltrain_20260413\hq_sam_outputs_batch\roi_crops_peak_hysteresis_h0.5_l0.2_merge3bridge0.1_seed=0_sam_hq_vit_tiny\combined_overlay_gallery_flat\2D und 3D\2026_03_19-08_26_37-685.png,C:\ai\AnomalyDINO\results_CUSTOM\dinov3_vitb16_688\8-shot_preprocess=force_no_mask_no_rotation_bestsearch8_fast20greedy_maxanomap_res688_evaltrain_20260413\hq_sam_outputs_batch\roi_crops_peak_hysteresis_h0.5_l0.2_merge3bridge0.1_seed=0_sam_hq_vit_tiny\test\bad\2D und 3D\2026_03_19-08_26_37-685\combined_overlay.png,,305,542,406,576,0.6233034729957581,1729,6,0.0024916943521594683,0.08546972274780273,0.12558642029762268,0.08546972274780273
test/bad/2D und 3D/2026_03_19-08_26_37-685.png__roi_002,,,test/bad/2D und 3D/2026_03_19-08_26_37-685.png,test/bad/2D und 3D/2026_03_19-08_26_37-685.png,2,normalmap,custom_eval,C:\anomalydino_data_single_object_normalmap\normalmap\test\bad\2D und 3D\2026_03_19-08_26_37-685.png,C:\ai\AnomalyDINO\results_CUSTOM\dinov3_vitb16_688\8-shot_preprocess=force_no_mask_no_rotation_bestsearch8_fast20greedy_maxanomap_res688_evaltrain_20260413\hq_sam_outputs_batch\roi_crops_peak_hysteresis_h0.5_l0.2_merge3bridge0.1_seed=0_sam_hq_vit_tiny\combined_overlay_gallery_flat\2D und 3D\2026_03_19-08_26_37-685.png,C:\ai\AnomalyDINO\results_CUSTOM\dinov3_vitb16_688\8-shot_preprocess=force_no_mask_no_rotation_bestsearch8_fast20greedy_maxanomap_res688_evaltrain_20260413\hq_sam_outputs_batch\roi_crops_peak_hysteresis_h0.5_l0.2_merge3bridge0.1_seed=0_sam_hq_vit_tiny\test\bad\2D und 3D\2026_03_19-08_26_37-685\combined_overlay.png,,847,948,915,982,0.6980820894241333,1047,2,0.0008305647840531562,0.0580785870552063,0.06404811143875122,0.0580785870552063
test/bad/2D und 3D/2026_03_19-08_27_52-514.png__roi_000,,,test/bad/2D und 3D/2026_03_19-08_27_52-514.png,test/bad/2D und 3D/2026_03_19-08_27_52-514.png,0,normalmap,custom_eval,C:\anomalydino_data_single_object_normalmap\normalmap\test\bad\2D und 3D\2026_03_19-08_27_52-514.png,C:\ai\AnomalyDINO\results_CUSTOM\dinov3_vitb16_688\8-shot_preprocess=force_no_mask_no_rotation_bestsearch8_fast20greedy_maxanomap_res688_evaltrain_20260413\hq_sam_outputs_batch\roi_crops_peak_hysteresis_h0.5_l0.2_merge3bridge0.1_seed=0_sam_hq_vit_tiny\combined_overlay_gallery_flat\2D und 3D\2026_03_19-08_27_52-514.png,C:\ai\AnomalyDINO\results_CUSTOM\dinov3_vitb16_688\8-shot_preprocess=force_no_mask_no_rotation_bestsearch8_fast20greedy_maxanomap_res688_evaltrain_20260413\hq_sam_outputs_batch\roi_crops_peak_hysteresis_h0.5_l0.2_merge3bridge0.1_seed=0_sam_hq_vit_tiny\test\bad\2D und 3D\2026_03_19-08_27_52-514\combined_overlay.png,,68,34,203,203,0.9253990650177002,19682,24,0.009966777408637873,0.18471521139144897,1.83126562833786,0.18471521139144897
test/bad/2D und 3D/2026_03_19-08_27_52-514.png__roi_001,,,test/bad/2D und 3D/2026_03_19-08_27_52-514.png,test/bad/2D und 3D/2026_03_19-08_27_52-514.png,1,normalmap,custom_eval,C:\anomalydino_data_single_object_normalmap\normalmap\test\bad\2D und 3D\2026_03_19-08_27_52-514.png,C:\ai\AnomalyDINO\results_CUSTOM\dinov3_vitb16_688\8-shot_preprocess=force_no_mask_no_rotation_bestsearch8_fast20greedy_maxanomap_res688_evaltrain_20260413\hq_sam_outputs_batch\roi_crops_peak_hysteresis_h0.5_l0.2_merge3bridge0.1_seed=0_sam_hq_vit_tiny\combined_overlay_gallery_flat\2D und 3D\2026_03_19-08_27_52-514.png,C:\ai\AnomalyDINO\results_CUSTOM\dinov3_vitb16_688\8-shot_preprocess=force_no_mask_no_rotation_bestsearch8_fast20greedy_maxanomap_res688_evaltrain_20260413\hq_sam_outputs_batch\roi_crops_peak_hysteresis_h0.5_l0.2_merge3bridge0.1_seed=0_sam_hq_vit_tiny\test\bad\2D und 3D\2026_03_19-08_27_52-514\combined_overlay.png,,1423,609,1456,677,0.8111761808395386,773,2,0.0008305647840531562,0.0968119204044342,0.16445857286453247,0.0968119204044342
test/bad/2D und 3D/2026_03_19-08_27_52-514.png__roi_002,,,test/bad/2D und 3D/2026_03_19-08_27_52-514.png,test/bad/2D und 3D/2026_03_19-08_27_52-514.png,2,normalmap,custom_eval,C:\anomalydino_data_single_object_normalmap\normalmap\test\bad\2D und 3D\2026_03_19-08_27_52-514.png,C:\ai\AnomalyDINO\results_CUSTOM\dinov3_vitb16_688\8-shot_preprocess=force_no_mask_no_rotation_bestsearch8_fast20greedy_maxanomap_res688_evaltrain_20260413\hq_sam_outputs_batch\roi_crops_peak_hysteresis_h0.5_l0.2_merge3bridge0.1_seed=0_sam_hq_vit_tiny\combined_overlay_gallery_flat\2D und 3D\2026_03_19-08_27_52-514.png,C:\ai\AnomalyDINO\results_CUSTOM\dinov3_vitb16_688\8-shot_preprocess=force_no_mask_no_rotation_bestsearch8_fast20greedy_maxanomap_res688_evaltrain_20260413\hq_sam_outputs_batch\roi_crops_peak_hysteresis_h0.5_l0.2_merge3bridge0.1_seed=0_sam_hq_vit_tiny\test\bad\2D und 3D\2026_03_19-08_27_52-514\combined_overlay.png,,271,203,305,237,0.7259083390235901,874,3,0.0012458471760797341,0.0781310498714447,0.06421259045600891,0.0781310498714447
test/bad/2D und 3D/2026_03_19-09_00_52-641.png__roi_000,,,test/bad/2D und 3D/2026_03_19-09_00_52-641.png,test/bad/2D und 3D/2026_03_19-09_00_52-641.png,0,normalmap,custom_eval,C:\anomalydino_data_single_object_normalmap\normalmap\test\bad\2D und 3D\2026_03_19-09_00_52-641.png,C:\ai\AnomalyDINO\results_CUSTOM\dinov3_vitb16_688\8-shot_preprocess=force_no_mask_no_rotation_bestsearch8_fast20greedy_maxanomap_res688_evaltrain_20260413\hq_sam_outputs_batch\roi_crops_peak_hysteresis_h0.5_l0.2_merge3bridge0.1_seed=0_sam_hq_vit_tiny\combined_overlay_gallery_flat\2D und 3D\2026_03_19-09_00_52-641.png,C:\ai\AnomalyDINO\results_CUSTOM\dinov3_vitb16_688\8-shot_preprocess=force_no_mask_no_rotation_bestsearch8_fast20greedy_maxanomap_res688_evaltrain_20260413\hq_sam_outputs_batch\roi_crops_peak_hysteresis_h0.5_l0.2_merge3bridge0.1_seed=0_sam_hq_vit_tiny\test\bad\2D und 3D\2026_03_19-09_00_52-641\combined_overlay.png,,982,542,1016,609,0.7761114239692688,759,2,0.0008305647840531562,0.11045211553573608,0.1612287163734436,0.11045211553573608
test/bad/2D und 3D/2026_03_19-09_00_59-127.png__roi_000,,,test/bad/2D und 3D/2026_03_19-09_00_59-127.png,test/bad/2D und 3D/2026_03_19-09_00_59-127.png,0,normalmap,custom_eval,C:\anomalydino_data_single_object_normalmap\normalmap\test\bad\2D und 3D\2026_03_19-09_00_59-127.png,C:\ai\AnomalyDINO\results_CUSTOM\dinov3_vitb16_688\8-shot_preprocess=force_no_mask_no_rotation_bestsearch8_fast20greedy_maxanomap_res688_evaltrain_20260413\hq_sam_outputs_batch\roi_crops_peak_hysteresis_h0.5_l0.2_merge3bridge0.1_seed=0_sam_hq_vit_tiny\combined_overlay_gallery_flat\2D und 3D\2026_03_19-09_00_59-127.png,C:\ai\AnomalyDINO\results_CUSTOM\dinov3_vitb16_688\8-shot_preprocess=force_no_mask_no_rotation_bestsearch8_fast20greedy_maxanomap_res688_evaltrain_20260413\hq_sam_outputs_batch\roi_crops_peak_hysteresis_h0.5_l0.2_merge3bridge0.1_seed=0_sam_hq_vit_tiny\test\bad\2D und 3D\2026_03_19-09_00_59-127\combined_overlay.png,,1084,474,1152,542,0.7660655975341797,1938,4,0.0016611295681063123,0.09179839491844177,0.16044890880584717,0.09179839491844177
test/bad/2D und 3D/2026_03_19-09_00_59-127.png__roi_001,,,test/bad/2D und 3D/2026_03_19-09_00_59-127.png,test/bad/2D und 3D/2026_03_19-09_00_59-127.png,1,normalmap,custom_eval,C:\anomalydino_data_single_object_normalmap\normalmap\test\bad\2D und 3D\2026_03_19-09_00_59-127.png,C:\ai\AnomalyDINO\results_CUSTOM\dinov3_vitb16_688\8-shot_preprocess=force_no_mask_no_rotation_bestsearch8_fast20greedy_maxanomap_res688_evaltrain_20260413\hq_sam_outputs_batch\roi_crops_peak_hysteresis_h0.5_l0.2_merge3bridge0.1_seed=0_sam_hq_vit_tiny\combined_overlay_gallery_flat\2D und 3D\2026_03_19-09_00_59-127.png,C:\ai\AnomalyDINO\results_CUSTOM\dinov3_vitb16_688\8-shot_preprocess=force_no_mask_no_rotation_bestsearch8_fast20greedy_maxanomap_res688_evaltrain_20260413\hq_sam_outputs_batch\roi_crops_peak_hysteresis_h0.5_l0.2_merge3bridge0.1_seed=0_sam_hq_vit_tiny\test\bad\2D und 3D\2026_03_19-09_00_59-127\combined_overlay.png,,339,271,373,305,0.6972236633300781,976,3,0.0012458471760797341,0.05962151288986206,0.05275779962539673,0.05962151288986206
test/bad/2D und 3D/2026_03_19-09_00_59-127.png__roi_002,,,test/bad/2D und 3D/2026_03_19-09_00_59-127.png,test/bad/2D und 3D/2026_03_19-09_00_59-127.png,2,normalmap,custom_eval,C:\anomalydino_data_single_object_normalmap\normalmap\test\bad\2D und 3D\2026_03_19-09_00_59-127.png,C:\ai\AnomalyDINO\results_CUSTOM\dinov3_vitb16_688\8-shot_preprocess=force_no_mask_no_rotation_bestsearch8_fast20greedy_maxanomap_res688_evaltrain_20260413\hq_sam_outputs_batch\roi_crops_peak_hysteresis_h0.5_l0.2_merge3bridge0.1_seed=0_sam_hq_vit_tiny\combined_overlay_gallery_flat\2D und 3D\2026_03_19-09_00_59-127.png,C:\ai\AnomalyDINO\results_CUSTOM\dinov3_vitb16_688\8-shot_preprocess=force_no_mask_no_rotation_bestsearch8_fast20greedy_maxanomap_res688_evaltrain_20260413\hq_sam_outputs_batch\roi_crops_peak_hysteresis_h0.5_l0.2_merge3bridge0.1_seed=0_sam_hq_vit_tiny\test\bad\2D und 3D\2026_03_19-09_00_59-127\combined_overlay.png,,1423,542,1490,643,0.6917248964309692,3978,6,0.0024916943521594683,0.05819499492645264,0.1343919336795807,0.05819499492645264
test/bad/2D und 3D/2026_03_19-09_04_24-209.png__roi_000,,,test/bad/2D und 3D/2026_03_19-09_04_24-209.png,test/bad/2D und 3D/2026_03_19-09_04_24-209.png,0,normalmap,custom_eval,C:\anomalydino_data_single_object_normalmap\normalmap\test\bad\2D und 3D\2026_03_19-09_04_24-209.png,C:\ai\AnomalyDINO\results_CUSTOM\dinov3_vitb16_688\8-shot_preprocess=force_no_mask_no_rotation_bestsearch8_fast20greedy_maxanomap_res688_evaltrain_20260413\hq_sam_outputs_batch\roi_crops_peak_hysteresis_h0.5_l0.2_merge3bridge0.1_seed=0_sam_hq_vit_tiny\combined_overlay_gallery_flat\2D und 3D\2026_03_19-09_04_24-209.png,C:\ai\AnomalyDINO\results_CUSTOM\dinov3_vitb16_688\8-shot_preprocess=force_no_mask_no_rotation_bestsearch8_fast20greedy_maxanomap_res688_evaltrain_20260413\hq_sam_outputs_batch\roi_crops_peak_hysteresis_h0.5_l0.2_merge3bridge0.1_seed=0_sam_hq_vit_tiny\test\bad\2D und 3D\2026_03_19-09_04_24-209\combined_overlay.png,,644,135,677,203,0.7419072389602661,363,2,0.0008305647840531562,0.08024603128433228,0.12166076898574829,0.08024603128433228
test/bad/2D und 3D/2026_03_19-09_04_24-209.png__roi_001,,,test/bad/2D und 3D/2026_03_19-09_04_24-209.png,test/bad/2D und 3D/2026_03_19-09_04_24-209.png,1,normalmap,custom_eval,C:\anomalydino_data_single_object_normalmap\normalmap\test\bad\2D und 3D\2026_03_19-09_04_24-209.png,C:\ai\AnomalyDINO\results_CUSTOM\dinov3_vitb16_688\8-shot_preprocess=force_no_mask_no_rotation_bestsearch8_fast20greedy_maxanomap_res688_evaltrain_20260413\hq_sam_outputs_batch\roi_crops_peak_hysteresis_h0.5_l0.2_merge3bridge0.1_seed=0_sam_hq_vit_tiny\combined_overlay_gallery_flat\2D und 3D\2026_03_19-09_04_24-209.png,C:\ai\AnomalyDINO\results_CUSTOM\dinov3_vitb16_688\8-shot_preprocess=force_no_mask_no_rotation_bestsearch8_fast20greedy_maxanomap_res688_evaltrain_20260413\hq_sam_outputs_batch\roi_crops_peak_hysteresis_h0.5_l0.2_merge3bridge0.1_seed=0_sam_hq_vit_tiny\test\bad\2D und 3D\2026_03_19-09_04_24-209\combined_overlay.png,,1118,474,1355,711,0.692986249923706,30483,41,0.0170265780730897,0.06294596195220947,0.849441796541214,0.06294596195220947
test/bad/2D und 3D/2026_03_19-09_04_24-209.png__roi_002,,,test/bad/2D und 3D/2026_03_19-09_04_24-209.png,test/bad/2D und 3D/2026_03_19-09_04_24-209.png,2,normalmap,custom_eval,C:\anomalydino_data_single_object_normalmap\normalmap\test\bad\2D und 3D\2026_03_19-09_04_24-209.png,C:\ai\AnomalyDINO\results_CUSTOM\dinov3_vitb16_688\8-shot_preprocess=force_no_mask_no_rotation_bestsearch8_fast20greedy_maxanomap_res688_evaltrain_20260413\hq_sam_outputs_batch\roi_crops_peak_hysteresis_h0.5_l0.2_merge3bridge0.1_seed=0_sam_hq_vit_tiny\combined_overlay_gallery_flat\2D und 3D\2026_03_19-09_04_24-209.png,C:\ai\AnomalyDINO\results_CUSTOM\dinov3_vitb16_688\8-shot_preprocess=force_no_mask_no_rotation_bestsearch8_fast20greedy_maxanomap_res688_evaltrain_20260413\hq_sam_outputs_batch\roi_crops_peak_hysteresis_h0.5_l0.2_merge3bridge0.1_seed=0_sam_hq_vit_tiny\test\bad\2D und 3D\2026_03_19-09_04_24-209\combined_overlay.png,,1660,169,1694,203,0.7269319295883179,681,2,0.0008305647840531562,0.061414241790771484,0.05537976324558258,0.061414241790771484
test/bad/2D und 3D/2026_03_19-09_04_58-922.png__roi_000,,,test/bad/2D und 3D/2026_03_19-09_04_58-922.png,test/bad/2D und 3D/2026_03_19-09_04_58-922.png,0,normalmap,custom_eval,C:\anomalydino_data_single_object_normalmap\normalmap\test\bad\2D und 3D\2026_03_19-09_04_58-922.png,C:\ai\AnomalyDINO\results_CUSTOM\dinov3_vitb16_688\8-shot_preprocess=force_no_mask_no_rotation_bestsearch8_fast20greedy_maxanomap_res688_evaltrain_20260413\hq_sam_outputs_batch\roi_crops_peak_hysteresis_h0.5_l0.2_merge3bridge0.1_seed=0_sam_hq_vit_tiny\combined_overlay_gallery_flat\2D und 3D\2026_03_19-09_04_58-922.png,C:\ai\AnomalyDINO\results_CUSTOM\dinov3_vitb16_688\8-shot_preprocess=force_no_mask_no_rotation_bestsearch8_fast20greedy_maxanomap_res688_evaltrain_20260413\hq_sam_outputs_batch\roi_crops_peak_hysteresis_h0.5_l0.2_merge3bridge0.1_seed=0_sam_hq_vit_tiny\test\bad\2D und 3D\2026_03_19-09_04_58-922\combined_overlay.png,,644,914,711,982,0.7394629120826721,2087,4,0.0016611295681063123,0.0912385880947113,0.17898084223270416,0.0912385880947113
test/bad/2D und 3D/2026_03_19-09_04_58-922.png__roi_001,,,test/bad/2D und 3D/2026_03_19-09_04_58-922.png,test/bad/2D und 3D/2026_03_19-09_04_58-922.png,1,normalmap,custom_eval,C:\anomalydino_data_single_object_normalmap\normalmap\test\bad\2D und 3D\2026_03_19-09_04_58-922.png,C:\ai\AnomalyDINO\results_CUSTOM\dinov3_vitb16_688\8-shot_preprocess=force_no_mask_no_rotation_bestsearch8_fast20greedy_maxanomap_res688_evaltrain_20260413\hq_sam_outputs_batch\roi_crops_peak_hysteresis_h0.5_l0.2_merge3bridge0.1_seed=0_sam_hq_vit_tiny\combined_overlay_gallery_flat\2D und 3D\2026_03_19-09_04_58-922.png,C:\ai\AnomalyDINO\results_CUSTOM\dinov3_vitb16_688\8-shot_preprocess=force_no_mask_no_rotation_bestsearch8_fast20greedy_maxanomap_res688_evaltrain_20260413\hq_sam_outputs_batch\roi_crops_peak_hysteresis_h0.5_l0.2_merge3bridge0.1_seed=0_sam_hq_vit_tiny\test\bad\2D und 3D\2026_03_19-09_04_58-922\combined_overlay.png,,373,813,542,982,0.5169982314109802,4740,11,0.004568106312292359,0.08581781387329102,0.15173617005348206,0.08581781387329102
test/bad/2D und 3D/2026_03_19-09_04_58-922.png__roi_002,,,test/bad/2D und 3D/2026_03_19-09_04_58-922.png,test/bad/2D und 3D/2026_03_19-09_04_58-922.png,2,normalmap,custom_eval,C:\anomalydino_data_single_object_normalmap\normalmap\test\bad\2D und 3D\2026_03_19-09_04_58-922.png,C:\ai\AnomalyDINO\results_CUSTOM\dinov3_vitb16_688\8-shot_preprocess=force_no_mask_no_rotation_bestsearch8_fast20greedy_maxanomap_res688_evaltrain_20260413\hq_sam_outputs_batch\roi_crops_peak_hysteresis_h0.5_l0.2_merge3bridge0.1_seed=0_sam_hq_vit_tiny\combined_overlay_gallery_flat\2D und 3D\2026_03_19-09_04_58-922.png,C:\ai\AnomalyDINO\results_CUSTOM\dinov3_vitb16_688\8-shot_preprocess=force_no_mask_no_rotation_bestsearch8_fast20greedy_maxanomap_res688_evaltrain_20260413\hq_sam_outputs_batch\roi_crops_peak_hysteresis_h0.5_l0.2_merge3bridge0.1_seed=0_sam_hq_vit_tiny\test\bad\2D und 3D\2026_03_19-09_04_58-922\combined_overlay.png,,711,1219,779,1287,0.6375254392623901,1179,4,0.0016611295681063123,0.08257001638412476,0.07603704929351807,0.08257001638412476
test/bad/2D und 3D/2026_03_19-09_04_58-922.png__roi_003,,,test/bad/2D und 3D/2026_03_19-09_04_58-922.png,test/bad/2D und 3D/2026_03_19-09_04_58-922.png,3,normalmap,custom_eval,C:\anomalydino_data_single_object_normalmap\normalmap\test\bad\2D und 3D\2026_03_19-09_04_58-922.png,C:\ai\AnomalyDINO\results_CUSTOM\dinov3_vitb16_688\8-shot_preprocess=force_no_mask_no_rotation_bestsearch8_fast20greedy_maxanomap_res688_evaltrain_20260413\hq_sam_outputs_batch\roi_crops_peak_hysteresis_h0.5_l0.2_merge3bridge0.1_seed=0_sam_hq_vit_tiny\combined_overlay_gallery_flat\2D und 3D\2026_03_19-09_04_58-922.png,C:\ai\AnomalyDINO\results_CUSTOM\dinov3_vitb16_688\8-shot_preprocess=force_no_mask_no_rotation_bestsearch8_fast20greedy_maxanomap_res688_evaltrain_20260413\hq_sam_outputs_batch\roi_crops_peak_hysteresis_h0.5_l0.2_merge3bridge0.1_seed=0_sam_hq_vit_tiny\test\bad\2D und 3D\2026_03_19-09_04_58-922\combined_overlay.png,,237,1050,271,1117,0.6613843441009521,1048,2,0.0008305647840531562,0.05771327018737793,0.07443511486053467,0.05771327018737793
test/bad/2D/2026_03_11-09_22_05-974.png__roi_000,,,test/bad/2D/2026_03_11-09_22_05-974.png,test/bad/2D/2026_03_11-09_22_05-974.png,0,normalmap,custom_eval,C:\anomalydino_data_single_object_normalmap\normalmap\test\bad\2D\2026_03_11-09_22_05-974.png,C:\ai\AnomalyDINO\results_CUSTOM\dinov3_vitb16_688\8-shot_preprocess=force_no_mask_no_rotation_bestsearch8_fast20greedy_maxanomap_res688_evaltrain_20260413\hq_sam_outputs_batch\roi_crops_peak_hysteresis_h0.5_l0.2_merge3bridge0.1_seed=0_sam_hq_vit_tiny\combined_overlay_gallery_flat\2D\2026_03_11-09_22_05-974.png,C:\ai\AnomalyDINO\results_CUSTOM\dinov3_vitb16_688\8-shot_preprocess=force_no_mask_no_rotation_bestsearch8_fast20greedy_maxanomap_res688_evaltrain_20260413\hq_sam_outputs_batch\roi_crops_peak_hysteresis_h0.5_l0.2_merge3bridge0.1_seed=0_sam_hq_vit_tiny\test\bad\2D\2026_03_11-09_22_05-974\combined_overlay.png,,68,34,711,880,0.6066797375679016,462975,456,0.1893687707641196,0.09649589657783508,2.427891433238983,0.09649589657783508
test/bad/2D/2026_03_11-09_22_13-794.png__roi_000,,,test/bad/2D/2026_03_11-09_22_13-794.png,test/bad/2D/2026_03_11-09_22_13-794.png,0,normalmap,custom_eval,C:\anomalydino_data_single_object_normalmap\normalmap\test\bad\2D\2026_03_11-09_22_13-794.png,C:\ai\AnomalyDINO\results_CUSTOM\dinov3_vitb16_688\8-shot_preprocess=force_no_mask_no_rotation_bestsearch8_fast20greedy_maxanomap_res688_evaltrain_20260413\hq_sam_outputs_batch\roi_crops_peak_hysteresis_h0.5_l0.2_merge3bridge0.1_seed=0_sam_hq_vit_tiny\combined_overlay_gallery_flat\2D\2026_03_11-09_22_13-794.png,C:\ai\AnomalyDINO\results_CUSTOM\dinov3_vitb16_688\8-shot_preprocess=force_no_mask_no_rotation_bestsearch8_fast20greedy_maxanomap_res688_evaltrain_20260413\hq_sam_outputs_batch\roi_crops_peak_hysteresis_h0.5_l0.2_merge3bridge0.1_seed=0_sam_hq_vit_tiny\test\bad\2D\2026_03_11-09_22_13-794\combined_overlay.png,,1152,34,1795,440,0.662290096282959,117131,136,0.05647840531561462,0.14206165075302124,2.379363626241684,0.14206165075302124
test/bad/2D/2026_03_11-09_22_13-794.png__roi_001,,,test/bad/2D/2026_03_11-09_22_13-794.png,test/bad/2D/2026_03_11-09_22_13-794.png,1,normalmap,custom_eval,C:\anomalydino_data_single_object_normalmap\normalmap\test\bad\2D\2026_03_11-09_22_13-794.png,C:\ai\AnomalyDINO\results_CUSTOM\dinov3_vitb16_688\8-shot_preprocess=force_no_mask_no_rotation_bestsearch8_fast20greedy_maxanomap_res688_evaltrain_20260413\hq_sam_outputs_batch\roi_crops_peak_hysteresis_h0.5_l0.2_merge3bridge0.1_seed=0_sam_hq_vit_tiny\combined_overlay_gallery_flat\2D\2026_03_11-09_22_13-794.png,C:\ai\AnomalyDINO\results_CUSTOM\dinov3_vitb16_688\8-shot_preprocess=force_no_mask_no_rotation_bestsearch8_fast20greedy_maxanomap_res688_evaltrain_20260413\hq_sam_outputs_batch\roi_crops_peak_hysteresis_h0.5_l0.2_merge3bridge0.1_seed=0_sam_hq_vit_tiny\test\bad\2D\2026_03_11-09_22_13-794\combined_overlay.png,,915,711,982,813,0.5778441429138184,2854,6,0.0024916943521594683,0.10850861668586731,0.20674040913581848,0.10850861668586731
test/bad/2D/2026_03_11-09_22_13-794.png__roi_002,,,test/bad/2D/2026_03_11-09_22_13-794.png,test/bad/2D/2026_03_11-09_22_13-794.png,2,normalmap,custom_eval,C:\anomalydino_data_single_object_normalmap\normalmap\test\bad\2D\2026_03_11-09_22_13-794.png,C:\ai\AnomalyDINO\results_CUSTOM\dinov3_vitb16_688\8-shot_preprocess=force_no_mask_no_rotation_bestsearch8_fast20greedy_maxanomap_res688_evaltrain_20260413\hq_sam_outputs_batch\roi_crops_peak_hysteresis_h0.5_l0.2_merge3bridge0.1_seed=0_sam_hq_vit_tiny\combined_overlay_gallery_flat\2D\2026_03_11-09_22_13-794.png,C:\ai\AnomalyDINO\results_CUSTOM\dinov3_vitb16_688\8-shot_preprocess=force_no_mask_no_rotation_bestsearch8_fast20greedy_maxanomap_res688_evaltrain_20260413\hq_sam_outputs_batch\roi_crops_peak_hysteresis_h0.5_l0.2_merge3bridge0.1_seed=0_sam_hq_vit_tiny\test\bad\2D\2026_03_11-09_22_13-794\combined_overlay.png,,68,34,271,576,0.7582741975784302,83274,93,0.038621262458471764,0.1004173755645752,1.9524734169244766,0.1004173755645752
test/bad/2D/2026_03_11-09_22_21-590.png__roi_000,,,test/bad/2D/2026_03_11-09_22_21-590.png,test/bad/2D/2026_03_11-09_22_21-590.png,0,normalmap,custom_eval,C:\anomalydino_data_single_object_normalmap\normalmap\test\bad\2D\2026_03_11-09_22_21-590.png,C:\ai\AnomalyDINO\results_CUSTOM\dinov3_vitb16_688\8-shot_preprocess=force_no_mask_no_rotation_bestsearch8_fast20greedy_maxanomap_res688_evaltrain_20260413\hq_sam_outputs_batch\roi_crops_peak_hysteresis_h0.5_l0.2_merge3bridge0.1_seed=0_sam_hq_vit_tiny\combined_overlay_gallery_flat\2D\2026_03_11-09_22_21-590.png,C:\ai\AnomalyDINO\results_CUSTOM\dinov3_vitb16_688\8-shot_preprocess=force_no_mask_no_rotation_bestsearch8_fast20greedy_maxanomap_res688_evaltrain_20260413\hq_sam_outputs_batch\roi_crops_peak_hysteresis_h0.5_l0.2_merge3bridge0.1_seed=0_sam_hq_vit_tiny\test\bad\2D\2026_03_11-09_22_21-590\combined_overlay.png,,610,372,1558,1117,0.9515728950500488,587016,563,0.23380398671096345,0.19462519884109497,6.938688665628433,0.19462519884109497
test/bad/2D/2026_03_11-09_22_21-590.png__roi_001,,,test/bad/2D/2026_03_11-09_22_21-590.png,test/bad/2D/2026_03_11-09_22_21-590.png,1,normalmap,custom_eval,C:\anomalydino_data_single_object_normalmap\normalmap\test\bad\2D\2026_03_11-09_22_21-590.png,C:\ai\AnomalyDINO\results_CUSTOM\dinov3_vitb16_688\8-shot_preprocess=force_no_mask_no_rotation_bestsearch8_fast20greedy_maxanomap_res688_evaltrain_20260413\hq_sam_outputs_batch\roi_crops_peak_hysteresis_h0.5_l0.2_merge3bridge0.1_seed=0_sam_hq_vit_tiny\combined_overlay_gallery_flat\2D\2026_03_11-09_22_21-590.png,C:\ai\AnomalyDINO\results_CUSTOM\dinov3_vitb16_688\8-shot_preprocess=force_no_mask_no_rotation_bestsearch8_fast20greedy_maxanomap_res688_evaltrain_20260413\hq_sam_outputs_batch\roi_crops_peak_hysteresis_h0.5_l0.2_merge3bridge0.1_seed=0_sam_hq_vit_tiny\test\bad\2D\2026_03_11-09_22_21-590\combined_overlay.png,,644,1117,1694,1388,0.7468348741531372,184753,212,0.08803986710963455,0.09904259443283081,1.8525812029838562,0.09904259443283081
test/bad/2D/2026_03_11-09_22_21-590.png__roi_002,,,test/bad/2D/2026_03_11-09_22_21-590.png,test/bad/2D/2026_03_11-09_22_21-590.png,2,normalmap,custom_eval,C:\anomalydino_data_single_object_normalmap\normalmap\test\bad\2D\2026_03_11-09_22_21-590.png,C:\ai\AnomalyDINO\results_CUSTOM\dinov3_vitb16_688\8-shot_preprocess=force_no_mask_no_rotation_bestsearch8_fast20greedy_maxanomap_res688_evaltrain_20260413\hq_sam_outputs_batch\roi_crops_peak_hysteresis_h0.5_l0.2_merge3bridge0.1_seed=0_sam_hq_vit_tiny\combined_overlay_gallery_flat\2D\2026_03_11-09_22_21-590.png,C:\ai\AnomalyDINO\results_CUSTOM\dinov3_vitb16_688\8-shot_preprocess=force_no_mask_no_rotation_bestsearch8_fast20greedy_maxanomap_res688_evaltrain_20260413\hq_sam_outputs_batch\roi_crops_peak_hysteresis_h0.5_l0.2_merge3bridge0.1_seed=0_sam_hq_vit_tiny\test\bad\2D\2026_03_11-09_22_21-590\combined_overlay.png,,1694,135,1727,169,0.7532188892364502,495,1,0.0004152823920265781,0.08109170198440552,0.057213038206100464,0.08109170198440552
test/bad/2D/2026_03_11-09_22_21-590.png__roi_003,,,test/bad/2D/2026_03_11-09_22_21-590.png,test/bad/2D/2026_03_11-09_22_21-590.png,3,normalmap,custom_eval,C:\anomalydino_data_single_object_normalmap\normalmap\test\bad\2D\2026_03_11-09_22_21-590.png,C:\ai\AnomalyDINO\results_CUSTOM\dinov3_vitb16_688\8-shot_preprocess=force_no_mask_no_rotation_bestsearch8_fast20greedy_maxanomap_res688_evaltrain_20260413\hq_sam_outputs_batch\roi_crops_peak_hysteresis_h0.5_l0.2_merge3bridge0.1_seed=0_sam_hq_vit_tiny\combined_overlay_gallery_flat\2D\2026_03_11-09_22_21-590.png,C:\ai\AnomalyDINO\results_CUSTOM\dinov3_vitb16_688\8-shot_preprocess=force_no_mask_no_rotation_bestsearch8_fast20greedy_maxanomap_res688_evaltrain_20260413\hq_sam_outputs_batch\roi_crops_peak_hysteresis_h0.5_l0.2_merge3bridge0.1_seed=0_sam_hq_vit_tiny\test\bad\2D\2026_03_11-09_22_21-590\combined_overlay.png,,68,203,135,237,0.6733522415161133,2568,9,0.003737541528239203,0.059257835149765015,0.058033257722854614,0.059257835149765015
test/bad/2D/2026_03_11-09_22_21-590.png__roi_004,,,test/bad/2D/2026_03_11-09_22_21-590.png,test/bad/2D/2026_03_11-09_22_21-590.png,4,normalmap,custom_eval,C:\anomalydino_data_single_object_normalmap\normalmap\test\bad\2D\2026_03_11-09_22_21-590.png,C:\ai\AnomalyDINO\results_CUSTOM\dinov3_vitb16_688\8-shot_preprocess=force_no_mask_no_rotation_bestsearch8_fast20greedy_maxanomap_res688_evaltrain_20260413\hq_sam_outputs_batch\roi_crops_peak_hysteresis_h0.5_l0.2_merge3bridge0.1_seed=0_sam_hq_vit_tiny\combined_overlay_gallery_flat\2D\2026_03_11-09_22_21-590.png,C:\ai\AnomalyDINO\results_CUSTOM\dinov3_vitb16_688\8-shot_preprocess=force_no_mask_no_rotation_bestsearch8_fast20greedy_maxanomap_res688_evaltrain_20260413\hq_sam_outputs_batch\roi_crops_peak_hysteresis_h0.5_l0.2_merge3bridge0.1_seed=0_sam_hq_vit_tiny\test\bad\2D\2026_03_11-09_22_21-590\combined_overlay.png,,203,237,271,372,0.6063259840011597,5083,9,0.003737541528239203,0.058748453855514526,0.06561216711997986,0.058748453855514526
test/bad/2D/2026_03_11-09_22_37-199.png__roi_000,,,test/bad/2D/2026_03_11-09_22_37-199.png,test/bad/2D/2026_03_11-09_22_37-199.png,0,normalmap,custom_eval,C:\anomalydino_data_single_object_normalmap\normalmap\test\bad\2D\2026_03_11-09_22_37-199.png,C:\ai\AnomalyDINO\results_CUSTOM\dinov3_vitb16_688\8-shot_preprocess=force_no_mask_no_rotation_bestsearch8_fast20greedy_maxanomap_res688_evaltrain_20260413\hq_sam_outputs_batch\roi_crops_peak_hysteresis_h0.5_l0.2_merge3bridge0.1_seed=0_sam_hq_vit_tiny\combined_overlay_gallery_flat\2D\2026_03_11-09_22_37-199.png,C:\ai\AnomalyDINO\results_CUSTOM\dinov3_vitb16_688\8-shot_preprocess=force_no_mask_no_rotation_bestsearch8_fast20greedy_maxanomap_res688_evaltrain_20260413\hq_sam_outputs_batch\roi_crops_peak_hysteresis_h0.5_l0.2_merge3bridge0.1_seed=0_sam_hq_vit_tiny\test\bad\2D\2026_03_11-09_22_37-199\combined_overlay.png,,1253,711,1287,745,0.7736764550209045,811,3,0.0012458471760797341,0.1265507936477661,0.09410426020622253,0.1265507936477661
test/bad/2D/2026_03_11-09_22_37-199.png__roi_001,,,test/bad/2D/2026_03_11-09_22_37-199.png,test/bad/2D/2026_03_11-09_22_37-199.png,1,normalmap,custom_eval,C:\anomalydino_data_single_object_normalmap\normalmap\test\bad\2D\2026_03_11-09_22_37-199.png,C:\ai\AnomalyDINO\results_CUSTOM\dinov3_vitb16_688\8-shot_preprocess=force_no_mask_no_rotation_bestsearch8_fast20greedy_maxanomap_res688_evaltrain_20260413\hq_sam_outputs_batch\roi_crops_peak_hysteresis_h0.5_l0.2_merge3bridge0.1_seed=0_sam_hq_vit_tiny\combined_overlay_gallery_flat\2D\2026_03_11-09_22_37-199.png,C:\ai\AnomalyDINO\results_CUSTOM\dinov3_vitb16_688\8-shot_preprocess=force_no_mask_no_rotation_bestsearch8_fast20greedy_maxanomap_res688_evaltrain_20260413\hq_sam_outputs_batch\roi_crops_peak_hysteresis_h0.5_l0.2_merge3bridge0.1_seed=0_sam_hq_vit_tiny\test\bad\2D\2026_03_11-09_22_37-199\combined_overlay.png,,305,169,576,406,0.6226726174354553,53728,61,0.025332225913621262,0.09515911340713501,0.5521258115768433,0.09515911340713501
test/bad/2D/2026_03_11-09_22_37-199.png__roi_002,,,test/bad/2D/2026_03_11-09_22_37-199.png,test/bad/2D/2026_03_11-09_22_37-199.png,2,normalmap,custom_eval,C:\anomalydino_data_single_object_normalmap\normalmap\test\bad\2D\2026_03_11-09_22_37-199.png,C:\ai\AnomalyDINO\results_CUSTOM\dinov3_vitb16_688\8-shot_preprocess=force_no_mask_no_rotation_bestsearch8_fast20greedy_maxanomap_res688_evaltrain_20260413\hq_sam_outputs_batch\roi_crops_peak_hysteresis_h0.5_l0.2_merge3bridge0.1_seed=0_sam_hq_vit_tiny\combined_overlay_gallery_flat\2D\2026_03_11-09_22_37-199.png,C:\ai\AnomalyDINO\results_CUSTOM\dinov3_vitb16_688\8-shot_preprocess=force_no_mask_no_rotation_bestsearch8_fast20greedy_maxanomap_res688_evaltrain_20260413\hq_sam_outputs_batch\roi_crops_peak_hysteresis_h0.5_l0.2_merge3bridge0.1_seed=0_sam_hq_vit_tiny\test\bad\2D\2026_03_11-09_22_37-199\combined_overlay.png,,68,68,305,406,0.6850207448005676,77223,82,0.0340531561461794,0.0929098129272461,0.3384450078010559,0.0929098129272461
test/bad/2D/2026_03_11-09_22_37-199.png__roi_003,,,test/bad/2D/2026_03_11-09_22_37-199.png,test/bad/2D/2026_03_11-09_22_37-199.png,3,normalmap,custom_eval,C:\anomalydino_data_single_object_normalmap\normalmap\test\bad\2D\2026_03_11-09_22_37-199.png,C:\ai\AnomalyDINO\results_CUSTOM\dinov3_vitb16_688\8-shot_preprocess=force_no_mask_no_rotation_bestsearch8_fast20greedy_maxanomap_res688_evaltrain_20260413\hq_sam_outputs_batch\roi_crops_peak_hysteresis_h0.5_l0.2_merge3bridge0.1_seed=0_sam_hq_vit_tiny\combined_overlay_gallery_flat\2D\2026_03_11-09_22_37-199.png,C:\ai\AnomalyDINO\results_CUSTOM\dinov3_vitb16_688\8-shot_preprocess=force_no_mask_no_rotation_bestsearch8_fast20greedy_maxanomap_res688_evaltrain_20260413\hq_sam_outputs_batch\roi_crops_peak_hysteresis_h0.5_l0.2_merge3bridge0.1_seed=0_sam_hq_vit_tiny\test\bad\2D\2026_03_11-09_22_37-199\combined_overlay.png,,406,440,474,474,0.7011243104934692,1695,4,0.0016611295681063123,0.08177325129508972,0.06743964552879333,0.08177325129508972
test/bad/2D/2026_03_11-09_22_37-199.png__roi_004,,,test/bad/2D/2026_03_11-09_22_37-199.png,test/bad/2D/2026_03_11-09_22_37-199.png,4,normalmap,custom_eval,C:\anomalydino_data_single_object_normalmap\normalmap\test\bad\2D\2026_03_11-09_22_37-199.png,C:\ai\AnomalyDINO\results_CUSTOM\dinov3_vitb16_688\8-shot_preprocess=force_no_mask_no_rotation_bestsearch8_fast20greedy_maxanomap_res688_evaltrain_20260413\hq_sam_outputs_batch\roi_crops_peak_hysteresis_h0.5_l0.2_merge3bridge0.1_seed=0_sam_hq_vit_tiny\combined_overlay_gallery_flat\2D\2026_03_11-09_22_37-199.png,C:\ai\AnomalyDINO\results_CUSTOM\dinov3_vitb16_688\8-shot_preprocess=force_no_mask_no_rotation_bestsearch8_fast20greedy_maxanomap_res688_evaltrain_20260413\hq_sam_outputs_batch\roi_crops_peak_hysteresis_h0.5_l0.2_merge3bridge0.1_seed=0_sam_hq_vit_tiny\test\bad\2D\2026_03_11-09_22_37-199\combined_overlay.png,,1219,847,1456,1016,0.5702755451202393,11317,18,0.007475083056478406,0.07757830619812012,0.3180321455001831,0.07757830619812012
test/bad/2D/2026_03_11-09_22_37-199.png__roi_005,,,test/bad/2D/2026_03_11-09_22_37-199.png,test/bad/2D/2026_03_11-09_22_37-199.png,5,normalmap,custom_eval,C:\anomalydino_data_single_object_normalmap\normalmap\test\bad\2D\2026_03_11-09_22_37-199.png,C:\ai\AnomalyDINO\results_CUSTOM\dinov3_vitb16_688\8-shot_preprocess=force_no_mask_no_rotation_bestsearch8_fast20greedy_maxanomap_res688_evaltrain_20260413\hq_sam_outputs_batch\roi_crops_peak_hysteresis_h0.5_l0.2_merge3bridge0.1_seed=0_sam_hq_vit_tiny\combined_overlay_gallery_flat\2D\2026_03_11-09_22_37-199.png,C:\ai\AnomalyDINO\results_CUSTOM\dinov3_vitb16_688\8-shot_preprocess=force_no_mask_no_rotation_bestsearch8_fast20greedy_maxanomap_res688_evaltrain_20260413\hq_sam_outputs_batch\roi_crops_peak_hysteresis_h0.5_l0.2_merge3bridge0.1_seed=0_sam_hq_vit_tiny\test\bad\2D\2026_03_11-09_22_37-199\combined_overlay.png,,406,576,677,847,0.7335531711578369,54794,66,0.027408637873754152,0.06965741515159607,0.3267149329185486,0.06965741515159607
test/bad/2D/2026_03_11-09_22_37-199.png__roi_006,,,test/bad/2D/2026_03_11-09_22_37-199.png,test/bad/2D/2026_03_11-09_22_37-199.png,6,normalmap,custom_eval,C:\anomalydino_data_single_object_normalmap\normalmap\test\bad\2D\2026_03_11-09_22_37-199.png,C:\ai\AnomalyDINO\results_CUSTOM\dinov3_vitb16_688\8-shot_preprocess=force_no_mask_no_rotation_bestsearch8_fast20greedy_maxanomap_res688_evaltrain_20260413\hq_sam_outputs_batch\roi_crops_peak_hysteresis_h0.5_l0.2_merge3bridge0.1_seed=0_sam_hq_vit_tiny\combined_overlay_gallery_flat\2D\2026_03_11-09_22_37-199.png,C:\ai\AnomalyDINO\results_CUSTOM\dinov3_vitb16_688\8-shot_preprocess=force_no_mask_no_rotation_bestsearch8_fast20greedy_maxanomap_res688_evaltrain_20260413\hq_sam_outputs_batch\roi_crops_peak_hysteresis_h0.5_l0.2_merge3bridge0.1_seed=0_sam_hq_vit_tiny\test\bad\2D\2026_03_11-09_22_37-199\combined_overlay.png,,508,102,542,169,0.6842617988586426,1762,4,0.0016611295681063123,0.06903877854347229,0.09290003776550293,0.06903877854347229
test/bad/2D/2026_03_11-09_22_37-199.png__roi_007,,,test/bad/2D/2026_03_11-09_22_37-199.png,test/bad/2D/2026_03_11-09_22_37-199.png,7,normalmap,custom_eval,C:\anomalydino_data_single_object_normalmap\normalmap\test\bad\2D\2026_03_11-09_22_37-199.png,C:\ai\AnomalyDINO\results_CUSTOM\dinov3_vitb16_688\8-shot_preprocess=force_no_mask_no_rotation_bestsearch8_fast20greedy_maxanomap_res688_evaltrain_20260413\hq_sam_outputs_batch\roi_crops_peak_hysteresis_h0.5_l0.2_merge3bridge0.1_seed=0_sam_hq_vit_tiny\combined_overlay_gallery_flat\2D\2026_03_11-09_22_37-199.png,C:\ai\AnomalyDINO\results_CUSTOM\dinov3_vitb16_688\8-shot_preprocess=force_no_mask_no_rotation_bestsearch8_fast20greedy_maxanomap_res688_evaltrain_20260413\hq_sam_outputs_batch\roi_crops_peak_hysteresis_h0.5_l0.2_merge3bridge0.1_seed=0_sam_hq_vit_tiny\test\bad\2D\2026_03_11-09_22_37-199\combined_overlay.png,,711,102,813,203,0.6125533580780029,9414,16,0.006644518272425249,0.06406468152999878,0.10819405317306519,0.06406468152999878
test/bad/2D/2026_03_11-09_22_37-199.png__roi_008,,,test/bad/2D/2026_03_11-09_22_37-199.png,test/bad/2D/2026_03_11-09_22_37-199.png,8,normalmap,custom_eval,C:\anomalydino_data_single_object_normalmap\normalmap\test\bad\2D\2026_03_11-09_22_37-199.png,C:\ai\AnomalyDINO\results_CUSTOM\dinov3_vitb16_688\8-shot_preprocess=force_no_mask_no_rotation_bestsearch8_fast20greedy_maxanomap_res688_evaltrain_20260413\hq_sam_outputs_batch\roi_crops_peak_hysteresis_h0.5_l0.2_merge3bridge0.1_seed=0_sam_hq_vit_tiny\combined_overlay_gallery_flat\2D\2026_03_11-09_22_37-199.png,C:\ai\AnomalyDINO\results_CUSTOM\dinov3_vitb16_688\8-shot_preprocess=force_no_mask_no_rotation_bestsearch8_fast20greedy_maxanomap_res688_evaltrain_20260413\hq_sam_outputs_batch\roi_crops_peak_hysteresis_h0.5_l0.2_merge3bridge0.1_seed=0_sam_hq_vit_tiny\test\bad\2D\2026_03_11-09_22_37-199\combined_overlay.png,,1694,745,1727,813,0.6992112398147583,309,2,0.0008305647840531562,0.0633472204208374,0.08119949698448181,0.0633472204208374
test/bad/2D/2026_03_11-09_22_45-019.png__roi_000,,,test/bad/2D/2026_03_11-09_22_45-019.png,test/bad/2D/2026_03_11-09_22_45-019.png,0,normalmap,custom_eval,C:\anomalydino_data_single_object_normalmap\normalmap\test\bad\2D\2026_03_11-09_22_45-019.png,C:\ai\AnomalyDINO\results_CUSTOM\dinov3_vitb16_688\8-shot_preprocess=force_no_mask_no_rotation_bestsearch8_fast20greedy_maxanomap_res688_evaltrain_20260413\hq_sam_outputs_batch\roi_crops_peak_hysteresis_h0.5_l0.2_merge3bridge0.1_seed=0_sam_hq_vit_tiny\combined_overlay_gallery_flat\2D\2026_03_11-09_22_45-019.png,C:\ai\AnomalyDINO\results_CUSTOM\dinov3_vitb16_688\8-shot_preprocess=force_no_mask_no_rotation_bestsearch8_fast20greedy_maxanomap_res688_evaltrain_20260413\hq_sam_outputs_batch\roi_crops_peak_hysteresis_h0.5_l0.2_merge3bridge0.1_seed=0_sam_hq_vit_tiny\test\bad\2D\2026_03_11-09_22_45-019\combined_overlay.png,,677,474,745,542,0.7035655975341797,1230,4,0.0016611295681063123,0.08866941928863525,0.12391906976699829,0.08866941928863525
test/bad/2D/2026_03_11-09_22_45-019.png__roi_001,,,test/bad/2D/2026_03_11-09_22_45-019.png,test/bad/2D/2026_03_11-09_22_45-019.png,1,normalmap,custom_eval,C:\anomalydino_data_single_object_normalmap\normalmap\test\bad\2D\2026_03_11-09_22_45-019.png,C:\ai\AnomalyDINO\results_CUSTOM\dinov3_vitb16_688\8-shot_preprocess=force_no_mask_no_rotation_bestsearch8_fast20greedy_maxanomap_res688_evaltrain_20260413\hq_sam_outputs_batch\roi_crops_peak_hysteresis_h0.5_l0.2_merge3bridge0.1_seed=0_sam_hq_vit_tiny\combined_overlay_gallery_flat\2D\2026_03_11-09_22_45-019.png,C:\ai\AnomalyDINO\results_CUSTOM\dinov3_vitb16_688\8-shot_preprocess=force_no_mask_no_rotation_bestsearch8_fast20greedy_maxanomap_res688_evaltrain_20260413\hq_sam_outputs_batch\roi_crops_peak_hysteresis_h0.5_l0.2_merge3bridge0.1_seed=0_sam_hq_vit_tiny\test\bad\2D\2026_03_11-09_22_45-019\combined_overlay.png,,576,203,644,271,0.7589835524559021,1673,4,0.0016611295681063123,0.07415342330932617,0.12756302952766418,0.07415342330932617
test/bad/2D/2026_03_11-09_22_45-019.png__roi_002,,,test/bad/2D/2026_03_11-09_22_45-019.png,test/bad/2D/2026_03_11-09_22_45-019.png,2,normalmap,custom_eval,C:\anomalydino_data_single_object_normalmap\normalmap\test\bad\2D\2026_03_11-09_22_45-019.png,C:\ai\AnomalyDINO\results_CUSTOM\dinov3_vitb16_688\8-shot_preprocess=force_no_mask_no_rotation_bestsearch8_fast20greedy_maxanomap_res688_evaltrain_20260413\hq_sam_outputs_batch\roi_crops_peak_hysteresis_h0.5_l0.2_merge3bridge0.1_seed=0_sam_hq_vit_tiny\combined_overlay_gallery_flat\2D\2026_03_11-09_22_45-019.png,C:\ai\AnomalyDINO\results_CUSTOM\dinov3_vitb16_688\8-shot_preprocess=force_no_mask_no_rotation_bestsearch8_fast20greedy_maxanomap_res688_evaltrain_20260413\hq_sam_outputs_batch\roi_crops_peak_hysteresis_h0.5_l0.2_merge3bridge0.1_seed=0_sam_hq_vit_tiny\test\bad\2D\2026_03_11-09_22_45-019\combined_overlay.png,,102,406,169,508,0.7260338068008423,5530,10,0.004152823920265781,0.07247155904769897,0.1364937126636505,0.07247155904769897
test/bad/2D/2026_03_11-09_22_45-019.png__roi_003,,,test/bad/2D/2026_03_11-09_22_45-019.png,test/bad/2D/2026_03_11-09_22_45-019.png,3,normalmap,custom_eval,C:\anomalydino_data_single_object_normalmap\normalmap\test\bad\2D\2026_03_11-09_22_45-019.png,C:\ai\AnomalyDINO\results_CUSTOM\dinov3_vitb16_688\8-shot_preprocess=force_no_mask_no_rotation_bestsearch8_fast20greedy_maxanomap_res688_evaltrain_20260413\hq_sam_outputs_batch\roi_crops_peak_hysteresis_h0.5_l0.2_merge3bridge0.1_seed=0_sam_hq_vit_tiny\combined_overlay_gallery_flat\2D\2026_03_11-09_22_45-019.png,C:\ai\AnomalyDINO\results_CUSTOM\dinov3_vitb16_688\8-shot_preprocess=force_no_mask_no_rotation_bestsearch8_fast20greedy_maxanomap_res688_evaltrain_20260413\hq_sam_outputs_batch\roi_crops_peak_hysteresis_h0.5_l0.2_merge3bridge0.1_seed=0_sam_hq_vit_tiny\test\bad\2D\2026_03_11-09_22_45-019\combined_overlay.png,,271,982,305,1016,0.7108526229858398,747,2,0.0008305647840531562,0.06670945882797241,0.05482654273509979,0.06670945882797241
test/bad/2D/2026_03_11-09_22_45-019.png__roi_004,,,test/bad/2D/2026_03_11-09_22_45-019.png,test/bad/2D/2026_03_11-09_22_45-019.png,4,normalmap,custom_eval,C:\anomalydino_data_single_object_normalmap\normalmap\test\bad\2D\2026_03_11-09_22_45-019.png,C:\ai\AnomalyDINO\results_CUSTOM\dinov3_vitb16_688\8-shot_preprocess=force_no_mask_no_rotation_bestsearch8_fast20greedy_maxanomap_res688_evaltrain_20260413\hq_sam_outputs_batch\roi_crops_peak_hysteresis_h0.5_l0.2_merge3bridge0.1_seed=0_sam_hq_vit_tiny\combined_overlay_gallery_flat\2D\2026_03_11-09_22_45-019.png,C:\ai\AnomalyDINO\results_CUSTOM\dinov3_vitb16_688\8-shot_preprocess=force_no_mask_no_rotation_bestsearch8_fast20greedy_maxanomap_res688_evaltrain_20260413\hq_sam_outputs_batch\roi_crops_peak_hysteresis_h0.5_l0.2_merge3bridge0.1_seed=0_sam_hq_vit_tiny\test\bad\2D\2026_03_11-09_22_45-019\combined_overlay.png,,576,1287,677,1388,0.9088925123214722,3256,9,0.003737541528239203,0.061016976833343506,0.20166116952896118,0.061016976833343506
test/bad/2D/2026_03_11-09_22_45-019.png__roi_005,,,test/bad/2D/2026_03_11-09_22_45-019.png,test/bad/2D/2026_03_11-09_22_45-019.png,5,normalmap,custom_eval,C:\anomalydino_data_single_object_normalmap\normalmap\test\bad\2D\2026_03_11-09_22_45-019.png,C:\ai\AnomalyDINO\results_CUSTOM\dinov3_vitb16_688\8-shot_preprocess=force_no_mask_no_rotation_bestsearch8_fast20greedy_maxanomap_res688_evaltrain_20260413\hq_sam_outputs_batch\roi_crops_peak_hysteresis_h0.5_l0.2_merge3bridge0.1_seed=0_sam_hq_vit_tiny\combined_overlay_gallery_flat\2D\2026_03_11-09_22_45-019.png,C:\ai\AnomalyDINO\results_CUSTOM\dinov3_vitb16_688\8-shot_preprocess=force_no_mask_no_rotation_bestsearch8_fast20greedy_maxanomap_res688_evaltrain_20260413\hq_sam_outputs_batch\roi_crops_peak_hysteresis_h0.5_l0.2_merge3bridge0.1_seed=0_sam_hq_vit_tiny\test\bad\2D\2026_03_11-09_22_45-019\combined_overlay.png,,1490,880,1524,948,0.5626221895217896,979,2,0.0008305647840531562,0.05916166305541992,0.0610869824886322,0.05916166305541992
test/bad/2D/2026_03_11-09_22_53-019.png__roi_000,,,test/bad/2D/2026_03_11-09_22_53-019.png,test/bad/2D/2026_03_11-09_22_53-019.png,0,normalmap,custom_eval,C:\anomalydino_data_single_object_normalmap\normalmap\test\bad\2D\2026_03_11-09_22_53-019.png,C:\ai\AnomalyDINO\results_CUSTOM\dinov3_vitb16_688\8-shot_preprocess=force_no_mask_no_rotation_bestsearch8_fast20greedy_maxanomap_res688_evaltrain_20260413\hq_sam_outputs_batch\roi_crops_peak_hysteresis_h0.5_l0.2_merge3bridge0.1_seed=0_sam_hq_vit_tiny\combined_overlay_gallery_flat\2D\2026_03_11-09_22_53-019.png,C:\ai\AnomalyDINO\results_CUSTOM\dinov3_vitb16_688\8-shot_preprocess=force_no_mask_no_rotation_bestsearch8_fast20greedy_maxanomap_res688_evaltrain_20260413\hq_sam_outputs_batch\roi_crops_peak_hysteresis_h0.5_l0.2_merge3bridge0.1_seed=0_sam_hq_vit_tiny\test\bad\2D\2026_03_11-09_22_53-019\combined_overlay.png,,1152,68,1423,1016,0.7229196429252625,219692,241,0.10008305647840532,0.10066229104995728,3.5085660219192505,0.10066229104995728
test/bad/2D/2026_03_11-09_22_53-019.png__roi_001,,,test/bad/2D/2026_03_11-09_22_53-019.png,test/bad/2D/2026_03_11-09_22_53-019.png,1,normalmap,custom_eval,C:\anomalydino_data_single_object_normalmap\normalmap\test\bad\2D\2026_03_11-09_22_53-019.png,C:\ai\AnomalyDINO\results_CUSTOM\dinov3_vitb16_688\8-shot_preprocess=force_no_mask_no_rotation_bestsearch8_fast20greedy_maxanomap_res688_evaltrain_20260413\hq_sam_outputs_batch\roi_crops_peak_hysteresis_h0.5_l0.2_merge3bridge0.1_seed=0_sam_hq_vit_tiny\combined_overlay_gallery_flat\2D\2026_03_11-09_22_53-019.png,C:\ai\AnomalyDINO\results_CUSTOM\dinov3_vitb16_688\8-shot_preprocess=force_no_mask_no_rotation_bestsearch8_fast20greedy_maxanomap_res688_evaltrain_20260413\hq_sam_outputs_batch\roi_crops_peak_hysteresis_h0.5_l0.2_merge3bridge0.1_seed=0_sam_hq_vit_tiny\test\bad\2D\2026_03_11-09_22_53-019\combined_overlay.png,,237,914,339,948,0.6942711472511292,2197,4,0.0016611295681063123,0.08379465341567993,0.13557352125644684,0.08379465341567993
test/bad/2D/2026_03_11-09_22_53-019.png__roi_002,,,test/bad/2D/2026_03_11-09_22_53-019.png,test/bad/2D/2026_03_11-09_22_53-019.png,2,normalmap,custom_eval,C:\anomalydino_data_single_object_normalmap\normalmap\test\bad\2D\2026_03_11-09_22_53-019.png,C:\ai\AnomalyDINO\results_CUSTOM\dinov3_vitb16_688\8-shot_preprocess=force_no_mask_no_rotation_bestsearch8_fast20greedy_maxanomap_res688_evaltrain_20260413\hq_sam_outputs_batch\roi_crops_peak_hysteresis_h0.5_l0.2_merge3bridge0.1_seed=0_sam_hq_vit_tiny\combined_overlay_gallery_flat\2D\2026_03_11-09_22_53-019.png,C:\ai\AnomalyDINO\results_CUSTOM\dinov3_vitb16_688\8-shot_preprocess=force_no_mask_no_rotation_bestsearch8_fast20greedy_maxanomap_res688_evaltrain_20260413\hq_sam_outputs_batch\roi_crops_peak_hysteresis_h0.5_l0.2_merge3bridge0.1_seed=0_sam_hq_vit_tiny\test\bad\2D\2026_03_11-09_22_53-019\combined_overlay.png,,508,779,576,813,0.6882513761520386,1344,3,0.0012458471760797341,0.07806277275085449,0.10872435569763184,0.07806277275085449
test/bad/2D/2026_03_11-09_22_53-019.png__roi_003,,,test/bad/2D/2026_03_11-09_22_53-019.png,test/bad/2D/2026_03_11-09_22_53-019.png,3,normalmap,custom_eval,C:\anomalydino_data_single_object_normalmap\normalmap\test\bad\2D\2026_03_11-09_22_53-019.png,C:\ai\AnomalyDINO\results_CUSTOM\dinov3_vitb16_688\8-shot_preprocess=force_no_mask_no_rotation_bestsearch8_fast20greedy_maxanomap_res688_evaltrain_20260413\hq_sam_outputs_batch\roi_crops_peak_hysteresis_h0.5_l0.2_merge3bridge0.1_seed=0_sam_hq_vit_tiny\combined_overlay_gallery_flat\2D\2026_03_11-09_22_53-019.png,C:\ai\AnomalyDINO\results_CUSTOM\dinov3_vitb16_688\8-shot_preprocess=force_no_mask_no_rotation_bestsearch8_fast20greedy_maxanomap_res688_evaltrain_20260413\hq_sam_outputs_batch\roi_crops_peak_hysteresis_h0.5_l0.2_merge3bridge0.1_seed=0_sam_hq_vit_tiny\test\bad\2D\2026_03_11-09_22_53-019\combined_overlay.png,,406,271,440,339,0.7121613621711731,1581,4,0.0016611295681063123,0.06780180335044861,0.07408785820007324,0.06780180335044861
test/bad/2D/2026_03_11-09_22_53-019.png__roi_004,,,test/bad/2D/2026_03_11-09_22_53-019.png,test/bad/2D/2026_03_11-09_22_53-019.png,4,normalmap,custom_eval,C:\anomalydino_data_single_object_normalmap\normalmap\test\bad\2D\2026_03_11-09_22_53-019.png,C:\ai\AnomalyDINO\results_CUSTOM\dinov3_vitb16_688\8-shot_preprocess=force_no_mask_no_rotation_bestsearch8_fast20greedy_maxanomap_res688_evaltrain_20260413\hq_sam_outputs_batch\roi_crops_peak_hysteresis_h0.5_l0.2_merge3bridge0.1_seed=0_sam_hq_vit_tiny\combined_overlay_gallery_flat\2D\2026_03_11-09_22_53-019.png,C:\ai\AnomalyDINO\results_CUSTOM\dinov3_vitb16_688\8-shot_preprocess=force_no_mask_no_rotation_bestsearch8_fast20greedy_maxanomap_res688_evaltrain_20260413\hq_sam_outputs_batch\roi_crops_peak_hysteresis_h0.5_l0.2_merge3bridge0.1_seed=0_sam_hq_vit_tiny\test\bad\2D\2026_03_11-09_22_53-019\combined_overlay.png,,203,203,271,271,0.7107436060905457,3252,7,0.0029069767441860465,0.06401479244232178,0.08906906843185425,0.06401479244232178
test/bad/2D/2026_03_11-09_22_53-019.png__roi_005,,,test/bad/2D/2026_03_11-09_22_53-019.png,test/bad/2D/2026_03_11-09_22_53-019.png,5,normalmap,custom_eval,C:\anomalydino_data_single_object_normalmap\normalmap\test\bad\2D\2026_03_11-09_22_53-019.png,C:\ai\AnomalyDINO\results_CUSTOM\dinov3_vitb16_688\8-shot_preprocess=force_no_mask_no_rotation_bestsearch8_fast20greedy_maxanomap_res688_evaltrain_20260413\hq_sam_outputs_batch\roi_crops_peak_hysteresis_h0.5_l0.2_merge3bridge0.1_seed=0_sam_hq_vit_tiny\combined_overlay_gallery_flat\2D\2026_03_11-09_22_53-019.png,C:\ai\AnomalyDINO\results_CUSTOM\dinov3_vitb16_688\8-shot_preprocess=force_no_mask_no_rotation_bestsearch8_fast20greedy_maxanomap_res688_evaltrain_20260413\hq_sam_outputs_batch\roi_crops_peak_hysteresis_h0.5_l0.2_merge3bridge0.1_seed=0_sam_hq_vit_tiny\test\bad\2D\2026_03_11-09_22_53-019\combined_overlay.png,,1456,542,1558,643,0.6089619994163513,1804,7,0.0029069767441860465,0.06324204802513123,0.12103608250617981,0.06324204802513123
test/bad/2D/2026_03_11-09_23_00-353.png__roi_000,,,test/bad/2D/2026_03_11-09_23_00-353.png,test/bad/2D/2026_03_11-09_23_00-353.png,0,normalmap,custom_eval,C:\anomalydino_data_single_object_normalmap\normalmap\test\bad\2D\2026_03_11-09_23_00-353.png,C:\ai\AnomalyDINO\results_CUSTOM\dinov3_vitb16_688\8-shot_preprocess=force_no_mask_no_rotation_bestsearch8_fast20greedy_maxanomap_res688_evaltrain_20260413\hq_sam_outputs_batch\roi_crops_peak_hysteresis_h0.5_l0.2_merge3bridge0.1_seed=0_sam_hq_vit_tiny\combined_overlay_gallery_flat\2D\2026_03_11-09_23_00-353.png,C:\ai\AnomalyDINO\results_CUSTOM\dinov3_vitb16_688\8-shot_preprocess=force_no_mask_no_rotation_bestsearch8_fast20greedy_maxanomap_res688_evaltrain_20260413\hq_sam_outputs_batch\roi_crops_peak_hysteresis_h0.5_l0.2_merge3bridge0.1_seed=0_sam_hq_vit_tiny\test\bad\2D\2026_03_11-09_23_00-353\combined_overlay.png,,135,440,305,779,0.6876990795135498,51484,60,0.024916943521594685,0.06537872552871704,0.6370079219341278,0.06537872552871704
test/bad/2D/2026_03_11-09_23_00-353.png__roi_001,,,test/bad/2D/2026_03_11-09_23_00-353.png,test/bad/2D/2026_03_11-09_23_00-353.png,1,normalmap,custom_eval,C:\anomalydino_data_single_object_normalmap\normalmap\test\bad\2D\2026_03_11-09_23_00-353.png,C:\ai\AnomalyDINO\results_CUSTOM\dinov3_vitb16_688\8-shot_preprocess=force_no_mask_no_rotation_bestsearch8_fast20greedy_maxanomap_res688_evaltrain_20260413\hq_sam_outputs_batch\roi_crops_peak_hysteresis_h0.5_l0.2_merge3bridge0.1_seed=0_sam_hq_vit_tiny\combined_overlay_gallery_flat\2D\2026_03_11-09_23_00-353.png,C:\ai\AnomalyDINO\results_CUSTOM\dinov3_vitb16_688\8-shot_preprocess=force_no_mask_no_rotation_bestsearch8_fast20greedy_maxanomap_res688_evaltrain_20260413\hq_sam_outputs_batch\roi_crops_peak_hysteresis_h0.5_l0.2_merge3bridge0.1_seed=0_sam_hq_vit_tiny\test\bad\2D\2026_03_11-09_23_00-353\combined_overlay.png,,1321,1321,1389,1354,0.788371205329895,1054,4,0.0016611295681063123,0.05998760461807251,0.06676292419433594,0.05998760461807251
test/bad/2D/2026_03_11-09_23_20-950.png__roi_000,,,test/bad/2D/2026_03_11-09_23_20-950.png,test/bad/2D/2026_03_11-09_23_20-950.png,0,normalmap,custom_eval,C:\anomalydino_data_single_object_normalmap\normalmap\test\bad\2D\2026_03_11-09_23_20-950.png,C:\ai\AnomalyDINO\results_CUSTOM\dinov3_vitb16_688\8-shot_preprocess=force_no_mask_no_rotation_bestsearch8_fast20greedy_maxanomap_res688_evaltrain_20260413\hq_sam_outputs_batch\roi_crops_peak_hysteresis_h0.5_l0.2_merge3bridge0.1_seed=0_sam_hq_vit_tiny\combined_overlay_gallery_flat\2D\2026_03_11-09_23_20-950.png,C:\ai\AnomalyDINO\results_CUSTOM\dinov3_vitb16_688\8-shot_preprocess=force_no_mask_no_rotation_bestsearch8_fast20greedy_maxanomap_res688_evaltrain_20260413\hq_sam_outputs_batch\roi_crops_peak_hysteresis_h0.5_l0.2_merge3bridge0.1_seed=0_sam_hq_vit_tiny\test\bad\2D\2026_03_11-09_23_20-950\combined_overlay.png,,982,102,1592,1151,0.7493550777435303,433611,450,0.18687707641196014,0.1452139914035797,2.1231162548065186,0.1452139914035797
test/bad/2D/2026_03_11-09_23_20-950.png__roi_001,,,test/bad/2D/2026_03_11-09_23_20-950.png,test/bad/2D/2026_03_11-09_23_20-950.png,1,normalmap,custom_eval,C:\anomalydino_data_single_object_normalmap\normalmap\test\bad\2D\2026_03_11-09_23_20-950.png,C:\ai\AnomalyDINO\results_CUSTOM\dinov3_vitb16_688\8-shot_preprocess=force_no_mask_no_rotation_bestsearch8_fast20greedy_maxanomap_res688_evaltrain_20260413\hq_sam_outputs_batch\roi_crops_peak_hysteresis_h0.5_l0.2_merge3bridge0.1_seed=0_sam_hq_vit_tiny\combined_overlay_gallery_flat\2D\2026_03_11-09_23_20-950.png,C:\ai\AnomalyDINO\results_CUSTOM\dinov3_vitb16_688\8-shot_preprocess=force_no_mask_no_rotation_bestsearch8_fast20greedy_maxanomap_res688_evaltrain_20260413\hq_sam_outputs_batch\roi_crops_peak_hysteresis_h0.5_l0.2_merge3bridge0.1_seed=0_sam_hq_vit_tiny\test\bad\2D\2026_03_11-09_23_20-950\combined_overlay.png,,508,1050,847,1151,0.7439112663269043,19697,29,0.012043189368770765,0.07276904582977295,0.47629907727241516,0.07276904582977295
test/bad/2D/2026_03_11-09_23_20-950.png__roi_002,,,test/bad/2D/2026_03_11-09_23_20-950.png,test/bad/2D/2026_03_11-09_23_20-950.png,2,normalmap,custom_eval,C:\anomalydino_data_single_object_normalmap\normalmap\test\bad\2D\2026_03_11-09_23_20-950.png,C:\ai\AnomalyDINO\results_CUSTOM\dinov3_vitb16_688\8-shot_preprocess=force_no_mask_no_rotation_bestsearch8_fast20greedy_maxanomap_res688_evaltrain_20260413\hq_sam_outputs_batch\roi_crops_peak_hysteresis_h0.5_l0.2_merge3bridge0.1_seed=0_sam_hq_vit_tiny\combined_overlay_gallery_flat\2D\2026_03_11-09_23_20-950.png,C:\ai\AnomalyDINO\results_CUSTOM\dinov3_vitb16_688\8-shot_preprocess=force_no_mask_no_rotation_bestsearch8_fast20greedy_maxanomap_res688_evaltrain_20260413\hq_sam_outputs_batch\roi_crops_peak_hysteresis_h0.5_l0.2_merge3bridge0.1_seed=0_sam_hq_vit_tiny\test\bad\2D\2026_03_11-09_23_20-950\combined_overlay.png,,440,68,542,169,0.6516673564910889,8153,13,0.005398671096345515,0.07239145040512085,0.19092363119125366,0.07239145040512085
test/bad/2D/2026_03_11-09_23_20-950.png__roi_003,,,test/bad/2D/2026_03_11-09_23_20-950.png,test/bad/2D/2026_03_11-09_23_20-950.png,3,normalmap,custom_eval,C:\anomalydino_data_single_object_normalmap\normalmap\test\bad\2D\2026_03_11-09_23_20-950.png,C:\ai\AnomalyDINO\results_CUSTOM\dinov3_vitb16_688\8-shot_preprocess=force_no_mask_no_rotation_bestsearch8_fast20greedy_maxanomap_res688_evaltrain_20260413\hq_sam_outputs_batch\roi_crops_peak_hysteresis_h0.5_l0.2_merge3bridge0.1_seed=0_sam_hq_vit_tiny\combined_overlay_gallery_flat\2D\2026_03_11-09_23_20-950.png,C:\ai\AnomalyDINO\results_CUSTOM\dinov3_vitb16_688\8-shot_preprocess=force_no_mask_no_rotation_bestsearch8_fast20greedy_maxanomap_res688_evaltrain_20260413\hq_sam_outputs_batch\roi_crops_peak_hysteresis_h0.5_l0.2_merge3bridge0.1_seed=0_sam_hq_vit_tiny\test\bad\2D\2026_03_11-09_23_20-950\combined_overlay.png,,305,271,406,779,0.6194127798080444,4583,16,0.006644518272425249,0.0650222897529602,0.42016011476516724,0.0650222897529602
test/bad/2D/2026_03_11-09_23_40-521.png__roi_000,,,test/bad/2D/2026_03_11-09_23_40-521.png,test/bad/2D/2026_03_11-09_23_40-521.png,0,normalmap,custom_eval,C:\anomalydino_data_single_object_normalmap\normalmap\test\bad\2D\2026_03_11-09_23_40-521.png,C:\ai\AnomalyDINO\results_CUSTOM\dinov3_vitb16_688\8-shot_preprocess=force_no_mask_no_rotation_bestsearch8_fast20greedy_maxanomap_res688_evaltrain_20260413\hq_sam_outputs_batch\roi_crops_peak_hysteresis_h0.5_l0.2_merge3bridge0.1_seed=0_sam_hq_vit_tiny\combined_overlay_gallery_flat\2D\2026_03_11-09_23_40-521.png,C:\ai\AnomalyDINO\results_CUSTOM\dinov3_vitb16_688\8-shot_preprocess=force_no_mask_no_rotation_bestsearch8_fast20greedy_maxanomap_res688_evaltrain_20260413\hq_sam_outputs_batch\roi_crops_peak_hysteresis_h0.5_l0.2_merge3bridge0.1_seed=0_sam_hq_vit_tiny\test\bad\2D\2026_03_11-09_23_40-521\combined_overlay.png,,542,643,779,1084,0.6634128093719482,66841,79,0.03280730897009967,0.06598424911499023,0.5864479839801788,0.06598424911499023
test/bad/2D/2026_03_11-09_23_46-859.png__roi_000,,,test/bad/2D/2026_03_11-09_23_46-859.png,test/bad/2D/2026_03_11-09_23_46-859.png,0,normalmap,custom_eval,C:\anomalydino_data_single_object_normalmap\normalmap\test\bad\2D\2026_03_11-09_23_46-859.png,C:\ai\AnomalyDINO\results_CUSTOM\dinov3_vitb16_688\8-shot_preprocess=force_no_mask_no_rotation_bestsearch8_fast20greedy_maxanomap_res688_evaltrain_20260413\hq_sam_outputs_batch\roi_crops_peak_hysteresis_h0.5_l0.2_merge3bridge0.1_seed=0_sam_hq_vit_tiny\combined_overlay_gallery_flat\2D\2026_03_11-09_23_46-859.png,C:\ai\AnomalyDINO\results_CUSTOM\dinov3_vitb16_688\8-shot_preprocess=force_no_mask_no_rotation_bestsearch8_fast20greedy_maxanomap_res688_evaltrain_20260413\hq_sam_outputs_batch\roi_crops_peak_hysteresis_h0.5_l0.2_merge3bridge0.1_seed=0_sam_hq_vit_tiny\test\bad\2D\2026_03_11-09_23_46-859\combined_overlay.png,,1186,813,1490,1151,0.4508058428764343,8356,24,0.009966777408637873,0.12019816040992737,0.8698159456253052,0.12019816040992737
test/bad/2D/2026_03_11-09_23_46-859.png__roi_001,,,test/bad/2D/2026_03_11-09_23_46-859.png,test/bad/2D/2026_03_11-09_23_46-859.png,1,normalmap,custom_eval,C:\anomalydino_data_single_object_normalmap\normalmap\test\bad\2D\2026_03_11-09_23_46-859.png,C:\ai\AnomalyDINO\results_CUSTOM\dinov3_vitb16_688\8-shot_preprocess=force_no_mask_no_rotation_bestsearch8_fast20greedy_maxanomap_res688_evaltrain_20260413\hq_sam_outputs_batch\roi_crops_peak_hysteresis_h0.5_l0.2_merge3bridge0.1_seed=0_sam_hq_vit_tiny\combined_overlay_gallery_flat\2D\2026_03_11-09_23_46-859.png,C:\ai\AnomalyDINO\results_CUSTOM\dinov3_vitb16_688\8-shot_preprocess=force_no_mask_no_rotation_bestsearch8_fast20greedy_maxanomap_res688_evaltrain_20260413\hq_sam_outputs_batch\roi_crops_peak_hysteresis_h0.5_l0.2_merge3bridge0.1_seed=0_sam_hq_vit_tiny\test\bad\2D\2026_03_11-09_23_46-859\combined_overlay.png,,542,135,610,169,0.7029669284820557,1599,3,0.0012458471760797341,0.07110652327537537,0.10852932929992676,0.07110652327537537
test/bad/2D/2026_03_11-09_23_46-859.png__roi_002,,,test/bad/2D/2026_03_11-09_23_46-859.png,test/bad/2D/2026_03_11-09_23_46-859.png,2,normalmap,custom_eval,C:\anomalydino_data_single_object_normalmap\normalmap\test\bad\2D\2026_03_11-09_23_46-859.png,C:\ai\AnomalyDINO\results_CUSTOM\dinov3_vitb16_688\8-shot_preprocess=force_no_mask_no_rotation_bestsearch8_fast20greedy_maxanomap_res688_evaltrain_20260413\hq_sam_outputs_batch\roi_crops_peak_hysteresis_h0.5_l0.2_merge3bridge0.1_seed=0_sam_hq_vit_tiny\combined_overlay_gallery_flat\2D\2026_03_11-09_23_46-859.png,C:\ai\AnomalyDINO\results_CUSTOM\dinov3_vitb16_688\8-shot_preprocess=force_no_mask_no_rotation_bestsearch8_fast20greedy_maxanomap_res688_evaltrain_20260413\hq_sam_outputs_batch\roi_crops_peak_hysteresis_h0.5_l0.2_merge3bridge0.1_seed=0_sam_hq_vit_tiny\test\bad\2D\2026_03_11-09_23_46-859\combined_overlay.png,,610,914,711,982,0.6751272082328796,4309,7,0.0029069767441860465,0.06694933772087097,0.06619244813919067,0.06694933772087097
test/bad/2D/2026_03_11-09_23_46-859.png__roi_003,,,test/bad/2D/2026_03_11-09_23_46-859.png,test/bad/2D/2026_03_11-09_23_46-859.png,3,normalmap,custom_eval,C:\anomalydino_data_single_object_normalmap\normalmap\test\bad\2D\2026_03_11-09_23_46-859.png,C:\ai\AnomalyDINO\results_CUSTOM\dinov3_vitb16_688\8-shot_preprocess=force_no_mask_no_rotation_bestsearch8_fast20greedy_maxanomap_res688_evaltrain_20260413\hq_sam_outputs_batch\roi_crops_peak_hysteresis_h0.5_l0.2_merge3bridge0.1_seed=0_sam_hq_vit_tiny\combined_overlay_gallery_flat\2D\2026_03_11-09_23_46-859.png,C:\ai\AnomalyDINO\results_CUSTOM\dinov3_vitb16_688\8-shot_preprocess=force_no_mask_no_rotation_bestsearch8_fast20greedy_maxanomap_res688_evaltrain_20260413\hq_sam_outputs_batch\roi_crops_peak_hysteresis_h0.5_l0.2_merge3bridge0.1_seed=0_sam_hq_vit_tiny\test\bad\2D\2026_03_11-09_23_46-859\combined_overlay.png,,406,169,644,508,0.5722095370292664,60815,69,0.028654485049833887,0.06554591655731201,0.36607667803764343,0.06554591655731201
test/bad/2D/2026_03_11-09_23_53-337.png__roi_000,,,test/bad/2D/2026_03_11-09_23_53-337.png,test/bad/2D/2026_03_11-09_23_53-337.png,0,normalmap,custom_eval,C:\anomalydino_data_single_object_normalmap\normalmap\test\bad\2D\2026_03_11-09_23_53-337.png,C:\ai\AnomalyDINO\results_CUSTOM\dinov3_vitb16_688\8-shot_preprocess=force_no_mask_no_rotation_bestsearch8_fast20greedy_maxanomap_res688_evaltrain_20260413\hq_sam_outputs_batch\roi_crops_peak_hysteresis_h0.5_l0.2_merge3bridge0.1_seed=0_sam_hq_vit_tiny\combined_overlay_gallery_flat\2D\2026_03_11-09_23_53-337.png,C:\ai\AnomalyDINO\results_CUSTOM\dinov3_vitb16_688\8-shot_preprocess=force_no_mask_no_rotation_bestsearch8_fast20greedy_maxanomap_res688_evaltrain_20260413\hq_sam_outputs_batch\roi_crops_peak_hysteresis_h0.5_l0.2_merge3bridge0.1_seed=0_sam_hq_vit_tiny\test\bad\2D\2026_03_11-09_23_53-337\combined_overlay.png,,1186,880,1219,914,0.7117447853088379,504,1,0.0004152823920265781,0.07112342119216919,0.060429200530052185,0.07112342119216919
test/bad/2D/2026_03_11-09_23_53-337.png__roi_001,,,test/bad/2D/2026_03_11-09_23_53-337.png,test/bad/2D/2026_03_11-09_23_53-337.png,1,normalmap,custom_eval,C:\anomalydino_data_single_object_normalmap\normalmap\test\bad\2D\2026_03_11-09_23_53-337.png,C:\ai\AnomalyDINO\results_CUSTOM\dinov3_vitb16_688\8-shot_preprocess=force_no_mask_no_rotation_bestsearch8_fast20greedy_maxanomap_res688_evaltrain_20260413\hq_sam_outputs_batch\roi_crops_peak_hysteresis_h0.5_l0.2_merge3bridge0.1_seed=0_sam_hq_vit_tiny\combined_overlay_gallery_flat\2D\2026_03_11-09_23_53-337.png,C:\ai\AnomalyDINO\results_CUSTOM\dinov3_vitb16_688\8-shot_preprocess=force_no_mask_no_rotation_bestsearch8_fast20greedy_maxanomap_res688_evaltrain_20260413\hq_sam_outputs_batch\roi_crops_peak_hysteresis_h0.5_l0.2_merge3bridge0.1_seed=0_sam_hq_vit_tiny\test\bad\2D\2026_03_11-09_23_53-337\combined_overlay.png,,1592,169,1660,203,0.8753453493118286,776,2,0.0008305647840531562,0.06972363591194153,0.10831436514854431,0.06972363591194153
test/bad/2D/2026_03_11-09_23_53-337.png__roi_002,,,test/bad/2D/2026_03_11-09_23_53-337.png,test/bad/2D/2026_03_11-09_23_53-337.png,2,normalmap,custom_eval,C:\anomalydino_data_single_object_normalmap\normalmap\test\bad\2D\2026_03_11-09_23_53-337.png,C:\ai\AnomalyDINO\results_CUSTOM\dinov3_vitb16_688\8-shot_preprocess=force_no_mask_no_rotation_bestsearch8_fast20greedy_maxanomap_res688_evaltrain_20260413\hq_sam_outputs_batch\roi_crops_peak_hysteresis_h0.5_l0.2_merge3bridge0.1_seed=0_sam_hq_vit_tiny\combined_overlay_gallery_flat\2D\2026_03_11-09_23_53-337.png,C:\ai\AnomalyDINO\results_CUSTOM\dinov3_vitb16_688\8-shot_preprocess=force_no_mask_no_rotation_bestsearch8_fast20greedy_maxanomap_res688_evaltrain_20260413\hq_sam_outputs_batch\roi_crops_peak_hysteresis_h0.5_l0.2_merge3bridge0.1_seed=0_sam_hq_vit_tiny\test\bad\2D\2026_03_11-09_23_53-337\combined_overlay.png,,508,169,542,203,0.7260672450065613,752,1,0.0004152823920265781,0.060785770416259766,0.05299428105354309,0.060785770416259766
test/bad/2D/2026_03_11-09_23_53-337.png__roi_003,,,test/bad/2D/2026_03_11-09_23_53-337.png,test/bad/2D/2026_03_11-09_23_53-337.png,3,normalmap,custom_eval,C:\anomalydino_data_single_object_normalmap\normalmap\test\bad\2D\2026_03_11-09_23_53-337.png,C:\ai\AnomalyDINO\results_CUSTOM\dinov3_vitb16_688\8-shot_preprocess=force_no_mask_no_rotation_bestsearch8_fast20greedy_maxanomap_res688_evaltrain_20260413\hq_sam_outputs_batch\roi_crops_peak_hysteresis_h0.5_l0.2_merge3bridge0.1_seed=0_sam_hq_vit_tiny\combined_overlay_gallery_flat\2D\2026_03_11-09_23_53-337.png,C:\ai\AnomalyDINO\results_CUSTOM\dinov3_vitb16_688\8-shot_preprocess=force_no_mask_no_rotation_bestsearch8_fast20greedy_maxanomap_res688_evaltrain_20260413\hq_sam_outputs_batch\roi_crops_peak_hysteresis_h0.5_l0.2_merge3bridge0.1_seed=0_sam_hq_vit_tiny\test\bad\2D\2026_03_11-09_23_53-337\combined_overlay.png,,508,1354,542,1388,0.6715268492698669,828,1,0.0004152823920265781,0.0577617883682251,0.05042999982833862,0.0577617883682251
test/bad/2D/2026_03_11-09_24_30-217.png__roi_000,,,test/bad/2D/2026_03_11-09_24_30-217.png,test/bad/2D/2026_03_11-09_24_30-217.png,0,normalmap,custom_eval,C:\anomalydino_data_single_object_normalmap\normalmap\test\bad\2D\2026_03_11-09_24_30-217.png,C:\ai\AnomalyDINO\results_CUSTOM\dinov3_vitb16_688\8-shot_preprocess=force_no_mask_no_rotation_bestsearch8_fast20greedy_maxanomap_res688_evaltrain_20260413\hq_sam_outputs_batch\roi_crops_peak_hysteresis_h0.5_l0.2_merge3bridge0.1_seed=0_sam_hq_vit_tiny\combined_overlay_gallery_flat\2D\2026_03_11-09_24_30-217.png,C:\ai\AnomalyDINO\results_CUSTOM\dinov3_vitb16_688\8-shot_preprocess=force_no_mask_no_rotation_bestsearch8_fast20greedy_maxanomap_res688_evaltrain_20260413\hq_sam_outputs_batch\roi_crops_peak_hysteresis_h0.5_l0.2_merge3bridge0.1_seed=0_sam_hq_vit_tiny\test\bad\2D\2026_03_11-09_24_30-217\combined_overlay.png,,1355,745,1423,847,0.6192839741706848,3266,6,0.0024916943521594683,0.06485649943351746,0.12073564529418945,0.06485649943351746
test/bad/2D/2026_03_11-09_24_51-728.png__roi_000,,,test/bad/2D/2026_03_11-09_24_51-728.png,test/bad/2D/2026_03_11-09_24_51-728.png,0,normalmap,custom_eval,C:\anomalydino_data_single_object_normalmap\normalmap\test\bad\2D\2026_03_11-09_24_51-728.png,C:\ai\AnomalyDINO\results_CUSTOM\dinov3_vitb16_688\8-shot_preprocess=force_no_mask_no_rotation_bestsearch8_fast20greedy_maxanomap_res688_evaltrain_20260413\hq_sam_outputs_batch\roi_crops_peak_hysteresis_h0.5_l0.2_merge3bridge0.1_seed=0_sam_hq_vit_tiny\combined_overlay_gallery_flat\2D\2026_03_11-09_24_51-728.png,C:\ai\AnomalyDINO\results_CUSTOM\dinov3_vitb16_688\8-shot_preprocess=force_no_mask_no_rotation_bestsearch8_fast20greedy_maxanomap_res688_evaltrain_20260413\hq_sam_outputs_batch\roi_crops_peak_hysteresis_h0.5_l0.2_merge3bridge0.1_seed=0_sam_hq_vit_tiny\test\bad\2D\2026_03_11-09_24_51-728\combined_overlay.png,,271,779,339,880,0.8290256261825562,2151,6,0.0024916943521594683,0.10615521669387817,0.31966739892959595,0.10615521669387817
test/bad/2D/2026_03_11-09_24_51-728.png__roi_001,,,test/bad/2D/2026_03_11-09_24_51-728.png,test/bad/2D/2026_03_11-09_24_51-728.png,1,normalmap,custom_eval,C:\anomalydino_data_single_object_normalmap\normalmap\test\bad\2D\2026_03_11-09_24_51-728.png,C:\ai\AnomalyDINO\results_CUSTOM\dinov3_vitb16_688\8-shot_preprocess=force_no_mask_no_rotation_bestsearch8_fast20greedy_maxanomap_res688_evaltrain_20260413\hq_sam_outputs_batch\roi_crops_peak_hysteresis_h0.5_l0.2_merge3bridge0.1_seed=0_sam_hq_vit_tiny\combined_overlay_gallery_flat\2D\2026_03_11-09_24_51-728.png,C:\ai\AnomalyDINO\results_CUSTOM\dinov3_vitb16_688\8-shot_preprocess=force_no_mask_no_rotation_bestsearch8_fast20greedy_maxanomap_res688_evaltrain_20260413\hq_sam_outputs_batch\roi_crops_peak_hysteresis_h0.5_l0.2_merge3bridge0.1_seed=0_sam_hq_vit_tiny\test\bad\2D\2026_03_11-09_24_51-728\combined_overlay.png,,1626,508,1660,542,0.8046088218688965,542,2,0.0008305647840531562,0.09031978249549866,0.07503251731395721,0.09031978249549866
test/bad/2D/2026_03_11-09_24_51-728.png__roi_002,,,test/bad/2D/2026_03_11-09_24_51-728.png,test/bad/2D/2026_03_11-09_24_51-728.png,2,normalmap,custom_eval,C:\anomalydino_data_single_object_normalmap\normalmap\test\bad\2D\2026_03_11-09_24_51-728.png,C:\ai\AnomalyDINO\results_CUSTOM\dinov3_vitb16_688\8-shot_preprocess=force_no_mask_no_rotation_bestsearch8_fast20greedy_maxanomap_res688_evaltrain_20260413\hq_sam_outputs_batch\roi_crops_peak_hysteresis_h0.5_l0.2_merge3bridge0.1_seed=0_sam_hq_vit_tiny\combined_overlay_gallery_flat\2D\2026_03_11-09_24_51-728.png,C:\ai\AnomalyDINO\results_CUSTOM\dinov3_vitb16_688\8-shot_preprocess=force_no_mask_no_rotation_bestsearch8_fast20greedy_maxanomap_res688_evaltrain_20260413\hq_sam_outputs_batch\roi_crops_peak_hysteresis_h0.5_l0.2_merge3bridge0.1_seed=0_sam_hq_vit_tiny\test\bad\2D\2026_03_11-09_24_51-728\combined_overlay.png,,1524,508,1558,542,0.7351256608963013,482,1,0.0004152823920265781,0.08963048458099365,0.07423275709152222,0.08963048458099365
test/bad/2D/2026_03_11-09_24_51-728.png__roi_003,,,test/bad/2D/2026_03_11-09_24_51-728.png,test/bad/2D/2026_03_11-09_24_51-728.png,3,normalmap,custom_eval,C:\anomalydino_data_single_object_normalmap\normalmap\test\bad\2D\2026_03_11-09_24_51-728.png,C:\ai\AnomalyDINO\results_CUSTOM\dinov3_vitb16_688\8-shot_preprocess=force_no_mask_no_rotation_bestsearch8_fast20greedy_maxanomap_res688_evaltrain_20260413\hq_sam_outputs_batch\roi_crops_peak_hysteresis_h0.5_l0.2_merge3bridge0.1_seed=0_sam_hq_vit_tiny\combined_overlay_gallery_flat\2D\2026_03_11-09_24_51-728.png,C:\ai\AnomalyDINO\results_CUSTOM\dinov3_vitb16_688\8-shot_preprocess=force_no_mask_no_rotation_bestsearch8_fast20greedy_maxanomap_res688_evaltrain_20260413\hq_sam_outputs_batch\roi_crops_peak_hysteresis_h0.5_l0.2_merge3bridge0.1_seed=0_sam_hq_vit_tiny\test\bad\2D\2026_03_11-09_24_51-728\combined_overlay.png,,373,372,406,406,0.7606086730957031,344,1,0.0004152823920265781,0.07001370191574097,0.05506432056427002,0.07001370191574097
test/bad/2D/2026_03_11-09_24_58-685.png__roi_000,,,test/bad/2D/2026_03_11-09_24_58-685.png,test/bad/2D/2026_03_11-09_24_58-685.png,0,normalmap,custom_eval,C:\anomalydino_data_single_object_normalmap\normalmap\test\bad\2D\2026_03_11-09_24_58-685.png,C:\ai\AnomalyDINO\results_CUSTOM\dinov3_vitb16_688\8-shot_preprocess=force_no_mask_no_rotation_bestsearch8_fast20greedy_maxanomap_res688_evaltrain_20260413\hq_sam_outputs_batch\roi_crops_peak_hysteresis_h0.5_l0.2_merge3bridge0.1_seed=0_sam_hq_vit_tiny\combined_overlay_gallery_flat\2D\2026_03_11-09_24_58-685.png,C:\ai\AnomalyDINO\results_CUSTOM\dinov3_vitb16_688\8-shot_preprocess=force_no_mask_no_rotation_bestsearch8_fast20greedy_maxanomap_res688_evaltrain_20260413\hq_sam_outputs_batch\roi_crops_peak_hysteresis_h0.5_l0.2_merge3bridge0.1_seed=0_sam_hq_vit_tiny\test\bad\2D\2026_03_11-09_24_58-685\combined_overlay.png,,813,914,847,982,0.7310245633125305,636,2,0.0008305647840531562,0.08889886736869812,0.11323869228363037,0.08889886736869812
test/bad/2D/2026_03_11-09_24_58-685.png__roi_001,,,test/bad/2D/2026_03_11-09_24_58-685.png,test/bad/2D/2026_03_11-09_24_58-685.png,1,normalmap,custom_eval,C:\anomalydino_data_single_object_normalmap\normalmap\test\bad\2D\2026_03_11-09_24_58-685.png,C:\ai\AnomalyDINO\results_CUSTOM\dinov3_vitb16_688\8-shot_preprocess=force_no_mask_no_rotation_bestsearch8_fast20greedy_maxanomap_res688_evaltrain_20260413\hq_sam_outputs_batch\roi_crops_peak_hysteresis_h0.5_l0.2_merge3bridge0.1_seed=0_sam_hq_vit_tiny\combined_overlay_gallery_flat\2D\2026_03_11-09_24_58-685.png,C:\ai\AnomalyDINO\results_CUSTOM\dinov3_vitb16_688\8-shot_preprocess=force_no_mask_no_rotation_bestsearch8_fast20greedy_maxanomap_res688_evaltrain_20260413\hq_sam_outputs_batch\roi_crops_peak_hysteresis_h0.5_l0.2_merge3bridge0.1_seed=0_sam_hq_vit_tiny\test\bad\2D\2026_03_11-09_24_58-685\combined_overlay.png,,542,609,711,847,0.665608286857605,25397,34,0.014119601328903655,0.07157880067825317,0.4182496964931488,0.07157880067825317
test/bad/2D/2026_03_11-09_24_58-685.png__roi_002,,,test/bad/2D/2026_03_11-09_24_58-685.png,test/bad/2D/2026_03_11-09_24_58-685.png,2,normalmap,custom_eval,C:\anomalydino_data_single_object_normalmap\normalmap\test\bad\2D\2026_03_11-09_24_58-685.png,C:\ai\AnomalyDINO\results_CUSTOM\dinov3_vitb16_688\8-shot_preprocess=force_no_mask_no_rotation_bestsearch8_fast20greedy_maxanomap_res688_evaltrain_20260413\hq_sam_outputs_batch\roi_crops_peak_hysteresis_h0.5_l0.2_merge3bridge0.1_seed=0_sam_hq_vit_tiny\combined_overlay_gallery_flat\2D\2026_03_11-09_24_58-685.png,C:\ai\AnomalyDINO\results_CUSTOM\dinov3_vitb16_688\8-shot_preprocess=force_no_mask_no_rotation_bestsearch8_fast20greedy_maxanomap_res688_evaltrain_20260413\hq_sam_outputs_batch\roi_crops_peak_hysteresis_h0.5_l0.2_merge3bridge0.1_seed=0_sam_hq_vit_tiny\test\bad\2D\2026_03_11-09_24_58-685\combined_overlay.png,,1253,711,1456,1084,0.7444781064987183,43624,58,0.02408637873754153,0.06001982092857361,0.4992898106575012,0.06001982092857361
test/bad/2D/2026_03_11-09_25_06-198.png__roi_000,,,test/bad/2D/2026_03_11-09_25_06-198.png,test/bad/2D/2026_03_11-09_25_06-198.png,0,normalmap,custom_eval,C:\anomalydino_data_single_object_normalmap\normalmap\test\bad\2D\2026_03_11-09_25_06-198.png,C:\ai\AnomalyDINO\results_CUSTOM\dinov3_vitb16_688\8-shot_preprocess=force_no_mask_no_rotation_bestsearch8_fast20greedy_maxanomap_res688_evaltrain_20260413\hq_sam_outputs_batch\roi_crops_peak_hysteresis_h0.5_l0.2_merge3bridge0.1_seed=0_sam_hq_vit_tiny\combined_overlay_gallery_flat\2D\2026_03_11-09_25_06-198.png,C:\ai\AnomalyDINO\results_CUSTOM\dinov3_vitb16_688\8-shot_preprocess=force_no_mask_no_rotation_bestsearch8_fast20greedy_maxanomap_res688_evaltrain_20260413\hq_sam_outputs_batch\roi_crops_peak_hysteresis_h0.5_l0.2_merge3bridge0.1_seed=0_sam_hq_vit_tiny\test\bad\2D\2026_03_11-09_25_06-198\combined_overlay.png,,1456,745,1626,982,0.598345160484314,9087,20,0.008305647840531562,0.09583628177642822,0.30904102325439453,0.09583628177642822
test/bad/2D/2026_03_11-09_25_06-198.png__roi_001,,,test/bad/2D/2026_03_11-09_25_06-198.png,test/bad/2D/2026_03_11-09_25_06-198.png,1,normalmap,custom_eval,C:\anomalydino_data_single_object_normalmap\normalmap\test\bad\2D\2026_03_11-09_25_06-198.png,C:\ai\AnomalyDINO\results_CUSTOM\dinov3_vitb16_688\8-shot_preprocess=force_no_mask_no_rotation_bestsearch8_fast20greedy_maxanomap_res688_evaltrain_20260413\hq_sam_outputs_batch\roi_crops_peak_hysteresis_h0.5_l0.2_merge3bridge0.1_seed=0_sam_hq_vit_tiny\combined_overlay_gallery_flat\2D\2026_03_11-09_25_06-198.png,C:\ai\AnomalyDINO\results_CUSTOM\dinov3_vitb16_688\8-shot_preprocess=force_no_mask_no_rotation_bestsearch8_fast20greedy_maxanomap_res688_evaltrain_20260413\hq_sam_outputs_batch\roi_crops_peak_hysteresis_h0.5_l0.2_merge3bridge0.1_seed=0_sam_hq_vit_tiny\test\bad\2D\2026_03_11-09_25_06-198\combined_overlay.png,,406,1016,440,1050,0.6321539282798767,514,1,0.0004152823920265781,0.0945778489112854,0.08354496955871582,0.0945778489112854
test/bad/2D/2026_03_11-09_25_06-198.png__roi_002,,,test/bad/2D/2026_03_11-09_25_06-198.png,test/bad/2D/2026_03_11-09_25_06-198.png,2,normalmap,custom_eval,C:\anomalydino_data_single_object_normalmap\normalmap\test\bad\2D\2026_03_11-09_25_06-198.png,C:\ai\AnomalyDINO\results_CUSTOM\dinov3_vitb16_688\8-shot_preprocess=force_no_mask_no_rotation_bestsearch8_fast20greedy_maxanomap_res688_evaltrain_20260413\hq_sam_outputs_batch\roi_crops_peak_hysteresis_h0.5_l0.2_merge3bridge0.1_seed=0_sam_hq_vit_tiny\combined_overlay_gallery_flat\2D\2026_03_11-09_25_06-198.png,C:\ai\AnomalyDINO\results_CUSTOM\dinov3_vitb16_688\8-shot_preprocess=force_no_mask_no_rotation_bestsearch8_fast20greedy_maxanomap_res688_evaltrain_20260413\hq_sam_outputs_batch\roi_crops_peak_hysteresis_h0.5_l0.2_merge3bridge0.1_seed=0_sam_hq_vit_tiny\test\bad\2D\2026_03_11-09_25_06-198\combined_overlay.png,,1050,237,1118,271,0.7840003967285156,1227,3,0.0012458471760797341,0.08588263392448425,0.1444096863269806,0.08588263392448425
test/bad/2D/2026_03_11-09_25_12-544.png__roi_000,,,test/bad/2D/2026_03_11-09_25_12-544.png,test/bad/2D/2026_03_11-09_25_12-544.png,0,normalmap,custom_eval,C:\anomalydino_data_single_object_normalmap\normalmap\test\bad\2D\2026_03_11-09_25_12-544.png,C:\ai\AnomalyDINO\results_CUSTOM\dinov3_vitb16_688\8-shot_preprocess=force_no_mask_no_rotation_bestsearch8_fast20greedy_maxanomap_res688_evaltrain_20260413\hq_sam_outputs_batch\roi_crops_peak_hysteresis_h0.5_l0.2_merge3bridge0.1_seed=0_sam_hq_vit_tiny\combined_overlay_gallery_flat\2D\2026_03_11-09_25_12-544.png,C:\ai\AnomalyDINO\results_CUSTOM\dinov3_vitb16_688\8-shot_preprocess=force_no_mask_no_rotation_bestsearch8_fast20greedy_maxanomap_res688_evaltrain_20260413\hq_sam_outputs_batch\roi_crops_peak_hysteresis_h0.5_l0.2_merge3bridge0.1_seed=0_sam_hq_vit_tiny\test\bad\2D\2026_03_11-09_25_12-544\combined_overlay.png,,339,305,373,339,0.745372474193573,919,2,0.0008305647840531562,0.07642847299575806,0.0655047744512558,0.07642847299575806
test/bad/2D/2026_03_11-09_25_19-086.png__roi_000,,,test/bad/2D/2026_03_11-09_25_19-086.png,test/bad/2D/2026_03_11-09_25_19-086.png,0,normalmap,custom_eval,C:\anomalydino_data_single_object_normalmap\normalmap\test\bad\2D\2026_03_11-09_25_19-086.png,C:\ai\AnomalyDINO\results_CUSTOM\dinov3_vitb16_688\8-shot_preprocess=force_no_mask_no_rotation_bestsearch8_fast20greedy_maxanomap_res688_evaltrain_20260413\hq_sam_outputs_batch\roi_crops_peak_hysteresis_h0.5_l0.2_merge3bridge0.1_seed=0_sam_hq_vit_tiny\combined_overlay_gallery_flat\2D\2026_03_11-09_25_19-086.png,C:\ai\AnomalyDINO\results_CUSTOM\dinov3_vitb16_688\8-shot_preprocess=force_no_mask_no_rotation_bestsearch8_fast20greedy_maxanomap_res688_evaltrain_20260413\hq_sam_outputs_batch\roi_crops_peak_hysteresis_h0.5_l0.2_merge3bridge0.1_seed=0_sam_hq_vit_tiny\test\bad\2D\2026_03_11-09_25_19-086\combined_overlay.png,,1524,745,1626,847,0.6197187304496765,4184,9,0.003737541528239203,0.06295931339263916,0.21045786142349243,0.06295931339263916
test/bad/2D/2026_03_11-09_25_25-722.png__roi_000,,,test/bad/2D/2026_03_11-09_25_25-722.png,test/bad/2D/2026_03_11-09_25_25-722.png,0,normalmap,custom_eval,C:\anomalydino_data_single_object_normalmap\normalmap\test\bad\2D\2026_03_11-09_25_25-722.png,C:\ai\AnomalyDINO\results_CUSTOM\dinov3_vitb16_688\8-shot_preprocess=force_no_mask_no_rotation_bestsearch8_fast20greedy_maxanomap_res688_evaltrain_20260413\hq_sam_outputs_batch\roi_crops_peak_hysteresis_h0.5_l0.2_merge3bridge0.1_seed=0_sam_hq_vit_tiny\combined_overlay_gallery_flat\2D\2026_03_11-09_25_25-722.png,C:\ai\AnomalyDINO\results_CUSTOM\dinov3_vitb16_688\8-shot_preprocess=force_no_mask_no_rotation_bestsearch8_fast20greedy_maxanomap_res688_evaltrain_20260413\hq_sam_outputs_batch\roi_crops_peak_hysteresis_h0.5_l0.2_merge3bridge0.1_seed=0_sam_hq_vit_tiny\test\bad\2D\2026_03_11-09_25_25-722\combined_overlay.png,,305,203,406,305,0.6017996072769165,9444,15,0.006229235880398671,0.07994461059570312,0.22192087769508362,0.07994461059570312
test/bad/2D/2026_03_11-09_25_39-415.png__roi_000,,,test/bad/2D/2026_03_11-09_25_39-415.png,test/bad/2D/2026_03_11-09_25_39-415.png,0,normalmap,custom_eval,C:\anomalydino_data_single_object_normalmap\normalmap\test\bad\2D\2026_03_11-09_25_39-415.png,C:\ai\AnomalyDINO\results_CUSTOM\dinov3_vitb16_688\8-shot_preprocess=force_no_mask_no_rotation_bestsearch8_fast20greedy_maxanomap_res688_evaltrain_20260413\hq_sam_outputs_batch\roi_crops_peak_hysteresis_h0.5_l0.2_merge3bridge0.1_seed=0_sam_hq_vit_tiny\combined_overlay_gallery_flat\2D\2026_03_11-09_25_39-415.png,C:\ai\AnomalyDINO\results_CUSTOM\dinov3_vitb16_688\8-shot_preprocess=force_no_mask_no_rotation_bestsearch8_fast20greedy_maxanomap_res688_evaltrain_20260413\hq_sam_outputs_batch\roi_crops_peak_hysteresis_h0.5_l0.2_merge3bridge0.1_seed=0_sam_hq_vit_tiny\test\bad\2D\2026_03_11-09_25_39-415\combined_overlay.png,,102,34,779,1151,0.832719087600708,685367,647,0.26868770764119604,0.13680416345596313,6.646969258785248,0.13680416345596313
test/bad/2D/2026_03_11-09_25_39-415.png__roi_001,,,test/bad/2D/2026_03_11-09_25_39-415.png,test/bad/2D/2026_03_11-09_25_39-415.png,1,normalmap,custom_eval,C:\anomalydino_data_single_object_normalmap\normalmap\test\bad\2D\2026_03_11-09_25_39-415.png,C:\ai\AnomalyDINO\results_CUSTOM\dinov3_vitb16_688\8-shot_preprocess=force_no_mask_no_rotation_bestsearch8_fast20greedy_maxanomap_res688_evaltrain_20260413\hq_sam_outputs_batch\roi_crops_peak_hysteresis_h0.5_l0.2_merge3bridge0.1_seed=0_sam_hq_vit_tiny\combined_overlay_gallery_flat\2D\2026_03_11-09_25_39-415.png,C:\ai\AnomalyDINO\results_CUSTOM\dinov3_vitb16_688\8-shot_preprocess=force_no_mask_no_rotation_bestsearch8_fast20greedy_maxanomap_res688_evaltrain_20260413\hq_sam_outputs_batch\roi_crops_peak_hysteresis_h0.5_l0.2_merge3bridge0.1_seed=0_sam_hq_vit_tiny\test\bad\2D\2026_03_11-09_25_39-415\combined_overlay.png,,1152,68,1660,711,0.7341697216033936,236247,251,0.1042358803986711,0.09606242179870605,1.4183328747749329,0.09606242179870605
test/bad/2D/2026_03_11-09_25_39-415.png__roi_002,,,test/bad/2D/2026_03_11-09_25_39-415.png,test/bad/2D/2026_03_11-09_25_39-415.png,2,normalmap,custom_eval,C:\anomalydino_data_single_object_normalmap\normalmap\test\bad\2D\2026_03_11-09_25_39-415.png,C:\ai\AnomalyDINO\results_CUSTOM\dinov3_vitb16_688\8-shot_preprocess=force_no_mask_no_rotation_bestsearch8_fast20greedy_maxanomap_res688_evaltrain_20260413\hq_sam_outputs_batch\roi_crops_peak_hysteresis_h0.5_l0.2_merge3bridge0.1_seed=0_sam_hq_vit_tiny\combined_overlay_gallery_flat\2D\2026_03_11-09_25_39-415.png,C:\ai\AnomalyDINO\results_CUSTOM\dinov3_vitb16_688\8-shot_preprocess=force_no_mask_no_rotation_bestsearch8_fast20greedy_maxanomap_res688_evaltrain_20260413\hq_sam_outputs_batch\roi_crops_peak_hysteresis_h0.5_l0.2_merge3bridge0.1_seed=0_sam_hq_vit_tiny\test\bad\2D\2026_03_11-09_25_39-415\combined_overlay.png,,1355,711,1524,914,0.4329730272293091,3617,11,0.004568106312292359,0.07102605700492859,0.27382293343544006,0.07102605700492859
test/bad/2D/2026_03_11-09_25_39-415.png__roi_003,,,test/bad/2D/2026_03_11-09_25_39-415.png,test/bad/2D/2026_03_11-09_25_39-415.png,3,normalmap,custom_eval,C:\anomalydino_data_single_object_normalmap\normalmap\test\bad\2D\2026_03_11-09_25_39-415.png,C:\ai\AnomalyDINO\results_CUSTOM\dinov3_vitb16_688\8-shot_preprocess=force_no_mask_no_rotation_bestsearch8_fast20greedy_maxanomap_res688_evaltrain_20260413\hq_sam_outputs_batch\roi_crops_peak_hysteresis_h0.5_l0.2_merge3bridge0.1_seed=0_sam_hq_vit_tiny\combined_overlay_gallery_flat\2D\2026_03_11-09_25_39-415.png,C:\ai\AnomalyDINO\results_CUSTOM\dinov3_vitb16_688\8-shot_preprocess=force_no_mask_no_rotation_bestsearch8_fast20greedy_maxanomap_res688_evaltrain_20260413\hq_sam_outputs_batch\roi_crops_peak_hysteresis_h0.5_l0.2_merge3bridge0.1_seed=0_sam_hq_vit_tiny\test\bad\2D\2026_03_11-09_25_39-415\combined_overlay.png,,1660,169,1727,406,0.5543420910835266,6751,12,0.0049833887043189366,0.06962478160858154,0.11347541213035583,0.06962478160858154
test/bad/2D/2026_03_11-09_25_39-415.png__roi_004,,,test/bad/2D/2026_03_11-09_25_39-415.png,test/bad/2D/2026_03_11-09_25_39-415.png,4,normalmap,custom_eval,C:\anomalydino_data_single_object_normalmap\normalmap\test\bad\2D\2026_03_11-09_25_39-415.png,C:\ai\AnomalyDINO\results_CUSTOM\dinov3_vitb16_688\8-shot_preprocess=force_no_mask_no_rotation_bestsearch8_fast20greedy_maxanomap_res688_evaltrain_20260413\hq_sam_outputs_batch\roi_crops_peak_hysteresis_h0.5_l0.2_merge3bridge0.1_seed=0_sam_hq_vit_tiny\combined_overlay_gallery_flat\2D\2026_03_11-09_25_39-415.png,C:\ai\AnomalyDINO\results_CUSTOM\dinov3_vitb16_688\8-shot_preprocess=force_no_mask_no_rotation_bestsearch8_fast20greedy_maxanomap_res688_evaltrain_20260413\hq_sam_outputs_batch\roi_crops_peak_hysteresis_h0.5_l0.2_merge3bridge0.1_seed=0_sam_hq_vit_tiny\test\bad\2D\2026_03_11-09_25_39-415\combined_overlay.png,,779,1016,847,1084,0.6849539279937744,2683,7,0.0029069767441860465,0.06512206792831421,0.0688302218914032,0.06512206792831421
test/bad/2D/2026_03_11-09_25_47-041.png__roi_000,,,test/bad/2D/2026_03_11-09_25_47-041.png,test/bad/2D/2026_03_11-09_25_47-041.png,0,normalmap,custom_eval,C:\anomalydino_data_single_object_normalmap\normalmap\test\bad\2D\2026_03_11-09_25_47-041.png,C:\ai\AnomalyDINO\results_CUSTOM\dinov3_vitb16_688\8-shot_preprocess=force_no_mask_no_rotation_bestsearch8_fast20greedy_maxanomap_res688_evaltrain_20260413\hq_sam_outputs_batch\roi_crops_peak_hysteresis_h0.5_l0.2_merge3bridge0.1_seed=0_sam_hq_vit_tiny\combined_overlay_gallery_flat\2D\2026_03_11-09_25_47-041.png,C:\ai\AnomalyDINO\results_CUSTOM\dinov3_vitb16_688\8-shot_preprocess=force_no_mask_no_rotation_bestsearch8_fast20greedy_maxanomap_res688_evaltrain_20260413\hq_sam_outputs_batch\roi_crops_peak_hysteresis_h0.5_l0.2_merge3bridge0.1_seed=0_sam_hq_vit_tiny\test\bad\2D\2026_03_11-09_25_47-041\combined_overlay.png,,1287,779,1423,914,0.6109257936477661,8316,13,0.005398671096345515,0.07123133540153503,0.1122896820306778,0.07123133540153503
test/bad/2D/2026_03_11-09_25_54-574.png__roi_000,,,test/bad/2D/2026_03_11-09_25_54-574.png,test/bad/2D/2026_03_11-09_25_54-574.png,0,normalmap,custom_eval,C:\anomalydino_data_single_object_normalmap\normalmap\test\bad\2D\2026_03_11-09_25_54-574.png,C:\ai\AnomalyDINO\results_CUSTOM\dinov3_vitb16_688\8-shot_preprocess=force_no_mask_no_rotation_bestsearch8_fast20greedy_maxanomap_res688_evaltrain_20260413\hq_sam_outputs_batch\roi_crops_peak_hysteresis_h0.5_l0.2_merge3bridge0.1_seed=0_sam_hq_vit_tiny\combined_overlay_gallery_flat\2D\2026_03_11-09_25_54-574.png,C:\ai\AnomalyDINO\results_CUSTOM\dinov3_vitb16_688\8-shot_preprocess=force_no_mask_no_rotation_bestsearch8_fast20greedy_maxanomap_res688_evaltrain_20260413\hq_sam_outputs_batch\roi_crops_peak_hysteresis_h0.5_l0.2_merge3bridge0.1_seed=0_sam_hq_vit_tiny\test\bad\2D\2026_03_11-09_25_54-574\combined_overlay.png,,711,609,779,677,0.7906857132911682,1955,6,0.0024916943521594683,0.1309417486190796,0.2661214768886566,0.1309417486190796
test/bad/2D/2026_03_11-09_25_54-574.png__roi_001,,,test/bad/2D/2026_03_11-09_25_54-574.png,test/bad/2D/2026_03_11-09_25_54-574.png,1,normalmap,custom_eval,C:\anomalydino_data_single_object_normalmap\normalmap\test\bad\2D\2026_03_11-09_25_54-574.png,C:\ai\AnomalyDINO\results_CUSTOM\dinov3_vitb16_688\8-shot_preprocess=force_no_mask_no_rotation_bestsearch8_fast20greedy_maxanomap_res688_evaltrain_20260413\hq_sam_outputs_batch\roi_crops_peak_hysteresis_h0.5_l0.2_merge3bridge0.1_seed=0_sam_hq_vit_tiny\combined_overlay_gallery_flat\2D\2026_03_11-09_25_54-574.png,C:\ai\AnomalyDINO\results_CUSTOM\dinov3_vitb16_688\8-shot_preprocess=force_no_mask_no_rotation_bestsearch8_fast20greedy_maxanomap_res688_evaltrain_20260413\hq_sam_outputs_batch\roi_crops_peak_hysteresis_h0.5_l0.2_merge3bridge0.1_seed=0_sam_hq_vit_tiny\test\bad\2D\2026_03_11-09_25_54-574\combined_overlay.png,,644,169,745,237,0.7113643884658813,4166,6,0.0024916943521594683,0.08832505345344543,0.19025368988513947,0.08832505345344543
test/bad/2D/2026_03_11-09_25_54-574.png__roi_002,,,test/bad/2D/2026_03_11-09_25_54-574.png,test/bad/2D/2026_03_11-09_25_54-574.png,2,normalmap,custom_eval,C:\anomalydino_data_single_object_normalmap\normalmap\test\bad\2D\2026_03_11-09_25_54-574.png,C:\ai\AnomalyDINO\results_CUSTOM\dinov3_vitb16_688\8-shot_preprocess=force_no_mask_no_rotation_bestsearch8_fast20greedy_maxanomap_res688_evaltrain_20260413\hq_sam_outputs_batch\roi_crops_peak_hysteresis_h0.5_l0.2_merge3bridge0.1_seed=0_sam_hq_vit_tiny\combined_overlay_gallery_flat\2D\2026_03_11-09_25_54-574.png,C:\ai\AnomalyDINO\results_CUSTOM\dinov3_vitb16_688\8-shot_preprocess=force_no_mask_no_rotation_bestsearch8_fast20greedy_maxanomap_res688_evaltrain_20260413\hq_sam_outputs_batch\roi_crops_peak_hysteresis_h0.5_l0.2_merge3bridge0.1_seed=0_sam_hq_vit_tiny\test\bad\2D\2026_03_11-09_25_54-574\combined_overlay.png,,881,609,915,643,0.7399866580963135,602,1,0.0004152823920265781,0.08261352777481079,0.06886810064315796,0.08261352777481079
test/bad/2D/2026_03_11-09_25_54-574.png__roi_003,,,test/bad/2D/2026_03_11-09_25_54-574.png,test/bad/2D/2026_03_11-09_25_54-574.png,3,normalmap,custom_eval,C:\anomalydino_data_single_object_normalmap\normalmap\test\bad\2D\2026_03_11-09_25_54-574.png,C:\ai\AnomalyDINO\results_CUSTOM\dinov3_vitb16_688\8-shot_preprocess=force_no_mask_no_rotation_bestsearch8_fast20greedy_maxanomap_res688_evaltrain_20260413\hq_sam_outputs_batch\roi_crops_peak_hysteresis_h0.5_l0.2_merge3bridge0.1_seed=0_sam_hq_vit_tiny\combined_overlay_gallery_flat\2D\2026_03_11-09_25_54-574.png,C:\ai\AnomalyDINO\results_CUSTOM\dinov3_vitb16_688\8-shot_preprocess=force_no_mask_no_rotation_bestsearch8_fast20greedy_maxanomap_res688_evaltrain_20260413\hq_sam_outputs_batch\roi_crops_peak_hysteresis_h0.5_l0.2_merge3bridge0.1_seed=0_sam_hq_vit_tiny\test\bad\2D\2026_03_11-09_25_54-574\combined_overlay.png,,677,1016,711,1050,0.6860321164131165,509,2,0.0008305647840531562,0.06374436616897583,0.053260043263435364,0.06374436616897583
test/bad/2D/2026_03_11-09_26_01-780.png__roi_000,,,test/bad/2D/2026_03_11-09_26_01-780.png,test/bad/2D/2026_03_11-09_26_01-780.png,0,normalmap,custom_eval,C:\anomalydino_data_single_object_normalmap\normalmap\test\bad\2D\2026_03_11-09_26_01-780.png,C:\ai\AnomalyDINO\results_CUSTOM\dinov3_vitb16_688\8-shot_preprocess=force_no_mask_no_rotation_bestsearch8_fast20greedy_maxanomap_res688_evaltrain_20260413\hq_sam_outputs_batch\roi_crops_peak_hysteresis_h0.5_l0.2_merge3bridge0.1_seed=0_sam_hq_vit_tiny\combined_overlay_gallery_flat\2D\2026_03_11-09_26_01-780.png,C:\ai\AnomalyDINO\results_CUSTOM\dinov3_vitb16_688\8-shot_preprocess=force_no_mask_no_rotation_bestsearch8_fast20greedy_maxanomap_res688_evaltrain_20260413\hq_sam_outputs_batch\roi_crops_peak_hysteresis_h0.5_l0.2_merge3bridge0.1_seed=0_sam_hq_vit_tiny\test\bad\2D\2026_03_11-09_26_01-780\combined_overlay.png,,1490,576,1592,711,0.45009106397628784,2166,8,0.0033222591362126247,0.11154070496559143,0.3851813077926636,0.11154070496559143
test/bad/2D/2026_03_11-09_26_01-780.png__roi_001,,,test/bad/2D/2026_03_11-09_26_01-780.png,test/bad/2D/2026_03_11-09_26_01-780.png,1,normalmap,custom_eval,C:\anomalydino_data_single_object_normalmap\normalmap\test\bad\2D\2026_03_11-09_26_01-780.png,C:\ai\AnomalyDINO\results_CUSTOM\dinov3_vitb16_688\8-shot_preprocess=force_no_mask_no_rotation_bestsearch8_fast20greedy_maxanomap_res688_evaltrain_20260413\hq_sam_outputs_batch\roi_crops_peak_hysteresis_h0.5_l0.2_merge3bridge0.1_seed=0_sam_hq_vit_tiny\combined_overlay_gallery_flat\2D\2026_03_11-09_26_01-780.png,C:\ai\AnomalyDINO\results_CUSTOM\dinov3_vitb16_688\8-shot_preprocess=force_no_mask_no_rotation_bestsearch8_fast20greedy_maxanomap_res688_evaltrain_20260413\hq_sam_outputs_batch\roi_crops_peak_hysteresis_h0.5_l0.2_merge3bridge0.1_seed=0_sam_hq_vit_tiny\test\bad\2D\2026_03_11-09_26_01-780\combined_overlay.png,,1592,677,1694,779,0.6451162099838257,7429,12,0.0049833887043189366,0.07661154866218567,0.17654895782470703,0.07661154866218567
test/bad/2D/2026_03_11-09_26_08-204.png__roi_000,,,test/bad/2D/2026_03_11-09_26_08-204.png,test/bad/2D/2026_03_11-09_26_08-204.png,0,normalmap,custom_eval,C:\anomalydino_data_single_object_normalmap\normalmap\test\bad\2D\2026_03_11-09_26_08-204.png,C:\ai\AnomalyDINO\results_CUSTOM\dinov3_vitb16_688\8-shot_preprocess=force_no_mask_no_rotation_bestsearch8_fast20greedy_maxanomap_res688_evaltrain_20260413\hq_sam_outputs_batch\roi_crops_peak_hysteresis_h0.5_l0.2_merge3bridge0.1_seed=0_sam_hq_vit_tiny\combined_overlay_gallery_flat\2D\2026_03_11-09_26_08-204.png,C:\ai\AnomalyDINO\results_CUSTOM\dinov3_vitb16_688\8-shot_preprocess=force_no_mask_no_rotation_bestsearch8_fast20greedy_maxanomap_res688_evaltrain_20260413\hq_sam_outputs_batch\roi_crops_peak_hysteresis_h0.5_l0.2_merge3bridge0.1_seed=0_sam_hq_vit_tiny\test\bad\2D\2026_03_11-09_26_08-204\combined_overlay.png,,948,576,1016,677,0.7496444582939148,1554,4,0.0016611295681063123,0.1016809344291687,0.2238944172859192,0.1016809344291687
test/bad/2D/2026_03_11-09_26_08-204.png__roi_001,,,test/bad/2D/2026_03_11-09_26_08-204.png,test/bad/2D/2026_03_11-09_26_08-204.png,1,normalmap,custom_eval,C:\anomalydino_data_single_object_normalmap\normalmap\test\bad\2D\2026_03_11-09_26_08-204.png,C:\ai\AnomalyDINO\results_CUSTOM\dinov3_vitb16_688\8-shot_preprocess=force_no_mask_no_rotation_bestsearch8_fast20greedy_maxanomap_res688_evaltrain_20260413\hq_sam_outputs_batch\roi_crops_peak_hysteresis_h0.5_l0.2_merge3bridge0.1_seed=0_sam_hq_vit_tiny\combined_overlay_gallery_flat\2D\2026_03_11-09_26_08-204.png,C:\ai\AnomalyDINO\results_CUSTOM\dinov3_vitb16_688\8-shot_preprocess=force_no_mask_no_rotation_bestsearch8_fast20greedy_maxanomap_res688_evaltrain_20260413\hq_sam_outputs_batch\roi_crops_peak_hysteresis_h0.5_l0.2_merge3bridge0.1_seed=0_sam_hq_vit_tiny\test\bad\2D\2026_03_11-09_26_08-204\combined_overlay.png,,1423,1117,1626,1354,0.8934693336486816,6025,15,0.006229235880398671,0.09062397480010986,0.5766266286373138,0.09062397480010986
test/bad/2D/2026_03_11-09_26_08-204.png__roi_002,,,test/bad/2D/2026_03_11-09_26_08-204.png,test/bad/2D/2026_03_11-09_26_08-204.png,2,normalmap,custom_eval,C:\anomalydino_data_single_object_normalmap\normalmap\test\bad\2D\2026_03_11-09_26_08-204.png,C:\ai\AnomalyDINO\results_CUSTOM\dinov3_vitb16_688\8-shot_preprocess=force_no_mask_no_rotation_bestsearch8_fast20greedy_maxanomap_res688_evaltrain_20260413\hq_sam_outputs_batch\roi_crops_peak_hysteresis_h0.5_l0.2_merge3bridge0.1_seed=0_sam_hq_vit_tiny\combined_overlay_gallery_flat\2D\2026_03_11-09_26_08-204.png,C:\ai\AnomalyDINO\results_CUSTOM\dinov3_vitb16_688\8-shot_preprocess=force_no_mask_no_rotation_bestsearch8_fast20greedy_maxanomap_res688_evaltrain_20260413\hq_sam_outputs_batch\roi_crops_peak_hysteresis_h0.5_l0.2_merge3bridge0.1_seed=0_sam_hq_vit_tiny\test\bad\2D\2026_03_11-09_26_08-204\combined_overlay.png,,610,305,711,406,0.6657935380935669,6826,9,0.003737541528239203,0.08183926343917847,0.29132166504859924,0.08183926343917847
test/bad/2D/2026_03_11-09_26_08-204.png__roi_003,,,test/bad/2D/2026_03_11-09_26_08-204.png,test/bad/2D/2026_03_11-09_26_08-204.png,3,normalmap,custom_eval,C:\anomalydino_data_single_object_normalmap\normalmap\test\bad\2D\2026_03_11-09_26_08-204.png,C:\ai\AnomalyDINO\results_CUSTOM\dinov3_vitb16_688\8-shot_preprocess=force_no_mask_no_rotation_bestsearch8_fast20greedy_maxanomap_res688_evaltrain_20260413\hq_sam_outputs_batch\roi_crops_peak_hysteresis_h0.5_l0.2_merge3bridge0.1_seed=0_sam_hq_vit_tiny\combined_overlay_gallery_flat\2D\2026_03_11-09_26_08-204.png,C:\ai\AnomalyDINO\results_CUSTOM\dinov3_vitb16_688\8-shot_preprocess=force_no_mask_no_rotation_bestsearch8_fast20greedy_maxanomap_res688_evaltrain_20260413\hq_sam_outputs_batch\roi_crops_peak_hysteresis_h0.5_l0.2_merge3bridge0.1_seed=0_sam_hq_vit_tiny\test\bad\2D\2026_03_11-09_26_08-204\combined_overlay.png,,1186,68,1626,440,0.736305296421051,151642,159,0.06602990033222592,0.08065104484558105,1.293589323759079,0.08065104484558105
test/bad/2D/2026_03_11-09_26_08-204.png__roi_004,,,test/bad/2D/2026_03_11-09_26_08-204.png,test/bad/2D/2026_03_11-09_26_08-204.png,4,normalmap,custom_eval,C:\anomalydino_data_single_object_normalmap\normalmap\test\bad\2D\2026_03_11-09_26_08-204.png,C:\ai\AnomalyDINO\results_CUSTOM\dinov3_vitb16_688\8-shot_preprocess=force_no_mask_no_rotation_bestsearch8_fast20greedy_maxanomap_res688_evaltrain_20260413\hq_sam_outputs_batch\roi_crops_peak_hysteresis_h0.5_l0.2_merge3bridge0.1_seed=0_sam_hq_vit_tiny\combined_overlay_gallery_flat\2D\2026_03_11-09_26_08-204.png,C:\ai\AnomalyDINO\results_CUSTOM\dinov3_vitb16_688\8-shot_preprocess=force_no_mask_no_rotation_bestsearch8_fast20greedy_maxanomap_res688_evaltrain_20260413\hq_sam_outputs_batch\roi_crops_peak_hysteresis_h0.5_l0.2_merge3bridge0.1_seed=0_sam_hq_vit_tiny\test\bad\2D\2026_03_11-09_26_08-204\combined_overlay.png,,1456,948,1490,982,0.6509585380554199,503,2,0.0008305647840531562,0.07592600584030151,0.05305278301239014,0.07592600584030151
test/bad/2D/2026_03_11-09_26_08-204.png__roi_005,,,test/bad/2D/2026_03_11-09_26_08-204.png,test/bad/2D/2026_03_11-09_26_08-204.png,5,normalmap,custom_eval,C:\anomalydino_data_single_object_normalmap\normalmap\test\bad\2D\2026_03_11-09_26_08-204.png,C:\ai\AnomalyDINO\results_CUSTOM\dinov3_vitb16_688\8-shot_preprocess=force_no_mask_no_rotation_bestsearch8_fast20greedy_maxanomap_res688_evaltrain_20260413\hq_sam_outputs_batch\roi_crops_peak_hysteresis_h0.5_l0.2_merge3bridge0.1_seed=0_sam_hq_vit_tiny\combined_overlay_gallery_flat\2D\2026_03_11-09_26_08-204.png,C:\ai\AnomalyDINO\results_CUSTOM\dinov3_vitb16_688\8-shot_preprocess=force_no_mask_no_rotation_bestsearch8_fast20greedy_maxanomap_res688_evaltrain_20260413\hq_sam_outputs_batch\roi_crops_peak_hysteresis_h0.5_l0.2_merge3bridge0.1_seed=0_sam_hq_vit_tiny\test\bad\2D\2026_03_11-09_26_08-204\combined_overlay.png,,1287,779,1355,880,0.6124556660652161,2824,6,0.0024916943521594683,0.07336932420730591,0.11383911967277527,0.07336932420730591
test/bad/2D/2026_03_11-09_26_08-204.png__roi_006,,,test/bad/2D/2026_03_11-09_26_08-204.png,test/bad/2D/2026_03_11-09_26_08-204.png,6,normalmap,custom_eval,C:\anomalydino_data_single_object_normalmap\normalmap\test\bad\2D\2026_03_11-09_26_08-204.png,C:\ai\AnomalyDINO\results_CUSTOM\dinov3_vitb16_688\8-shot_preprocess=force_no_mask_no_rotation_bestsearch8_fast20greedy_maxanomap_res688_evaltrain_20260413\hq_sam_outputs_batch\roi_crops_peak_hysteresis_h0.5_l0.2_merge3bridge0.1_seed=0_sam_hq_vit_tiny\combined_overlay_gallery_flat\2D\2026_03_11-09_26_08-204.png,C:\ai\AnomalyDINO\results_CUSTOM\dinov3_vitb16_688\8-shot_preprocess=force_no_mask_no_rotation_bestsearch8_fast20greedy_maxanomap_res688_evaltrain_20260413\hq_sam_outputs_batch\roi_crops_peak_hysteresis_h0.5_l0.2_merge3bridge0.1_seed=0_sam_hq_vit_tiny\test\bad\2D\2026_03_11-09_26_08-204\combined_overlay.png,,1050,880,1118,914,0.7479122281074524,1139,2,0.0008305647840531562,0.06345012784004211,0.052963078022003174,0.06345012784004211
test/bad/2D/2026_03_11-09_26_14-520.png__roi_000,,,test/bad/2D/2026_03_11-09_26_14-520.png,test/bad/2D/2026_03_11-09_26_14-520.png,0,normalmap,custom_eval,C:\anomalydino_data_single_object_normalmap\normalmap\test\bad\2D\2026_03_11-09_26_14-520.png,C:\ai\AnomalyDINO\results_CUSTOM\dinov3_vitb16_688\8-shot_preprocess=force_no_mask_no_rotation_bestsearch8_fast20greedy_maxanomap_res688_evaltrain_20260413\hq_sam_outputs_batch\roi_crops_peak_hysteresis_h0.5_l0.2_merge3bridge0.1_seed=0_sam_hq_vit_tiny\combined_overlay_gallery_flat\2D\2026_03_11-09_26_14-520.png,C:\ai\AnomalyDINO\results_CUSTOM\dinov3_vitb16_688\8-shot_preprocess=force_no_mask_no_rotation_bestsearch8_fast20greedy_maxanomap_res688_evaltrain_20260413\hq_sam_outputs_batch\roi_crops_peak_hysteresis_h0.5_l0.2_merge3bridge0.1_seed=0_sam_hq_vit_tiny\test\bad\2D\2026_03_11-09_26_14-520\combined_overlay.png,,135,68,237,169,0.9129302501678467,3078,9,0.003737541528239203,0.11826390027999878,0.3578641414642334,0.11826390027999878
test/bad/2D/2026_03_11-09_26_14-520.png__roi_001,,,test/bad/2D/2026_03_11-09_26_14-520.png,test/bad/2D/2026_03_11-09_26_14-520.png,1,normalmap,custom_eval,C:\anomalydino_data_single_object_normalmap\normalmap\test\bad\2D\2026_03_11-09_26_14-520.png,C:\ai\AnomalyDINO\results_CUSTOM\dinov3_vitb16_688\8-shot_preprocess=force_no_mask_no_rotation_bestsearch8_fast20greedy_maxanomap_res688_evaltrain_20260413\hq_sam_outputs_batch\roi_crops_peak_hysteresis_h0.5_l0.2_merge3bridge0.1_seed=0_sam_hq_vit_tiny\combined_overlay_gallery_flat\2D\2026_03_11-09_26_14-520.png,C:\ai\AnomalyDINO\results_CUSTOM\dinov3_vitb16_688\8-shot_preprocess=force_no_mask_no_rotation_bestsearch8_fast20greedy_maxanomap_res688_evaltrain_20260413\hq_sam_outputs_batch\roi_crops_peak_hysteresis_h0.5_l0.2_merge3bridge0.1_seed=0_sam_hq_vit_tiny\test\bad\2D\2026_03_11-09_26_14-520\combined_overlay.png,,1253,102,1829,643,0.6897087097167969,191613,239,0.09925249169435216,0.10470783710479736,2.384399116039276,0.10470783710479736
test/bad/2D/2026_03_11-09_26_14-520.png__roi_002,,,test/bad/2D/2026_03_11-09_26_14-520.png,test/bad/2D/2026_03_11-09_26_14-520.png,2,normalmap,custom_eval,C:\anomalydino_data_single_object_normalmap\normalmap\test\bad\2D\2026_03_11-09_26_14-520.png,C:\ai\AnomalyDINO\results_CUSTOM\dinov3_vitb16_688\8-shot_preprocess=force_no_mask_no_rotation_bestsearch8_fast20greedy_maxanomap_res688_evaltrain_20260413\hq_sam_outputs_batch\roi_crops_peak_hysteresis_h0.5_l0.2_merge3bridge0.1_seed=0_sam_hq_vit_tiny\combined_overlay_gallery_flat\2D\2026_03_11-09_26_14-520.png,C:\ai\AnomalyDINO\results_CUSTOM\dinov3_vitb16_688\8-shot_preprocess=force_no_mask_no_rotation_bestsearch8_fast20greedy_maxanomap_res688_evaltrain_20260413\hq_sam_outputs_batch\roi_crops_peak_hysteresis_h0.5_l0.2_merge3bridge0.1_seed=0_sam_hq_vit_tiny\test\bad\2D\2026_03_11-09_26_14-520\combined_overlay.png,,1694,677,1761,779,0.871845543384552,3339,8,0.0033222591362126247,0.10034456849098206,0.3042895793914795,0.10034456849098206
test/bad/2D/2026_03_11-09_26_14-520.png__roi_003,,,test/bad/2D/2026_03_11-09_26_14-520.png,test/bad/2D/2026_03_11-09_26_14-520.png,3,normalmap,custom_eval,C:\anomalydino_data_single_object_normalmap\normalmap\test\bad\2D\2026_03_11-09_26_14-520.png,C:\ai\AnomalyDINO\results_CUSTOM\dinov3_vitb16_688\8-shot_preprocess=force_no_mask_no_rotation_bestsearch8_fast20greedy_maxanomap_res688_evaltrain_20260413\hq_sam_outputs_batch\roi_crops_peak_hysteresis_h0.5_l0.2_merge3bridge0.1_seed=0_sam_hq_vit_tiny\combined_overlay_gallery_flat\2D\2026_03_11-09_26_14-520.png,C:\ai\AnomalyDINO\results_CUSTOM\dinov3_vitb16_688\8-shot_preprocess=force_no_mask_no_rotation_bestsearch8_fast20greedy_maxanomap_res688_evaltrain_20260413\hq_sam_outputs_batch\roi_crops_peak_hysteresis_h0.5_l0.2_merge3bridge0.1_seed=0_sam_hq_vit_tiny\test\bad\2D\2026_03_11-09_26_14-520\combined_overlay.png,,1626,982,1694,1219,0.6301270723342896,6599,14,0.005813953488372093,0.09967833757400513,0.477420836687088,0.09967833757400513
test/bad/2D/2026_03_11-09_26_14-520.png__roi_004,,,test/bad/2D/2026_03_11-09_26_14-520.png,test/bad/2D/2026_03_11-09_26_14-520.png,4,normalmap,custom_eval,C:\anomalydino_data_single_object_normalmap\normalmap\test\bad\2D\2026_03_11-09_26_14-520.png,C:\ai\AnomalyDINO\results_CUSTOM\dinov3_vitb16_688\8-shot_preprocess=force_no_mask_no_rotation_bestsearch8_fast20greedy_maxanomap_res688_evaltrain_20260413\hq_sam_outputs_batch\roi_crops_peak_hysteresis_h0.5_l0.2_merge3bridge0.1_seed=0_sam_hq_vit_tiny\combined_overlay_gallery_flat\2D\2026_03_11-09_26_14-520.png,C:\ai\AnomalyDINO\results_CUSTOM\dinov3_vitb16_688\8-shot_preprocess=force_no_mask_no_rotation_bestsearch8_fast20greedy_maxanomap_res688_evaltrain_20260413\hq_sam_outputs_batch\roi_crops_peak_hysteresis_h0.5_l0.2_merge3bridge0.1_seed=0_sam_hq_vit_tiny\test\bad\2D\2026_03_11-09_26_14-520\combined_overlay.png,,610,102,847,406,0.5688896179199219,59142,67,0.02782392026578073,0.09337359666824341,0.8382575809955597,0.09337359666824341
test/bad/2D/2026_03_11-09_26_14-520.png__roi_005,,,test/bad/2D/2026_03_11-09_26_14-520.png,test/bad/2D/2026_03_11-09_26_14-520.png,5,normalmap,custom_eval,C:\anomalydino_data_single_object_normalmap\normalmap\test\bad\2D\2026_03_11-09_26_14-520.png,C:\ai\AnomalyDINO\results_CUSTOM\dinov3_vitb16_688\8-shot_preprocess=force_no_mask_no_rotation_bestsearch8_fast20greedy_maxanomap_res688_evaltrain_20260413\hq_sam_outputs_batch\roi_crops_peak_hysteresis_h0.5_l0.2_merge3bridge0.1_seed=0_sam_hq_vit_tiny\combined_overlay_gallery_flat\2D\2026_03_11-09_26_14-520.png,C:\ai\AnomalyDINO\results_CUSTOM\dinov3_vitb16_688\8-shot_preprocess=force_no_mask_no_rotation_bestsearch8_fast20greedy_maxanomap_res688_evaltrain_20260413\hq_sam_outputs_batch\roi_crops_peak_hysteresis_h0.5_l0.2_merge3bridge0.1_seed=0_sam_hq_vit_tiny\test\bad\2D\2026_03_11-09_26_14-520\combined_overlay.png,,881,711,915,745,0.7300775051116943,670,1,0.0004152823920265781,0.07612001895904541,0.06301760673522949,0.07612001895904541
test/bad/2D/2026_03_11-09_26_14-520.png__roi_006,,,test/bad/2D/2026_03_11-09_26_14-520.png,test/bad/2D/2026_03_11-09_26_14-520.png,6,normalmap,custom_eval,C:\anomalydino_data_single_object_normalmap\normalmap\test\bad\2D\2026_03_11-09_26_14-520.png,C:\ai\AnomalyDINO\results_CUSTOM\dinov3_vitb16_688\8-shot_preprocess=force_no_mask_no_rotation_bestsearch8_fast20greedy_maxanomap_res688_evaltrain_20260413\hq_sam_outputs_batch\roi_crops_peak_hysteresis_h0.5_l0.2_merge3bridge0.1_seed=0_sam_hq_vit_tiny\combined_overlay_gallery_flat\2D\2026_03_11-09_26_14-520.png,C:\ai\AnomalyDINO\results_CUSTOM\dinov3_vitb16_688\8-shot_preprocess=force_no_mask_no_rotation_bestsearch8_fast20greedy_maxanomap_res688_evaltrain_20260413\hq_sam_outputs_batch\roi_crops_peak_hysteresis_h0.5_l0.2_merge3bridge0.1_seed=0_sam_hq_vit_tiny\test\bad\2D\2026_03_11-09_26_14-520\combined_overlay.png,,339,1185,474,1287,0.9205821752548218,3952,6,0.0024916943521594683,0.07600167393684387,0.3321949243545532,0.07600167393684387
test/bad/2D/2026_03_11-09_26_14-520.png__roi_007,,,test/bad/2D/2026_03_11-09_26_14-520.png,test/bad/2D/2026_03_11-09_26_14-520.png,7,normalmap,custom_eval,C:\anomalydino_data_single_object_normalmap\normalmap\test\bad\2D\2026_03_11-09_26_14-520.png,C:\ai\AnomalyDINO\results_CUSTOM\dinov3_vitb16_688\8-shot_preprocess=force_no_mask_no_rotation_bestsearch8_fast20greedy_maxanomap_res688_evaltrain_20260413\hq_sam_outputs_batch\roi_crops_peak_hysteresis_h0.5_l0.2_merge3bridge0.1_seed=0_sam_hq_vit_tiny\combined_overlay_gallery_flat\2D\2026_03_11-09_26_14-520.png,C:\ai\AnomalyDINO\results_CUSTOM\dinov3_vitb16_688\8-shot_preprocess=force_no_mask_no_rotation_bestsearch8_fast20greedy_maxanomap_res688_evaltrain_20260413\hq_sam_outputs_batch\roi_crops_peak_hysteresis_h0.5_l0.2_merge3bridge0.1_seed=0_sam_hq_vit_tiny\test\bad\2D\2026_03_11-09_26_14-520\combined_overlay.png,,135,609,169,643,0.734687089920044,949,2,0.0008305647840531562,0.07472604513168335,0.06251966953277588,0.07472604513168335
test/bad/2D/2026_03_11-09_26_22-508.png__roi_000,,,test/bad/2D/2026_03_11-09_26_22-508.png,test/bad/2D/2026_03_11-09_26_22-508.png,0,normalmap,custom_eval,C:\anomalydino_data_single_object_normalmap\normalmap\test\bad\2D\2026_03_11-09_26_22-508.png,C:\ai\AnomalyDINO\results_CUSTOM\dinov3_vitb16_688\8-shot_preprocess=force_no_mask_no_rotation_bestsearch8_fast20greedy_maxanomap_res688_evaltrain_20260413\hq_sam_outputs_batch\roi_crops_peak_hysteresis_h0.5_l0.2_merge3bridge0.1_seed=0_sam_hq_vit_tiny\combined_overlay_gallery_flat\2D\2026_03_11-09_26_22-508.png,C:\ai\AnomalyDINO\results_CUSTOM\dinov3_vitb16_688\8-shot_preprocess=force_no_mask_no_rotation_bestsearch8_fast20greedy_maxanomap_res688_evaltrain_20260413\hq_sam_outputs_batch\roi_crops_peak_hysteresis_h0.5_l0.2_merge3bridge0.1_seed=0_sam_hq_vit_tiny\test\bad\2D\2026_03_11-09_26_22-508\combined_overlay.png,,34,34,305,440,0.9504639506340027,69210,72,0.029900332225913623,0.17903047800064087,4.113454133272171,0.17903047800064087
test/bad/2D/2026_03_11-09_26_22-508.png__roi_001,,,test/bad/2D/2026_03_11-09_26_22-508.png,test/bad/2D/2026_03_11-09_26_22-508.png,1,normalmap,custom_eval,C:\anomalydino_data_single_object_normalmap\normalmap\test\bad\2D\2026_03_11-09_26_22-508.png,C:\ai\AnomalyDINO\results_CUSTOM\dinov3_vitb16_688\8-shot_preprocess=force_no_mask_no_rotation_bestsearch8_fast20greedy_maxanomap_res688_evaltrain_20260413\hq_sam_outputs_batch\roi_crops_peak_hysteresis_h0.5_l0.2_merge3bridge0.1_seed=0_sam_hq_vit_tiny\combined_overlay_gallery_flat\2D\2026_03_11-09_26_22-508.png,C:\ai\AnomalyDINO\results_CUSTOM\dinov3_vitb16_688\8-shot_preprocess=force_no_mask_no_rotation_bestsearch8_fast20greedy_maxanomap_res688_evaltrain_20260413\hq_sam_outputs_batch\roi_crops_peak_hysteresis_h0.5_l0.2_merge3bridge0.1_seed=0_sam_hq_vit_tiny\test\bad\2D\2026_03_11-09_26_22-508\combined_overlay.png,,610,948,644,982,0.780575692653656,556,1,0.0004152823920265781,0.09296557307243347,0.07850632071495056,0.09296557307243347
test/bad/2D/2026_03_11-09_26_22-508.png__roi_002,,,test/bad/2D/2026_03_11-09_26_22-508.png,test/bad/2D/2026_03_11-09_26_22-508.png,2,normalmap,custom_eval,C:\anomalydino_data_single_object_normalmap\normalmap\test\bad\2D\2026_03_11-09_26_22-508.png,C:\ai\AnomalyDINO\results_CUSTOM\dinov3_vitb16_688\8-shot_preprocess=force_no_mask_no_rotation_bestsearch8_fast20greedy_maxanomap_res688_evaltrain_20260413\hq_sam_outputs_batch\roi_crops_peak_hysteresis_h0.5_l0.2_merge3bridge0.1_seed=0_sam_hq_vit_tiny\combined_overlay_gallery_flat\2D\2026_03_11-09_26_22-508.png,C:\ai\AnomalyDINO\results_CUSTOM\dinov3_vitb16_688\8-shot_preprocess=force_no_mask_no_rotation_bestsearch8_fast20greedy_maxanomap_res688_evaltrain_20260413\hq_sam_outputs_batch\roi_crops_peak_hysteresis_h0.5_l0.2_merge3bridge0.1_seed=0_sam_hq_vit_tiny\test\bad\2D\2026_03_11-09_26_22-508\combined_overlay.png,,1321,880,1423,982,0.808393120765686,6267,9,0.003737541528239203,0.08590614795684814,0.2379850298166275,0.08590614795684814
test/bad/2D/2026_03_11-09_26_22-508.png__roi_003,,,test/bad/2D/2026_03_11-09_26_22-508.png,test/bad/2D/2026_03_11-09_26_22-508.png,3,normalmap,custom_eval,C:\anomalydino_data_single_object_normalmap\normalmap\test\bad\2D\2026_03_11-09_26_22-508.png,C:\ai\AnomalyDINO\results_CUSTOM\dinov3_vitb16_688\8-shot_preprocess=force_no_mask_no_rotation_bestsearch8_fast20greedy_maxanomap_res688_evaltrain_20260413\hq_sam_outputs_batch\roi_crops_peak_hysteresis_h0.5_l0.2_merge3bridge0.1_seed=0_sam_hq_vit_tiny\combined_overlay_gallery_flat\2D\2026_03_11-09_26_22-508.png,C:\ai\AnomalyDINO\results_CUSTOM\dinov3_vitb16_688\8-shot_preprocess=force_no_mask_no_rotation_bestsearch8_fast20greedy_maxanomap_res688_evaltrain_20260413\hq_sam_outputs_batch\roi_crops_peak_hysteresis_h0.5_l0.2_merge3bridge0.1_seed=0_sam_hq_vit_tiny\test\bad\2D\2026_03_11-09_26_22-508\combined_overlay.png,,610,305,677,372,0.7461526393890381,3131,5,0.0020764119601328905,0.07012313604354858,0.14779147505760193,0.07012313604354858
test/bad/2D/2026_03_11-09_26_29-594.png__roi_000,,,test/bad/2D/2026_03_11-09_26_29-594.png,test/bad/2D/2026_03_11-09_26_29-594.png,0,normalmap,custom_eval,C:\anomalydino_data_single_object_normalmap\normalmap\test\bad\2D\2026_03_11-09_26_29-594.png,C:\ai\AnomalyDINO\results_CUSTOM\dinov3_vitb16_688\8-shot_preprocess=force_no_mask_no_rotation_bestsearch8_fast20greedy_maxanomap_res688_evaltrain_20260413\hq_sam_outputs_batch\roi_crops_peak_hysteresis_h0.5_l0.2_merge3bridge0.1_seed=0_sam_hq_vit_tiny\combined_overlay_gallery_flat\2D\2026_03_11-09_26_29-594.png,C:\ai\AnomalyDINO\results_CUSTOM\dinov3_vitb16_688\8-shot_preprocess=force_no_mask_no_rotation_bestsearch8_fast20greedy_maxanomap_res688_evaltrain_20260413\hq_sam_outputs_batch\roi_crops_peak_hysteresis_h0.5_l0.2_merge3bridge0.1_seed=0_sam_hq_vit_tiny\test\bad\2D\2026_03_11-09_26_29-594\combined_overlay.png,,1016,745,1084,813,0.824883759021759,2492,4,0.0016611295681063123,0.10453635454177856,0.20393192768096924,0.10453635454177856
test/bad/2D/2026_03_11-09_26_29-594.png__roi_001,,,test/bad/2D/2026_03_11-09_26_29-594.png,test/bad/2D/2026_03_11-09_26_29-594.png,1,normalmap,custom_eval,C:\anomalydino_data_single_object_normalmap\normalmap\test\bad\2D\2026_03_11-09_26_29-594.png,C:\ai\AnomalyDINO\results_CUSTOM\dinov3_vitb16_688\8-shot_preprocess=force_no_mask_no_rotation_bestsearch8_fast20greedy_maxanomap_res688_evaltrain_20260413\hq_sam_outputs_batch\roi_crops_peak_hysteresis_h0.5_l0.2_merge3bridge0.1_seed=0_sam_hq_vit_tiny\combined_overlay_gallery_flat\2D\2026_03_11-09_26_29-594.png,C:\ai\AnomalyDINO\results_CUSTOM\dinov3_vitb16_688\8-shot_preprocess=force_no_mask_no_rotation_bestsearch8_fast20greedy_maxanomap_res688_evaltrain_20260413\hq_sam_outputs_batch\roi_crops_peak_hysteresis_h0.5_l0.2_merge3bridge0.1_seed=0_sam_hq_vit_tiny\test\bad\2D\2026_03_11-09_26_29-594\combined_overlay.png,,68,102,169,203,0.6584804058074951,10927,17,0.0070598006644518275,0.10264140367507935,0.4457530975341797,0.10264140367507935
test/bad/2D/2026_03_11-09_26_29-594.png__roi_002,,,test/bad/2D/2026_03_11-09_26_29-594.png,test/bad/2D/2026_03_11-09_26_29-594.png,2,normalmap,custom_eval,C:\anomalydino_data_single_object_normalmap\normalmap\test\bad\2D\2026_03_11-09_26_29-594.png,C:\ai\AnomalyDINO\results_CUSTOM\dinov3_vitb16_688\8-shot_preprocess=force_no_mask_no_rotation_bestsearch8_fast20greedy_maxanomap_res688_evaltrain_20260413\hq_sam_outputs_batch\roi_crops_peak_hysteresis_h0.5_l0.2_merge3bridge0.1_seed=0_sam_hq_vit_tiny\combined_overlay_gallery_flat\2D\2026_03_11-09_26_29-594.png,C:\ai\AnomalyDINO\results_CUSTOM\dinov3_vitb16_688\8-shot_preprocess=force_no_mask_no_rotation_bestsearch8_fast20greedy_maxanomap_res688_evaltrain_20260413\hq_sam_outputs_batch\roi_crops_peak_hysteresis_h0.5_l0.2_merge3bridge0.1_seed=0_sam_hq_vit_tiny\test\bad\2D\2026_03_11-09_26_29-594\combined_overlay.png,,1694,203,1727,237,0.7357403635978699,468,1,0.0004152823920265781,0.08696168661117554,0.07665032148361206,0.08696168661117554
test/bad/2D/2026_03_11-09_26_29-594.png__roi_003,,,test/bad/2D/2026_03_11-09_26_29-594.png,test/bad/2D/2026_03_11-09_26_29-594.png,3,normalmap,custom_eval,C:\anomalydino_data_single_object_normalmap\normalmap\test\bad\2D\2026_03_11-09_26_29-594.png,C:\ai\AnomalyDINO\results_CUSTOM\dinov3_vitb16_688\8-shot_preprocess=force_no_mask_no_rotation_bestsearch8_fast20greedy_maxanomap_res688_evaltrain_20260413\hq_sam_outputs_batch\roi_crops_peak_hysteresis_h0.5_l0.2_merge3bridge0.1_seed=0_sam_hq_vit_tiny\combined_overlay_gallery_flat\2D\2026_03_11-09_26_29-594.png,C:\ai\AnomalyDINO\results_CUSTOM\dinov3_vitb16_688\8-shot_preprocess=force_no_mask_no_rotation_bestsearch8_fast20greedy_maxanomap_res688_evaltrain_20260413\hq_sam_outputs_batch\roi_crops_peak_hysteresis_h0.5_l0.2_merge3bridge0.1_seed=0_sam_hq_vit_tiny\test\bad\2D\2026_03_11-09_26_29-594\combined_overlay.png,,169,474,203,542,0.7611667513847351,395,2,0.0008305647840531562,0.08252495527267456,0.13837024569511414,0.08252495527267456
test/bad/2D/2026_03_11-09_26_29-594.png__roi_004,,,test/bad/2D/2026_03_11-09_26_29-594.png,test/bad/2D/2026_03_11-09_26_29-594.png,4,normalmap,custom_eval,C:\anomalydino_data_single_object_normalmap\normalmap\test\bad\2D\2026_03_11-09_26_29-594.png,C:\ai\AnomalyDINO\results_CUSTOM\dinov3_vitb16_688\8-shot_preprocess=force_no_mask_no_rotation_bestsearch8_fast20greedy_maxanomap_res688_evaltrain_20260413\hq_sam_outputs_batch\roi_crops_peak_hysteresis_h0.5_l0.2_merge3bridge0.1_seed=0_sam_hq_vit_tiny\combined_overlay_gallery_flat\2D\2026_03_11-09_26_29-594.png,C:\ai\AnomalyDINO\results_CUSTOM\dinov3_vitb16_688\8-shot_preprocess=force_no_mask_no_rotation_bestsearch8_fast20greedy_maxanomap_res688_evaltrain_20260413\hq_sam_outputs_batch\roi_crops_peak_hysteresis_h0.5_l0.2_merge3bridge0.1_seed=0_sam_hq_vit_tiny\test\bad\2D\2026_03_11-09_26_29-594\combined_overlay.png,,610,271,677,339,0.7718440294265747,2401,4,0.0016611295681063123,0.07140940427780151,0.17191731929779053,0.07140940427780151
test/bad/2D/2026_03_11-09_26_29-594.png__roi_005,,,test/bad/2D/2026_03_11-09_26_29-594.png,test/bad/2D/2026_03_11-09_26_29-594.png,5,normalmap,custom_eval,C:\anomalydino_data_single_object_normalmap\normalmap\test\bad\2D\2026_03_11-09_26_29-594.png,C:\ai\AnomalyDINO\results_CUSTOM\dinov3_vitb16_688\8-shot_preprocess=force_no_mask_no_rotation_bestsearch8_fast20greedy_maxanomap_res688_evaltrain_20260413\hq_sam_outputs_batch\roi_crops_peak_hysteresis_h0.5_l0.2_merge3bridge0.1_seed=0_sam_hq_vit_tiny\combined_overlay_gallery_flat\2D\2026_03_11-09_26_29-594.png,C:\ai\AnomalyDINO\results_CUSTOM\dinov3_vitb16_688\8-shot_preprocess=force_no_mask_no_rotation_bestsearch8_fast20greedy_maxanomap_res688_evaltrain_20260413\hq_sam_outputs_batch\roi_crops_peak_hysteresis_h0.5_l0.2_merge3bridge0.1_seed=0_sam_hq_vit_tiny\test\bad\2D\2026_03_11-09_26_29-594\combined_overlay.png,,1626,609,1694,711,0.6600097417831421,3697,6,0.0024916943521594683,0.07128548622131348,0.10258617997169495,0.07128548622131348
test/bad/2D/2026_03_11-09_26_29-594.png__roi_006,,,test/bad/2D/2026_03_11-09_26_29-594.png,test/bad/2D/2026_03_11-09_26_29-594.png,6,normalmap,custom_eval,C:\anomalydino_data_single_object_normalmap\normalmap\test\bad\2D\2026_03_11-09_26_29-594.png,C:\ai\AnomalyDINO\results_CUSTOM\dinov3_vitb16_688\8-shot_preprocess=force_no_mask_no_rotation_bestsearch8_fast20greedy_maxanomap_res688_evaltrain_20260413\hq_sam_outputs_batch\roi_crops_peak_hysteresis_h0.5_l0.2_merge3bridge0.1_seed=0_sam_hq_vit_tiny\combined_overlay_gallery_flat\2D\2026_03_11-09_26_29-594.png,C:\ai\AnomalyDINO\results_CUSTOM\dinov3_vitb16_688\8-shot_preprocess=force_no_mask_no_rotation_bestsearch8_fast20greedy_maxanomap_res688_evaltrain_20260413\hq_sam_outputs_batch\roi_crops_peak_hysteresis_h0.5_l0.2_merge3bridge0.1_seed=0_sam_hq_vit_tiny\test\bad\2D\2026_03_11-09_26_29-594\combined_overlay.png,,1219,68,1456,305,0.60672527551651,48661,54,0.022425249169435217,0.06345674395561218,0.5962228178977966,0.06345674395561218
test/bad/2D/2026_03_11-09_26_29-594.png__roi_007,,,test/bad/2D/2026_03_11-09_26_29-594.png,test/bad/2D/2026_03_11-09_26_29-594.png,7,normalmap,custom_eval,C:\anomalydino_data_single_object_normalmap\normalmap\test\bad\2D\2026_03_11-09_26_29-594.png,C:\ai\AnomalyDINO\results_CUSTOM\dinov3_vitb16_688\8-shot_preprocess=force_no_mask_no_rotation_bestsearch8_fast20greedy_maxanomap_res688_evaltrain_20260413\hq_sam_outputs_batch\roi_crops_peak_hysteresis_h0.5_l0.2_merge3bridge0.1_seed=0_sam_hq_vit_tiny\combined_overlay_gallery_flat\2D\2026_03_11-09_26_29-594.png,C:\ai\AnomalyDINO\results_CUSTOM\dinov3_vitb16_688\8-shot_preprocess=force_no_mask_no_rotation_bestsearch8_fast20greedy_maxanomap_res688_evaltrain_20260413\hq_sam_outputs_batch\roi_crops_peak_hysteresis_h0.5_l0.2_merge3bridge0.1_seed=0_sam_hq_vit_tiny\test\bad\2D\2026_03_11-09_26_29-594\combined_overlay.png,,1423,305,1490,339,0.751287043094635,1407,2,0.0008305647840531562,0.059770166873931885,0.06144678592681885,0.059770166873931885
test/bad/2D/2026_03_11-09_26_37-618.png__roi_000,,,test/bad/2D/2026_03_11-09_26_37-618.png,test/bad/2D/2026_03_11-09_26_37-618.png,0,normalmap,custom_eval,C:\anomalydino_data_single_object_normalmap\normalmap\test\bad\2D\2026_03_11-09_26_37-618.png,C:\ai\AnomalyDINO\results_CUSTOM\dinov3_vitb16_688\8-shot_preprocess=force_no_mask_no_rotation_bestsearch8_fast20greedy_maxanomap_res688_evaltrain_20260413\hq_sam_outputs_batch\roi_crops_peak_hysteresis_h0.5_l0.2_merge3bridge0.1_seed=0_sam_hq_vit_tiny\combined_overlay_gallery_flat\2D\2026_03_11-09_26_37-618.png,C:\ai\AnomalyDINO\results_CUSTOM\dinov3_vitb16_688\8-shot_preprocess=force_no_mask_no_rotation_bestsearch8_fast20greedy_maxanomap_res688_evaltrain_20260413\hq_sam_outputs_batch\roi_crops_peak_hysteresis_h0.5_l0.2_merge3bridge0.1_seed=0_sam_hq_vit_tiny\test\bad\2D\2026_03_11-09_26_37-618\combined_overlay.png,,271,68,474,271,0.9364227056503296,15267,25,0.010382059800664452,0.12184411287307739,1.420973688364029,0.12184411287307739
test/bad/2D/2026_03_11-09_26_37-618.png__roi_001,,,test/bad/2D/2026_03_11-09_26_37-618.png,test/bad/2D/2026_03_11-09_26_37-618.png,1,normalmap,custom_eval,C:\anomalydino_data_single_object_normalmap\normalmap\test\bad\2D\2026_03_11-09_26_37-618.png,C:\ai\AnomalyDINO\results_CUSTOM\dinov3_vitb16_688\8-shot_preprocess=force_no_mask_no_rotation_bestsearch8_fast20greedy_maxanomap_res688_evaltrain_20260413\hq_sam_outputs_batch\roi_crops_peak_hysteresis_h0.5_l0.2_merge3bridge0.1_seed=0_sam_hq_vit_tiny\combined_overlay_gallery_flat\2D\2026_03_11-09_26_37-618.png,C:\ai\AnomalyDINO\results_CUSTOM\dinov3_vitb16_688\8-shot_preprocess=force_no_mask_no_rotation_bestsearch8_fast20greedy_maxanomap_res688_evaltrain_20260413\hq_sam_outputs_batch\roi_crops_peak_hysteresis_h0.5_l0.2_merge3bridge0.1_seed=0_sam_hq_vit_tiny\test\bad\2D\2026_03_11-09_26_37-618\combined_overlay.png,,610,203,711,305,0.6290401220321655,8707,14,0.005813953488372093,0.09436699748039246,0.3156195878982544,0.09436699748039246
test/bad/2D/2026_03_11-09_26_37-618.png__roi_002,,,test/bad/2D/2026_03_11-09_26_37-618.png,test/bad/2D/2026_03_11-09_26_37-618.png,2,normalmap,custom_eval,C:\anomalydino_data_single_object_normalmap\normalmap\test\bad\2D\2026_03_11-09_26_37-618.png,C:\ai\AnomalyDINO\results_CUSTOM\dinov3_vitb16_688\8-shot_preprocess=force_no_mask_no_rotation_bestsearch8_fast20greedy_maxanomap_res688_evaltrain_20260413\hq_sam_outputs_batch\roi_crops_peak_hysteresis_h0.5_l0.2_merge3bridge0.1_seed=0_sam_hq_vit_tiny\combined_overlay_gallery_flat\2D\2026_03_11-09_26_37-618.png,C:\ai\AnomalyDINO\results_CUSTOM\dinov3_vitb16_688\8-shot_preprocess=force_no_mask_no_rotation_bestsearch8_fast20greedy_maxanomap_res688_evaltrain_20260413\hq_sam_outputs_batch\roi_crops_peak_hysteresis_h0.5_l0.2_merge3bridge0.1_seed=0_sam_hq_vit_tiny\test\bad\2D\2026_03_11-09_26_37-618\combined_overlay.png,,1118,68,1219,169,0.678435206413269,7971,11,0.004568106312292359,0.08023864030838013,0.1603609025478363,0.08023864030838013
test/bad/2D/2026_03_11-09_26_37-618.png__roi_003,,,test/bad/2D/2026_03_11-09_26_37-618.png,test/bad/2D/2026_03_11-09_26_37-618.png,3,normalmap,custom_eval,C:\anomalydino_data_single_object_normalmap\normalmap\test\bad\2D\2026_03_11-09_26_37-618.png,C:\ai\AnomalyDINO\results_CUSTOM\dinov3_vitb16_688\8-shot_preprocess=force_no_mask_no_rotation_bestsearch8_fast20greedy_maxanomap_res688_evaltrain_20260413\hq_sam_outputs_batch\roi_crops_peak_hysteresis_h0.5_l0.2_merge3bridge0.1_seed=0_sam_hq_vit_tiny\combined_overlay_gallery_flat\2D\2026_03_11-09_26_37-618.png,C:\ai\AnomalyDINO\results_CUSTOM\dinov3_vitb16_688\8-shot_preprocess=force_no_mask_no_rotation_bestsearch8_fast20greedy_maxanomap_res688_evaltrain_20260413\hq_sam_outputs_batch\roi_crops_peak_hysteresis_h0.5_l0.2_merge3bridge0.1_seed=0_sam_hq_vit_tiny\test\bad\2D\2026_03_11-09_26_37-618\combined_overlay.png,,1423,474,1524,576,0.6288744211196899,5718,10,0.004152823920265781,0.07532018423080444,0.09562218189239502,0.07532018423080444
test/bad/2D/2026_03_11-09_26_37-618.png__roi_004,,,test/bad/2D/2026_03_11-09_26_37-618.png,test/bad/2D/2026_03_11-09_26_37-618.png,4,normalmap,custom_eval,C:\anomalydino_data_single_object_normalmap\normalmap\test\bad\2D\2026_03_11-09_26_37-618.png,C:\ai\AnomalyDINO\results_CUSTOM\dinov3_vitb16_688\8-shot_preprocess=force_no_mask_no_rotation_bestsearch8_fast20greedy_maxanomap_res688_evaltrain_20260413\hq_sam_outputs_batch\roi_crops_peak_hysteresis_h0.5_l0.2_merge3bridge0.1_seed=0_sam_hq_vit_tiny\combined_overlay_gallery_flat\2D\2026_03_11-09_26_37-618.png,C:\ai\AnomalyDINO\results_CUSTOM\dinov3_vitb16_688\8-shot_preprocess=force_no_mask_no_rotation_bestsearch8_fast20greedy_maxanomap_res688_evaltrain_20260413\hq_sam_outputs_batch\roi_crops_peak_hysteresis_h0.5_l0.2_merge3bridge0.1_seed=0_sam_hq_vit_tiny\test\bad\2D\2026_03_11-09_26_37-618\combined_overlay.png,,68,102,135,203,0.6863330006599426,6624,11,0.004568106312292359,0.06838995218276978,0.12144023180007935,0.06838995218276978
test/bad/2D/2026_03_11-09_26_37-618.png__roi_005,,,test/bad/2D/2026_03_11-09_26_37-618.png,test/bad/2D/2026_03_11-09_26_37-618.png,5,normalmap,custom_eval,C:\anomalydino_data_single_object_normalmap\normalmap\test\bad\2D\2026_03_11-09_26_37-618.png,C:\ai\AnomalyDINO\results_CUSTOM\dinov3_vitb16_688\8-shot_preprocess=force_no_mask_no_rotation_bestsearch8_fast20greedy_maxanomap_res688_evaltrain_20260413\hq_sam_outputs_batch\roi_crops_peak_hysteresis_h0.5_l0.2_merge3bridge0.1_seed=0_sam_hq_vit_tiny\combined_overlay_gallery_flat\2D\2026_03_11-09_26_37-618.png,C:\ai\AnomalyDINO\results_CUSTOM\dinov3_vitb16_688\8-shot_preprocess=force_no_mask_no_rotation_bestsearch8_fast20greedy_maxanomap_res688_evaltrain_20260413\hq_sam_outputs_batch\roi_crops_peak_hysteresis_h0.5_l0.2_merge3bridge0.1_seed=0_sam_hq_vit_tiny\test\bad\2D\2026_03_11-09_26_37-618\combined_overlay.png,,1490,1321,1558,1354,0.8546496033668518,1602,5,0.0020764119601328905,0.06826233863830566,0.09069988131523132,0.06826233863830566
test/bad/2D/2026_03_11-09_26_37-618.png__roi_006,,,test/bad/2D/2026_03_11-09_26_37-618.png,test/bad/2D/2026_03_11-09_26_37-618.png,6,normalmap,custom_eval,C:\anomalydino_data_single_object_normalmap\normalmap\test\bad\2D\2026_03_11-09_26_37-618.png,C:\ai\AnomalyDINO\results_CUSTOM\dinov3_vitb16_688\8-shot_preprocess=force_no_mask_no_rotation_bestsearch8_fast20greedy_maxanomap_res688_evaltrain_20260413\hq_sam_outputs_batch\roi_crops_peak_hysteresis_h0.5_l0.2_merge3bridge0.1_seed=0_sam_hq_vit_tiny\combined_overlay_gallery_flat\2D\2026_03_11-09_26_37-618.png,C:\ai\AnomalyDINO\results_CUSTOM\dinov3_vitb16_688\8-shot_preprocess=force_no_mask_no_rotation_bestsearch8_fast20greedy_maxanomap_res688_evaltrain_20260413\hq_sam_outputs_batch\roi_crops_peak_hysteresis_h0.5_l0.2_merge3bridge0.1_seed=0_sam_hq_vit_tiny\test\bad\2D\2026_03_11-09_26_37-618\combined_overlay.png,,1016,1287,1152,1354,0.6248542070388794,7600,15,0.006229235880398671,0.06760084629058838,0.13866358995437622,0.06760084629058838
test/bad/2D/2026_03_11-09_26_37-618.png__roi_007,,,test/bad/2D/2026_03_11-09_26_37-618.png,test/bad/2D/2026_03_11-09_26_37-618.png,7,normalmap,custom_eval,C:\anomalydino_data_single_object_normalmap\normalmap\test\bad\2D\2026_03_11-09_26_37-618.png,C:\ai\AnomalyDINO\results_CUSTOM\dinov3_vitb16_688\8-shot_preprocess=force_no_mask_no_rotation_bestsearch8_fast20greedy_maxanomap_res688_evaltrain_20260413\hq_sam_outputs_batch\roi_crops_peak_hysteresis_h0.5_l0.2_merge3bridge0.1_seed=0_sam_hq_vit_tiny\combined_overlay_gallery_flat\2D\2026_03_11-09_26_37-618.png,C:\ai\AnomalyDINO\results_CUSTOM\dinov3_vitb16_688\8-shot_preprocess=force_no_mask_no_rotation_bestsearch8_fast20greedy_maxanomap_res688_evaltrain_20260413\hq_sam_outputs_batch\roi_crops_peak_hysteresis_h0.5_l0.2_merge3bridge0.1_seed=0_sam_hq_vit_tiny\test\bad\2D\2026_03_11-09_26_37-618\combined_overlay.png,,203,982,237,1016,0.6926456689834595,787,2,0.0008305647840531562,0.06552493572235107,0.0533890426158905,0.06552493572235107
test/bad/2D/2026_03_11-09_26_37-618.png__roi_008,,,test/bad/2D/2026_03_11-09_26_37-618.png,test/bad/2D/2026_03_11-09_26_37-618.png,8,normalmap,custom_eval,C:\anomalydino_data_single_object_normalmap\normalmap\test\bad\2D\2026_03_11-09_26_37-618.png,C:\ai\AnomalyDINO\results_CUSTOM\dinov3_vitb16_688\8-shot_preprocess=force_no_mask_no_rotation_bestsearch8_fast20greedy_maxanomap_res688_evaltrain_20260413\hq_sam_outputs_batch\roi_crops_peak_hysteresis_h0.5_l0.2_merge3bridge0.1_seed=0_sam_hq_vit_tiny\combined_overlay_gallery_flat\2D\2026_03_11-09_26_37-618.png,C:\ai\AnomalyDINO\results_CUSTOM\dinov3_vitb16_688\8-shot_preprocess=force_no_mask_no_rotation_bestsearch8_fast20greedy_maxanomap_res688_evaltrain_20260413\hq_sam_outputs_batch\roi_crops_peak_hysteresis_h0.5_l0.2_merge3bridge0.1_seed=0_sam_hq_vit_tiny\test\bad\2D\2026_03_11-09_26_37-618\combined_overlay.png,,102,372,169,609,0.6588085889816284,10656,18,0.007475083056478406,0.06497114896774292,0.2863365709781647,0.06497114896774292
test/bad/2D/2026_03_11-09_26_37-618.png__roi_009,,,test/bad/2D/2026_03_11-09_26_37-618.png,test/bad/2D/2026_03_11-09_26_37-618.png,9,normalmap,custom_eval,C:\anomalydino_data_single_object_normalmap\normalmap\test\bad\2D\2026_03_11-09_26_37-618.png,C:\ai\AnomalyDINO\results_CUSTOM\dinov3_vitb16_688\8-shot_preprocess=force_no_mask_no_rotation_bestsearch8_fast20greedy_maxanomap_res688_evaltrain_20260413\hq_sam_outputs_batch\roi_crops_peak_hysteresis_h0.5_l0.2_merge3bridge0.1_seed=0_sam_hq_vit_tiny\combined_overlay_gallery_flat\2D\2026_03_11-09_26_37-618.png,C:\ai\AnomalyDINO\results_CUSTOM\dinov3_vitb16_688\8-shot_preprocess=force_no_mask_no_rotation_bestsearch8_fast20greedy_maxanomap_res688_evaltrain_20260413\hq_sam_outputs_batch\roi_crops_peak_hysteresis_h0.5_l0.2_merge3bridge0.1_seed=0_sam_hq_vit_tiny\test\bad\2D\2026_03_11-09_26_37-618\combined_overlay.png,,339,745,440,779,0.42723989486694336,382,3,0.0012458471760797341,0.06391158699989319,0.07939991354942322,0.06391158699989319
test/bad/2D/2026_03_11-09_26_37-618.png__roi_010,,,test/bad/2D/2026_03_11-09_26_37-618.png,test/bad/2D/2026_03_11-09_26_37-618.png,10,normalmap,custom_eval,C:\anomalydino_data_single_object_normalmap\normalmap\test\bad\2D\2026_03_11-09_26_37-618.png,C:\ai\AnomalyDINO\results_CUSTOM\dinov3_vitb16_688\8-shot_preprocess=force_no_mask_no_rotation_bestsearch8_fast20greedy_maxanomap_res688_evaltrain_20260413\hq_sam_outputs_batch\roi_crops_peak_hysteresis_h0.5_l0.2_merge3bridge0.1_seed=0_sam_hq_vit_tiny\combined_overlay_gallery_flat\2D\2026_03_11-09_26_37-618.png,C:\ai\AnomalyDINO\results_CUSTOM\dinov3_vitb16_688\8-shot_preprocess=force_no_mask_no_rotation_bestsearch8_fast20greedy_maxanomap_res688_evaltrain_20260413\hq_sam_outputs_batch\roi_crops_peak_hysteresis_h0.5_l0.2_merge3bridge0.1_seed=0_sam_hq_vit_tiny\test\bad\2D\2026_03_11-09_26_37-618\combined_overlay.png,,881,68,982,135,0.6663147807121277,3256,6,0.0024916943521594683,0.061511456966400146,0.09685102105140686,0.061511456966400146
test/bad/2D/2026_03_11-09_26_37-618.png__roi_011,,,test/bad/2D/2026_03_11-09_26_37-618.png,test/bad/2D/2026_03_11-09_26_37-618.png,11,normalmap,custom_eval,C:\anomalydino_data_single_object_normalmap\normalmap\test\bad\2D\2026_03_11-09_26_37-618.png,C:\ai\AnomalyDINO\results_CUSTOM\dinov3_vitb16_688\8-shot_preprocess=force_no_mask_no_rotation_bestsearch8_fast20greedy_maxanomap_res688_evaltrain_20260413\hq_sam_outputs_batch\roi_crops_peak_hysteresis_h0.5_l0.2_merge3bridge0.1_seed=0_sam_hq_vit_tiny\combined_overlay_gallery_flat\2D\2026_03_11-09_26_37-618.png,C:\ai\AnomalyDINO\results_CUSTOM\dinov3_vitb16_688\8-shot_preprocess=force_no_mask_no_rotation_bestsearch8_fast20greedy_maxanomap_res688_evaltrain_20260413\hq_sam_outputs_batch\roi_crops_peak_hysteresis_h0.5_l0.2_merge3bridge0.1_seed=0_sam_hq_vit_tiny\test\bad\2D\2026_03_11-09_26_37-618\combined_overlay.png,,237,305,305,372,0.7526071071624756,2557,6,0.0024916943521594683,0.06134605407714844,0.051448941230773926,0.06134605407714844
test/bad/2D/2026_03_11-09_26_44-970.png__roi_000,,,test/bad/2D/2026_03_11-09_26_44-970.png,test/bad/2D/2026_03_11-09_26_44-970.png,0,normalmap,custom_eval,C:\anomalydino_data_single_object_normalmap\normalmap\test\bad\2D\2026_03_11-09_26_44-970.png,C:\ai\AnomalyDINO\results_CUSTOM\dinov3_vitb16_688\8-shot_preprocess=force_no_mask_no_rotation_bestsearch8_fast20greedy_maxanomap_res688_evaltrain_20260413\hq_sam_outputs_batch\roi_crops_peak_hysteresis_h0.5_l0.2_merge3bridge0.1_seed=0_sam_hq_vit_tiny\combined_overlay_gallery_flat\2D\2026_03_11-09_26_44-970.png,C:\ai\AnomalyDINO\results_CUSTOM\dinov3_vitb16_688\8-shot_preprocess=force_no_mask_no_rotation_bestsearch8_fast20greedy_maxanomap_res688_evaltrain_20260413\hq_sam_outputs_batch\roi_crops_peak_hysteresis_h0.5_l0.2_merge3bridge0.1_seed=0_sam_hq_vit_tiny\test\bad\2D\2026_03_11-09_26_44-970\combined_overlay.png,,1219,372,1592,1084,0.6776244640350342,114705,140,0.05813953488372093,0.1443796157836914,1.6084105372428894,0.1443796157836914
test/bad/2D/2026_03_11-09_26_44-970.png__roi_001,,,test/bad/2D/2026_03_11-09_26_44-970.png,test/bad/2D/2026_03_11-09_26_44-970.png,1,normalmap,custom_eval,C:\anomalydino_data_single_object_normalmap\normalmap\test\bad\2D\2026_03_11-09_26_44-970.png,C:\ai\AnomalyDINO\results_CUSTOM\dinov3_vitb16_688\8-shot_preprocess=force_no_mask_no_rotation_bestsearch8_fast20greedy_maxanomap_res688_evaltrain_20260413\hq_sam_outputs_batch\roi_crops_peak_hysteresis_h0.5_l0.2_merge3bridge0.1_seed=0_sam_hq_vit_tiny\combined_overlay_gallery_flat\2D\2026_03_11-09_26_44-970.png,C:\ai\AnomalyDINO\results_CUSTOM\dinov3_vitb16_688\8-shot_preprocess=force_no_mask_no_rotation_bestsearch8_fast20greedy_maxanomap_res688_evaltrain_20260413\hq_sam_outputs_batch\roi_crops_peak_hysteresis_h0.5_l0.2_merge3bridge0.1_seed=0_sam_hq_vit_tiny\test\bad\2D\2026_03_11-09_26_44-970\combined_overlay.png,,102,135,440,1117,0.8261065483093262,239380,258,0.10714285714285714,0.11771193146705627,1.1307395696640015,0.11771193146705627
test/bad/2D/2026_03_11-09_26_44-970.png__roi_002,,,test/bad/2D/2026_03_11-09_26_44-970.png,test/bad/2D/2026_03_11-09_26_44-970.png,2,normalmap,custom_eval,C:\anomalydino_data_single_object_normalmap\normalmap\test\bad\2D\2026_03_11-09_26_44-970.png,C:\ai\AnomalyDINO\results_CUSTOM\dinov3_vitb16_688\8-shot_preprocess=force_no_mask_no_rotation_bestsearch8_fast20greedy_maxanomap_res688_evaltrain_20260413\hq_sam_outputs_batch\roi_crops_peak_hysteresis_h0.5_l0.2_merge3bridge0.1_seed=0_sam_hq_vit_tiny\combined_overlay_gallery_flat\2D\2026_03_11-09_26_44-970.png,C:\ai\AnomalyDINO\results_CUSTOM\dinov3_vitb16_688\8-shot_preprocess=force_no_mask_no_rotation_bestsearch8_fast20greedy_maxanomap_res688_evaltrain_20260413\hq_sam_outputs_batch\roi_crops_peak_hysteresis_h0.5_l0.2_merge3bridge0.1_seed=0_sam_hq_vit_tiny\test\bad\2D\2026_03_11-09_26_44-970\combined_overlay.png,,508,643,813,813,0.557714581489563,39888,49,0.020348837209302327,0.09736105799674988,0.34265902638435364,0.09736105799674988
test/bad/2D/2026_03_11-09_26_44-970.png__roi_003,,,test/bad/2D/2026_03_11-09_26_44-970.png,test/bad/2D/2026_03_11-09_26_44-970.png,3,normalmap,custom_eval,C:\anomalydino_data_single_object_normalmap\normalmap\test\bad\2D\2026_03_11-09_26_44-970.png,C:\ai\AnomalyDINO\results_CUSTOM\dinov3_vitb16_688\8-shot_preprocess=force_no_mask_no_rotation_bestsearch8_fast20greedy_maxanomap_res688_evaltrain_20260413\hq_sam_outputs_batch\roi_crops_peak_hysteresis_h0.5_l0.2_merge3bridge0.1_seed=0_sam_hq_vit_tiny\combined_overlay_gallery_flat\2D\2026_03_11-09_26_44-970.png,C:\ai\AnomalyDINO\results_CUSTOM\dinov3_vitb16_688\8-shot_preprocess=force_no_mask_no_rotation_bestsearch8_fast20greedy_maxanomap_res688_evaltrain_20260413\hq_sam_outputs_batch\roi_crops_peak_hysteresis_h0.5_l0.2_merge3bridge0.1_seed=0_sam_hq_vit_tiny\test\bad\2D\2026_03_11-09_26_44-970\combined_overlay.png,,1287,68,1389,135,0.6979811191558838,6408,11,0.004568106312292359,0.05967026948928833,0.05252629518508911,0.05967026948928833
test/bad/2D/2026_03_11-09_26_51-351.png__roi_000,,,test/bad/2D/2026_03_11-09_26_51-351.png,test/bad/2D/2026_03_11-09_26_51-351.png,0,normalmap,custom_eval,C:\anomalydino_data_single_object_normalmap\normalmap\test\bad\2D\2026_03_11-09_26_51-351.png,C:\ai\AnomalyDINO\results_CUSTOM\dinov3_vitb16_688\8-shot_preprocess=force_no_mask_no_rotation_bestsearch8_fast20greedy_maxanomap_res688_evaltrain_20260413\hq_sam_outputs_batch\roi_crops_peak_hysteresis_h0.5_l0.2_merge3bridge0.1_seed=0_sam_hq_vit_tiny\combined_overlay_gallery_flat\2D\2026_03_11-09_26_51-351.png,C:\ai\AnomalyDINO\results_CUSTOM\dinov3_vitb16_688\8-shot_preprocess=force_no_mask_no_rotation_bestsearch8_fast20greedy_maxanomap_res688_evaltrain_20260413\hq_sam_outputs_batch\roi_crops_peak_hysteresis_h0.5_l0.2_merge3bridge0.1_seed=0_sam_hq_vit_tiny\test\bad\2D\2026_03_11-09_26_51-351\combined_overlay.png,,339,34,677,508,0.6949944496154785,117112,126,0.05232558139534884,0.15038591623306274,2.0723385512828827,0.15038591623306274
test/bad/2D/2026_03_11-09_26_51-351.png__roi_001,,,test/bad/2D/2026_03_11-09_26_51-351.png,test/bad/2D/2026_03_11-09_26_51-351.png,1,normalmap,custom_eval,C:\anomalydino_data_single_object_normalmap\normalmap\test\bad\2D\2026_03_11-09_26_51-351.png,C:\ai\AnomalyDINO\results_CUSTOM\dinov3_vitb16_688\8-shot_preprocess=force_no_mask_no_rotation_bestsearch8_fast20greedy_maxanomap_res688_evaltrain_20260413\hq_sam_outputs_batch\roi_crops_peak_hysteresis_h0.5_l0.2_merge3bridge0.1_seed=0_sam_hq_vit_tiny\combined_overlay_gallery_flat\2D\2026_03_11-09_26_51-351.png,C:\ai\AnomalyDINO\results_CUSTOM\dinov3_vitb16_688\8-shot_preprocess=force_no_mask_no_rotation_bestsearch8_fast20greedy_maxanomap_res688_evaltrain_20260413\hq_sam_outputs_batch\roi_crops_peak_hysteresis_h0.5_l0.2_merge3bridge0.1_seed=0_sam_hq_vit_tiny\test\bad\2D\2026_03_11-09_26_51-351\combined_overlay.png,,203,880,237,914,0.7584959864616394,603,1,0.0004152823920265781,0.08306649327278137,0.05986149609088898,0.08306649327278137
test/bad/2D/2026_03_11-09_26_51-351.png__roi_002,,,test/bad/2D/2026_03_11-09_26_51-351.png,test/bad/2D/2026_03_11-09_26_51-351.png,2,normalmap,custom_eval,C:\anomalydino_data_single_object_normalmap\normalmap\test\bad\2D\2026_03_11-09_26_51-351.png,C:\ai\AnomalyDINO\results_CUSTOM\dinov3_vitb16_688\8-shot_preprocess=force_no_mask_no_rotation_bestsearch8_fast20greedy_maxanomap_res688_evaltrain_20260413\hq_sam_outputs_batch\roi_crops_peak_hysteresis_h0.5_l0.2_merge3bridge0.1_seed=0_sam_hq_vit_tiny\combined_overlay_gallery_flat\2D\2026_03_11-09_26_51-351.png,C:\ai\AnomalyDINO\results_CUSTOM\dinov3_vitb16_688\8-shot_preprocess=force_no_mask_no_rotation_bestsearch8_fast20greedy_maxanomap_res688_evaltrain_20260413\hq_sam_outputs_batch\roi_crops_peak_hysteresis_h0.5_l0.2_merge3bridge0.1_seed=0_sam_hq_vit_tiny\test\bad\2D\2026_03_11-09_26_51-351\combined_overlay.png,,1423,68,1694,542,0.6831584572792053,45107,71,0.029485049833887042,0.07659575343132019,0.9249167144298553,0.07659575343132019
test/bad/2D/2026_03_11-09_26_51-351.png__roi_003,,,test/bad/2D/2026_03_11-09_26_51-351.png,test/bad/2D/2026_03_11-09_26_51-351.png,3,normalmap,custom_eval,C:\anomalydino_data_single_object_normalmap\normalmap\test\bad\2D\2026_03_11-09_26_51-351.png,C:\ai\AnomalyDINO\results_CUSTOM\dinov3_vitb16_688\8-shot_preprocess=force_no_mask_no_rotation_bestsearch8_fast20greedy_maxanomap_res688_evaltrain_20260413\hq_sam_outputs_batch\roi_crops_peak_hysteresis_h0.5_l0.2_merge3bridge0.1_seed=0_sam_hq_vit_tiny\combined_overlay_gallery_flat\2D\2026_03_11-09_26_51-351.png,C:\ai\AnomalyDINO\results_CUSTOM\dinov3_vitb16_688\8-shot_preprocess=force_no_mask_no_rotation_bestsearch8_fast20greedy_maxanomap_res688_evaltrain_20260413\hq_sam_outputs_batch\roi_crops_peak_hysteresis_h0.5_l0.2_merge3bridge0.1_seed=0_sam_hq_vit_tiny\test\bad\2D\2026_03_11-09_26_51-351\combined_overlay.png,,915,542,1626,1388,0.6158913373947144,67321,122,0.050664451827242524,0.05950406193733215,1.2183504849672318,0.05950406193733215
test/bad/2D/2026_03_11-09_26_58-222.png__roi_000,,,test/bad/2D/2026_03_11-09_26_58-222.png,test/bad/2D/2026_03_11-09_26_58-222.png,0,normalmap,custom_eval,C:\anomalydino_data_single_object_normalmap\normalmap\test\bad\2D\2026_03_11-09_26_58-222.png,C:\ai\AnomalyDINO\results_CUSTOM\dinov3_vitb16_688\8-shot_preprocess=force_no_mask_no_rotation_bestsearch8_fast20greedy_maxanomap_res688_evaltrain_20260413\hq_sam_outputs_batch\roi_crops_peak_hysteresis_h0.5_l0.2_merge3bridge0.1_seed=0_sam_hq_vit_tiny\combined_overlay_gallery_flat\2D\2026_03_11-09_26_58-222.png,C:\ai\AnomalyDINO\results_CUSTOM\dinov3_vitb16_688\8-shot_preprocess=force_no_mask_no_rotation_bestsearch8_fast20greedy_maxanomap_res688_evaltrain_20260413\hq_sam_outputs_batch\roi_crops_peak_hysteresis_h0.5_l0.2_merge3bridge0.1_seed=0_sam_hq_vit_tiny\test\bad\2D\2026_03_11-09_26_58-222\combined_overlay.png,,1321,711,1761,1253,0.7485524415969849,107257,125,0.05191029900332226,0.13904154300689697,1.6749277114868164,0.13904154300689697
test/bad/2D/2026_03_11-09_26_58-222.png__roi_001,,,test/bad/2D/2026_03_11-09_26_58-222.png,test/bad/2D/2026_03_11-09_26_58-222.png,1,normalmap,custom_eval,C:\anomalydino_data_single_object_normalmap\normalmap\test\bad\2D\2026_03_11-09_26_58-222.png,C:\ai\AnomalyDINO\results_CUSTOM\dinov3_vitb16_688\8-shot_preprocess=force_no_mask_no_rotation_bestsearch8_fast20greedy_maxanomap_res688_evaltrain_20260413\hq_sam_outputs_batch\roi_crops_peak_hysteresis_h0.5_l0.2_merge3bridge0.1_seed=0_sam_hq_vit_tiny\combined_overlay_gallery_flat\2D\2026_03_11-09_26_58-222.png,C:\ai\AnomalyDINO\results_CUSTOM\dinov3_vitb16_688\8-shot_preprocess=force_no_mask_no_rotation_bestsearch8_fast20greedy_maxanomap_res688_evaltrain_20260413\hq_sam_outputs_batch\roi_crops_peak_hysteresis_h0.5_l0.2_merge3bridge0.1_seed=0_sam_hq_vit_tiny\test\bad\2D\2026_03_11-09_26_58-222\combined_overlay.png,,677,813,745,847,0.7181152701377869,1266,2,0.0008305647840531562,0.09763991832733154,0.12819352746009827,0.09763991832733154
test/bad/2D/2026_03_11-09_26_58-222.png__roi_002,,,test/bad/2D/2026_03_11-09_26_58-222.png,test/bad/2D/2026_03_11-09_26_58-222.png,2,normalmap,custom_eval,C:\anomalydino_data_single_object_normalmap\normalmap\test\bad\2D\2026_03_11-09_26_58-222.png,C:\ai\AnomalyDINO\results_CUSTOM\dinov3_vitb16_688\8-shot_preprocess=force_no_mask_no_rotation_bestsearch8_fast20greedy_maxanomap_res688_evaltrain_20260413\hq_sam_outputs_batch\roi_crops_peak_hysteresis_h0.5_l0.2_merge3bridge0.1_seed=0_sam_hq_vit_tiny\combined_overlay_gallery_flat\2D\2026_03_11-09_26_58-222.png,C:\ai\AnomalyDINO\results_CUSTOM\dinov3_vitb16_688\8-shot_preprocess=force_no_mask_no_rotation_bestsearch8_fast20greedy_maxanomap_res688_evaltrain_20260413\hq_sam_outputs_batch\roi_crops_peak_hysteresis_h0.5_l0.2_merge3bridge0.1_seed=0_sam_hq_vit_tiny\test\bad\2D\2026_03_11-09_26_58-222\combined_overlay.png,,271,711,373,779,0.6422315835952759,4180,9,0.003737541528239203,0.061192870140075684,0.08859068155288696,0.061192870140075684
test/bad/2D/2026_03_11-09_26_58-222.png__roi_003,,,test/bad/2D/2026_03_11-09_26_58-222.png,test/bad/2D/2026_03_11-09_26_58-222.png,3,normalmap,custom_eval,C:\anomalydino_data_single_object_normalmap\normalmap\test\bad\2D\2026_03_11-09_26_58-222.png,C:\ai\AnomalyDINO\results_CUSTOM\dinov3_vitb16_688\8-shot_preprocess=force_no_mask_no_rotation_bestsearch8_fast20greedy_maxanomap_res688_evaltrain_20260413\hq_sam_outputs_batch\roi_crops_peak_hysteresis_h0.5_l0.2_merge3bridge0.1_seed=0_sam_hq_vit_tiny\combined_overlay_gallery_flat\2D\2026_03_11-09_26_58-222.png,C:\ai\AnomalyDINO\results_CUSTOM\dinov3_vitb16_688\8-shot_preprocess=force_no_mask_no_rotation_bestsearch8_fast20greedy_maxanomap_res688_evaltrain_20260413\hq_sam_outputs_batch\roi_crops_peak_hysteresis_h0.5_l0.2_merge3bridge0.1_seed=0_sam_hq_vit_tiny\test\bad\2D\2026_03_11-09_26_58-222\combined_overlay.png,,203,135,373,237,0.6096869707107544,15509,24,0.009966777408637873,0.057647883892059326,0.17079409956932068,0.057647883892059326
test/bad/2D/2026_03_11-09_27_05-987.png__roi_000,,,test/bad/2D/2026_03_11-09_27_05-987.png,test/bad/2D/2026_03_11-09_27_05-987.png,0,normalmap,custom_eval,C:\anomalydino_data_single_object_normalmap\normalmap\test\bad\2D\2026_03_11-09_27_05-987.png,C:\ai\AnomalyDINO\results_CUSTOM\dinov3_vitb16_688\8-shot_preprocess=force_no_mask_no_rotation_bestsearch8_fast20greedy_maxanomap_res688_evaltrain_20260413\hq_sam_outputs_batch\roi_crops_peak_hysteresis_h0.5_l0.2_merge3bridge0.1_seed=0_sam_hq_vit_tiny\combined_overlay_gallery_flat\2D\2026_03_11-09_27_05-987.png,C:\ai\AnomalyDINO\results_CUSTOM\dinov3_vitb16_688\8-shot_preprocess=force_no_mask_no_rotation_bestsearch8_fast20greedy_maxanomap_res688_evaltrain_20260413\hq_sam_outputs_batch\roi_crops_peak_hysteresis_h0.5_l0.2_merge3bridge0.1_seed=0_sam_hq_vit_tiny\test\bad\2D\2026_03_11-09_27_05-987\combined_overlay.png,,1423,948,1456,982,0.7131177186965942,708,3,0.0012458471760797341,0.09152784943580627,0.06754879653453827,0.09152784943580627
test/bad/2D/2026_03_11-09_27_05-987.png__roi_001,,,test/bad/2D/2026_03_11-09_27_05-987.png,test/bad/2D/2026_03_11-09_27_05-987.png,1,normalmap,custom_eval,C:\anomalydino_data_single_object_normalmap\normalmap\test\bad\2D\2026_03_11-09_27_05-987.png,C:\ai\AnomalyDINO\results_CUSTOM\dinov3_vitb16_688\8-shot_preprocess=force_no_mask_no_rotation_bestsearch8_fast20greedy_maxanomap_res688_evaltrain_20260413\hq_sam_outputs_batch\roi_crops_peak_hysteresis_h0.5_l0.2_merge3bridge0.1_seed=0_sam_hq_vit_tiny\combined_overlay_gallery_flat\2D\2026_03_11-09_27_05-987.png,C:\ai\AnomalyDINO\results_CUSTOM\dinov3_vitb16_688\8-shot_preprocess=force_no_mask_no_rotation_bestsearch8_fast20greedy_maxanomap_res688_evaltrain_20260413\hq_sam_outputs_batch\roi_crops_peak_hysteresis_h0.5_l0.2_merge3bridge0.1_seed=0_sam_hq_vit_tiny\test\bad\2D\2026_03_11-09_27_05-987\combined_overlay.png,,745,914,779,982,0.7189321517944336,828,2,0.0008305647840531562,0.08208847045898438,0.11206749081611633,0.08208847045898438
test/bad/2D/2026_03_11-09_27_05-987.png__roi_002,,,test/bad/2D/2026_03_11-09_27_05-987.png,test/bad/2D/2026_03_11-09_27_05-987.png,2,normalmap,custom_eval,C:\anomalydino_data_single_object_normalmap\normalmap\test\bad\2D\2026_03_11-09_27_05-987.png,C:\ai\AnomalyDINO\results_CUSTOM\dinov3_vitb16_688\8-shot_preprocess=force_no_mask_no_rotation_bestsearch8_fast20greedy_maxanomap_res688_evaltrain_20260413\hq_sam_outputs_batch\roi_crops_peak_hysteresis_h0.5_l0.2_merge3bridge0.1_seed=0_sam_hq_vit_tiny\combined_overlay_gallery_flat\2D\2026_03_11-09_27_05-987.png,C:\ai\AnomalyDINO\results_CUSTOM\dinov3_vitb16_688\8-shot_preprocess=force_no_mask_no_rotation_bestsearch8_fast20greedy_maxanomap_res688_evaltrain_20260413\hq_sam_outputs_batch\roi_crops_peak_hysteresis_h0.5_l0.2_merge3bridge0.1_seed=0_sam_hq_vit_tiny\test\bad\2D\2026_03_11-09_27_05-987\combined_overlay.png,,1219,68,1321,135,0.7257295250892639,3986,6,0.0024916943521594683,0.06488147377967834,0.10164503753185272,0.06488147377967834
test/bad/2D/2026_03_11-09_27_05-987.png__roi_003,,,test/bad/2D/2026_03_11-09_27_05-987.png,test/bad/2D/2026_03_11-09_27_05-987.png,3,normalmap,custom_eval,C:\anomalydino_data_single_object_normalmap\normalmap\test\bad\2D\2026_03_11-09_27_05-987.png,C:\ai\AnomalyDINO\results_CUSTOM\dinov3_vitb16_688\8-shot_preprocess=force_no_mask_no_rotation_bestsearch8_fast20greedy_maxanomap_res688_evaltrain_20260413\hq_sam_outputs_batch\roi_crops_peak_hysteresis_h0.5_l0.2_merge3bridge0.1_seed=0_sam_hq_vit_tiny\combined_overlay_gallery_flat\2D\2026_03_11-09_27_05-987.png,C:\ai\AnomalyDINO\results_CUSTOM\dinov3_vitb16_688\8-shot_preprocess=force_no_mask_no_rotation_bestsearch8_fast20greedy_maxanomap_res688_evaltrain_20260413\hq_sam_outputs_batch\roi_crops_peak_hysteresis_h0.5_l0.2_merge3bridge0.1_seed=0_sam_hq_vit_tiny\test\bad\2D\2026_03_11-09_27_05-987\combined_overlay.png,,542,372,644,508,0.6486803293228149,8889,14,0.005813953488372093,0.06430813670158386,0.16945727169513702,0.06430813670158386
test/bad/2D/2026_03_11-09_27_05-987.png__roi_004,,,test/bad/2D/2026_03_11-09_27_05-987.png,test/bad/2D/2026_03_11-09_27_05-987.png,4,normalmap,custom_eval,C:\anomalydino_data_single_object_normalmap\normalmap\test\bad\2D\2026_03_11-09_27_05-987.png,C:\ai\AnomalyDINO\results_CUSTOM\dinov3_vitb16_688\8-shot_preprocess=force_no_mask_no_rotation_bestsearch8_fast20greedy_maxanomap_res688_evaltrain_20260413\hq_sam_outputs_batch\roi_crops_peak_hysteresis_h0.5_l0.2_merge3bridge0.1_seed=0_sam_hq_vit_tiny\combined_overlay_gallery_flat\2D\2026_03_11-09_27_05-987.png,C:\ai\AnomalyDINO\results_CUSTOM\dinov3_vitb16_688\8-shot_preprocess=force_no_mask_no_rotation_bestsearch8_fast20greedy_maxanomap_res688_evaltrain_20260413\hq_sam_outputs_batch\roi_crops_peak_hysteresis_h0.5_l0.2_merge3bridge0.1_seed=0_sam_hq_vit_tiny\test\bad\2D\2026_03_11-09_27_05-987\combined_overlay.png,,237,1151,406,1321,0.6530394554138184,18489,28,0.011627906976744186,0.06057298183441162,0.15281903743743896,0.06057298183441162
test/bad/2D/2026_03_11-09_27_12-443.png__roi_000,,,test/bad/2D/2026_03_11-09_27_12-443.png,test/bad/2D/2026_03_11-09_27_12-443.png,0,normalmap,custom_eval,C:\anomalydino_data_single_object_normalmap\normalmap\test\bad\2D\2026_03_11-09_27_12-443.png,C:\ai\AnomalyDINO\results_CUSTOM\dinov3_vitb16_688\8-shot_preprocess=force_no_mask_no_rotation_bestsearch8_fast20greedy_maxanomap_res688_evaltrain_20260413\hq_sam_outputs_batch\roi_crops_peak_hysteresis_h0.5_l0.2_merge3bridge0.1_seed=0_sam_hq_vit_tiny\combined_overlay_gallery_flat\2D\2026_03_11-09_27_12-443.png,C:\ai\AnomalyDINO\results_CUSTOM\dinov3_vitb16_688\8-shot_preprocess=force_no_mask_no_rotation_bestsearch8_fast20greedy_maxanomap_res688_evaltrain_20260413\hq_sam_outputs_batch\roi_crops_peak_hysteresis_h0.5_l0.2_merge3bridge0.1_seed=0_sam_hq_vit_tiny\test\bad\2D\2026_03_11-09_27_12-443\combined_overlay.png,,542,372,677,474,0.8805075883865356,3775,8,0.0033222591362126247,0.1590171456336975,0.5048419833183289,0.1590171456336975
test/bad/2D/2026_03_11-09_27_12-443.png__roi_001,,,test/bad/2D/2026_03_11-09_27_12-443.png,test/bad/2D/2026_03_11-09_27_12-443.png,1,normalmap,custom_eval,C:\anomalydino_data_single_object_normalmap\normalmap\test\bad\2D\2026_03_11-09_27_12-443.png,C:\ai\AnomalyDINO\results_CUSTOM\dinov3_vitb16_688\8-shot_preprocess=force_no_mask_no_rotation_bestsearch8_fast20greedy_maxanomap_res688_evaltrain_20260413\hq_sam_outputs_batch\roi_crops_peak_hysteresis_h0.5_l0.2_merge3bridge0.1_seed=0_sam_hq_vit_tiny\combined_overlay_gallery_flat\2D\2026_03_11-09_27_12-443.png,C:\ai\AnomalyDINO\results_CUSTOM\dinov3_vitb16_688\8-shot_preprocess=force_no_mask_no_rotation_bestsearch8_fast20greedy_maxanomap_res688_evaltrain_20260413\hq_sam_outputs_batch\roi_crops_peak_hysteresis_h0.5_l0.2_merge3bridge0.1_seed=0_sam_hq_vit_tiny\test\bad\2D\2026_03_11-09_27_12-443\combined_overlay.png,,305,102,339,135,0.8550736904144287,287,1,0.0004152823920265781,0.08333134651184082,0.06328585743904114,0.08333134651184082
test/bad/2D/2026_03_11-09_27_12-443.png__roi_002,,,test/bad/2D/2026_03_11-09_27_12-443.png,test/bad/2D/2026_03_11-09_27_12-443.png,2,normalmap,custom_eval,C:\anomalydino_data_single_object_normalmap\normalmap\test\bad\2D\2026_03_11-09_27_12-443.png,C:\ai\AnomalyDINO\results_CUSTOM\dinov3_vitb16_688\8-shot_preprocess=force_no_mask_no_rotation_bestsearch8_fast20greedy_maxanomap_res688_evaltrain_20260413\hq_sam_outputs_batch\roi_crops_peak_hysteresis_h0.5_l0.2_merge3bridge0.1_seed=0_sam_hq_vit_tiny\combined_overlay_gallery_flat\2D\2026_03_11-09_27_12-443.png,C:\ai\AnomalyDINO\results_CUSTOM\dinov3_vitb16_688\8-shot_preprocess=force_no_mask_no_rotation_bestsearch8_fast20greedy_maxanomap_res688_evaltrain_20260413\hq_sam_outputs_batch\roi_crops_peak_hysteresis_h0.5_l0.2_merge3bridge0.1_seed=0_sam_hq_vit_tiny\test\bad\2D\2026_03_11-09_27_12-443\combined_overlay.png,,1626,880,1727,948,0.748136579990387,2267,6,0.0024916943521594683,0.06319016218185425,0.0650898665189743,0.06319016218185425
test/bad/2D/2026_03_11-09_27_12-443.png__roi_003,,,test/bad/2D/2026_03_11-09_27_12-443.png,test/bad/2D/2026_03_11-09_27_12-443.png,3,normalmap,custom_eval,C:\anomalydino_data_single_object_normalmap\normalmap\test\bad\2D\2026_03_11-09_27_12-443.png,C:\ai\AnomalyDINO\results_CUSTOM\dinov3_vitb16_688\8-shot_preprocess=force_no_mask_no_rotation_bestsearch8_fast20greedy_maxanomap_res688_evaltrain_20260413\hq_sam_outputs_batch\roi_crops_peak_hysteresis_h0.5_l0.2_merge3bridge0.1_seed=0_sam_hq_vit_tiny\combined_overlay_gallery_flat\2D\2026_03_11-09_27_12-443.png,C:\ai\AnomalyDINO\results_CUSTOM\dinov3_vitb16_688\8-shot_preprocess=force_no_mask_no_rotation_bestsearch8_fast20greedy_maxanomap_res688_evaltrain_20260413\hq_sam_outputs_batch\roi_crops_peak_hysteresis_h0.5_l0.2_merge3bridge0.1_seed=0_sam_hq_vit_tiny\test\bad\2D\2026_03_11-09_27_12-443\combined_overlay.png,,271,1050,305,1117,0.7092593908309937,1304,2,0.0008305647840531562,0.062255024909973145,0.08658266067504883,0.062255024909973145
test/bad/2D/2026_03_11-09_27_12-443.png__roi_004,,,test/bad/2D/2026_03_11-09_27_12-443.png,test/bad/2D/2026_03_11-09_27_12-443.png,4,normalmap,custom_eval,C:\anomalydino_data_single_object_normalmap\normalmap\test\bad\2D\2026_03_11-09_27_12-443.png,C:\ai\AnomalyDINO\results_CUSTOM\dinov3_vitb16_688\8-shot_preprocess=force_no_mask_no_rotation_bestsearch8_fast20greedy_maxanomap_res688_evaltrain_20260413\hq_sam_outputs_batch\roi_crops_peak_hysteresis_h0.5_l0.2_merge3bridge0.1_seed=0_sam_hq_vit_tiny\combined_overlay_gallery_flat\2D\2026_03_11-09_27_12-443.png,C:\ai\AnomalyDINO\results_CUSTOM\dinov3_vitb16_688\8-shot_preprocess=force_no_mask_no_rotation_bestsearch8_fast20greedy_maxanomap_res688_evaltrain_20260413\hq_sam_outputs_batch\roi_crops_peak_hysteresis_h0.5_l0.2_merge3bridge0.1_seed=0_sam_hq_vit_tiny\test\bad\2D\2026_03_11-09_27_12-443\combined_overlay.png,,1524,779,1558,847,0.5956082940101624,758,2,0.0008305647840531562,0.06187260150909424,0.05339860916137695,0.06187260150909424
test/bad/2D/2026_03_11-09_27_12-443.png__roi_005,,,test/bad/2D/2026_03_11-09_27_12-443.png,test/bad/2D/2026_03_11-09_27_12-443.png,5,normalmap,custom_eval,C:\anomalydino_data_single_object_normalmap\normalmap\test\bad\2D\2026_03_11-09_27_12-443.png,C:\ai\AnomalyDINO\results_CUSTOM\dinov3_vitb16_688\8-shot_preprocess=force_no_mask_no_rotation_bestsearch8_fast20greedy_maxanomap_res688_evaltrain_20260413\hq_sam_outputs_batch\roi_crops_peak_hysteresis_h0.5_l0.2_merge3bridge0.1_seed=0_sam_hq_vit_tiny\combined_overlay_gallery_flat\2D\2026_03_11-09_27_12-443.png,C:\ai\AnomalyDINO\results_CUSTOM\dinov3_vitb16_688\8-shot_preprocess=force_no_mask_no_rotation_bestsearch8_fast20greedy_maxanomap_res688_evaltrain_20260413\hq_sam_outputs_batch\roi_crops_peak_hysteresis_h0.5_l0.2_merge3bridge0.1_seed=0_sam_hq_vit_tiny\test\bad\2D\2026_03_11-09_27_12-443\combined_overlay.png,,440,135,508,203,0.7223372459411621,3130,4,0.0016611295681063123,0.05921536684036255,0.051647961139678955,0.05921536684036255
test/bad/2D/2026_03_11-09_27_20-420.png__roi_000,,,test/bad/2D/2026_03_11-09_27_20-420.png,test/bad/2D/2026_03_11-09_27_20-420.png,0,normalmap,custom_eval,C:\anomalydino_data_single_object_normalmap\normalmap\test\bad\2D\2026_03_11-09_27_20-420.png,C:\ai\AnomalyDINO\results_CUSTOM\dinov3_vitb16_688\8-shot_preprocess=force_no_mask_no_rotation_bestsearch8_fast20greedy_maxanomap_res688_evaltrain_20260413\hq_sam_outputs_batch\roi_crops_peak_hysteresis_h0.5_l0.2_merge3bridge0.1_seed=0_sam_hq_vit_tiny\combined_overlay_gallery_flat\2D\2026_03_11-09_27_20-420.png,C:\ai\AnomalyDINO\results_CUSTOM\dinov3_vitb16_688\8-shot_preprocess=force_no_mask_no_rotation_bestsearch8_fast20greedy_maxanomap_res688_evaltrain_20260413\hq_sam_outputs_batch\roi_crops_peak_hysteresis_h0.5_l0.2_merge3bridge0.1_seed=0_sam_hq_vit_tiny\test\bad\2D\2026_03_11-09_27_20-420\combined_overlay.png,,610,339,711,440,0.8095918893814087,4251,8,0.0033222591362126247,0.09802642464637756,0.4192153215408325,0.09802642464637756
test/bad/2D/2026_03_11-09_27_20-420.png__roi_001,,,test/bad/2D/2026_03_11-09_27_20-420.png,test/bad/2D/2026_03_11-09_27_20-420.png,1,normalmap,custom_eval,C:\anomalydino_data_single_object_normalmap\normalmap\test\bad\2D\2026_03_11-09_27_20-420.png,C:\ai\AnomalyDINO\results_CUSTOM\dinov3_vitb16_688\8-shot_preprocess=force_no_mask_no_rotation_bestsearch8_fast20greedy_maxanomap_res688_evaltrain_20260413\hq_sam_outputs_batch\roi_crops_peak_hysteresis_h0.5_l0.2_merge3bridge0.1_seed=0_sam_hq_vit_tiny\combined_overlay_gallery_flat\2D\2026_03_11-09_27_20-420.png,C:\ai\AnomalyDINO\results_CUSTOM\dinov3_vitb16_688\8-shot_preprocess=force_no_mask_no_rotation_bestsearch8_fast20greedy_maxanomap_res688_evaltrain_20260413\hq_sam_outputs_batch\roi_crops_peak_hysteresis_h0.5_l0.2_merge3bridge0.1_seed=0_sam_hq_vit_tiny\test\bad\2D\2026_03_11-09_27_20-420\combined_overlay.png,,1795,271,1829,339,0.8258591890335083,1095,4,0.0016611295681063123,0.07615840435028076,0.11551564931869507,0.07615840435028076
test/bad/2D/2026_03_11-09_27_20-420.png__roi_002,,,test/bad/2D/2026_03_11-09_27_20-420.png,test/bad/2D/2026_03_11-09_27_20-420.png,2,normalmap,custom_eval,C:\anomalydino_data_single_object_normalmap\normalmap\test\bad\2D\2026_03_11-09_27_20-420.png,C:\ai\AnomalyDINO\results_CUSTOM\dinov3_vitb16_688\8-shot_preprocess=force_no_mask_no_rotation_bestsearch8_fast20greedy_maxanomap_res688_evaltrain_20260413\hq_sam_outputs_batch\roi_crops_peak_hysteresis_h0.5_l0.2_merge3bridge0.1_seed=0_sam_hq_vit_tiny\combined_overlay_gallery_flat\2D\2026_03_11-09_27_20-420.png,C:\ai\AnomalyDINO\results_CUSTOM\dinov3_vitb16_688\8-shot_preprocess=force_no_mask_no_rotation_bestsearch8_fast20greedy_maxanomap_res688_evaltrain_20260413\hq_sam_outputs_batch\roi_crops_peak_hysteresis_h0.5_l0.2_merge3bridge0.1_seed=0_sam_hq_vit_tiny\test\bad\2D\2026_03_11-09_27_20-420\combined_overlay.png,,373,1016,406,1084,0.7312924265861511,1032,2,0.0008305647840531562,0.05825221538543701,0.09098252654075623,0.05825221538543701
test/bad/2D/2026_03_11-09_27_28-009.png__roi_000,,,test/bad/2D/2026_03_11-09_27_28-009.png,test/bad/2D/2026_03_11-09_27_28-009.png,0,normalmap,custom_eval,C:\anomalydino_data_single_object_normalmap\normalmap\test\bad\2D\2026_03_11-09_27_28-009.png,C:\ai\AnomalyDINO\results_CUSTOM\dinov3_vitb16_688\8-shot_preprocess=force_no_mask_no_rotation_bestsearch8_fast20greedy_maxanomap_res688_evaltrain_20260413\hq_sam_outputs_batch\roi_crops_peak_hysteresis_h0.5_l0.2_merge3bridge0.1_seed=0_sam_hq_vit_tiny\combined_overlay_gallery_flat\2D\2026_03_11-09_27_28-009.png,C:\ai\AnomalyDINO\results_CUSTOM\dinov3_vitb16_688\8-shot_preprocess=force_no_mask_no_rotation_bestsearch8_fast20greedy_maxanomap_res688_evaltrain_20260413\hq_sam_outputs_batch\roi_crops_peak_hysteresis_h0.5_l0.2_merge3bridge0.1_seed=0_sam_hq_vit_tiny\test\bad\2D\2026_03_11-09_27_28-009\combined_overlay.png,,576,339,711,440,0.8827477097511292,2477,8,0.0033222591362126247,0.15751999616622925,0.4098430275917053,0.15751999616622925
test/bad/2D/2026_03_11-09_27_34-128.png__roi_000,,,test/bad/2D/2026_03_11-09_27_34-128.png,test/bad/2D/2026_03_11-09_27_34-128.png,0,normalmap,custom_eval,C:\anomalydino_data_single_object_normalmap\normalmap\test\bad\2D\2026_03_11-09_27_34-128.png,C:\ai\AnomalyDINO\results_CUSTOM\dinov3_vitb16_688\8-shot_preprocess=force_no_mask_no_rotation_bestsearch8_fast20greedy_maxanomap_res688_evaltrain_20260413\hq_sam_outputs_batch\roi_crops_peak_hysteresis_h0.5_l0.2_merge3bridge0.1_seed=0_sam_hq_vit_tiny\combined_overlay_gallery_flat\2D\2026_03_11-09_27_34-128.png,C:\ai\AnomalyDINO\results_CUSTOM\dinov3_vitb16_688\8-shot_preprocess=force_no_mask_no_rotation_bestsearch8_fast20greedy_maxanomap_res688_evaltrain_20260413\hq_sam_outputs_batch\roi_crops_peak_hysteresis_h0.5_l0.2_merge3bridge0.1_seed=0_sam_hq_vit_tiny\test\bad\2D\2026_03_11-09_27_34-128\combined_overlay.png,,237,609,440,1253,0.886567234992981,54438,76,0.03156146179401993,0.14698728919029236,2.575852483510971,0.14698728919029236
test/bad/2D/2026_03_11-09_27_34-128.png__roi_001,,,test/bad/2D/2026_03_11-09_27_34-128.png,test/bad/2D/2026_03_11-09_27_34-128.png,1,normalmap,custom_eval,C:\anomalydino_data_single_object_normalmap\normalmap\test\bad\2D\2026_03_11-09_27_34-128.png,C:\ai\AnomalyDINO\results_CUSTOM\dinov3_vitb16_688\8-shot_preprocess=force_no_mask_no_rotation_bestsearch8_fast20greedy_maxanomap_res688_evaltrain_20260413\hq_sam_outputs_batch\roi_crops_peak_hysteresis_h0.5_l0.2_merge3bridge0.1_seed=0_sam_hq_vit_tiny\combined_overlay_gallery_flat\2D\2026_03_11-09_27_34-128.png,C:\ai\AnomalyDINO\results_CUSTOM\dinov3_vitb16_688\8-shot_preprocess=force_no_mask_no_rotation_bestsearch8_fast20greedy_maxanomap_res688_evaltrain_20260413\hq_sam_outputs_batch\roi_crops_peak_hysteresis_h0.5_l0.2_merge3bridge0.1_seed=0_sam_hq_vit_tiny\test\bad\2D\2026_03_11-09_27_34-128\combined_overlay.png,,610,271,915,576,0.7180416584014893,64303,73,0.0303156146179402,0.13032734394073486,2.1176256984472275,0.13032734394073486
test/bad/2D/2026_03_11-09_27_34-128.png__roi_002,,,test/bad/2D/2026_03_11-09_27_34-128.png,test/bad/2D/2026_03_11-09_27_34-128.png,2,normalmap,custom_eval,C:\anomalydino_data_single_object_normalmap\normalmap\test\bad\2D\2026_03_11-09_27_34-128.png,C:\ai\AnomalyDINO\results_CUSTOM\dinov3_vitb16_688\8-shot_preprocess=force_no_mask_no_rotation_bestsearch8_fast20greedy_maxanomap_res688_evaltrain_20260413\hq_sam_outputs_batch\roi_crops_peak_hysteresis_h0.5_l0.2_merge3bridge0.1_seed=0_sam_hq_vit_tiny\combined_overlay_gallery_flat\2D\2026_03_11-09_27_34-128.png,C:\ai\AnomalyDINO\results_CUSTOM\dinov3_vitb16_688\8-shot_preprocess=force_no_mask_no_rotation_bestsearch8_fast20greedy_maxanomap_res688_evaltrain_20260413\hq_sam_outputs_batch\roi_crops_peak_hysteresis_h0.5_l0.2_merge3bridge0.1_seed=0_sam_hq_vit_tiny\test\bad\2D\2026_03_11-09_27_34-128\combined_overlay.png,,1186,305,1456,542,0.7911763787269592,25292,33,0.013704318936877076,0.11446636915206909,1.0927784442901611,0.11446636915206909
test/bad/2D/2026_03_11-09_27_34-128.png__roi_003,,,test/bad/2D/2026_03_11-09_27_34-128.png,test/bad/2D/2026_03_11-09_27_34-128.png,3,normalmap,custom_eval,C:\anomalydino_data_single_object_normalmap\normalmap\test\bad\2D\2026_03_11-09_27_34-128.png,C:\ai\AnomalyDINO\results_CUSTOM\dinov3_vitb16_688\8-shot_preprocess=force_no_mask_no_rotation_bestsearch8_fast20greedy_maxanomap_res688_evaltrain_20260413\hq_sam_outputs_batch\roi_crops_peak_hysteresis_h0.5_l0.2_merge3bridge0.1_seed=0_sam_hq_vit_tiny\combined_overlay_gallery_flat\2D\2026_03_11-09_27_34-128.png,C:\ai\AnomalyDINO\results_CUSTOM\dinov3_vitb16_688\8-shot_preprocess=force_no_mask_no_rotation_bestsearch8_fast20greedy_maxanomap_res688_evaltrain_20260413\hq_sam_outputs_batch\roi_crops_peak_hysteresis_h0.5_l0.2_merge3bridge0.1_seed=0_sam_hq_vit_tiny\test\bad\2D\2026_03_11-09_27_34-128\combined_overlay.png,,169,677,237,914,0.6312198638916016,5873,13,0.005398671096345515,0.10006701946258545,0.3338213264942169,0.10006701946258545
test/bad/2D/2026_03_11-09_27_34-128.png__roi_004,,,test/bad/2D/2026_03_11-09_27_34-128.png,test/bad/2D/2026_03_11-09_27_34-128.png,4,normalmap,custom_eval,C:\anomalydino_data_single_object_normalmap\normalmap\test\bad\2D\2026_03_11-09_27_34-128.png,C:\ai\AnomalyDINO\results_CUSTOM\dinov3_vitb16_688\8-shot_preprocess=force_no_mask_no_rotation_bestsearch8_fast20greedy_maxanomap_res688_evaltrain_20260413\hq_sam_outputs_batch\roi_crops_peak_hysteresis_h0.5_l0.2_merge3bridge0.1_seed=0_sam_hq_vit_tiny\combined_overlay_gallery_flat\2D\2026_03_11-09_27_34-128.png,C:\ai\AnomalyDINO\results_CUSTOM\dinov3_vitb16_688\8-shot_preprocess=force_no_mask_no_rotation_bestsearch8_fast20greedy_maxanomap_res688_evaltrain_20260413\hq_sam_outputs_batch\roi_crops_peak_hysteresis_h0.5_l0.2_merge3bridge0.1_seed=0_sam_hq_vit_tiny\test\bad\2D\2026_03_11-09_27_34-128\combined_overlay.png,,1795,169,1863,237,0.7344318628311157,2933,7,0.0029069767441860465,0.07850766181945801,0.2001875638961792,0.07850766181945801
test/bad/2D/2026_03_11-09_27_41-081.png__roi_000,,,test/bad/2D/2026_03_11-09_27_41-081.png,test/bad/2D/2026_03_11-09_27_41-081.png,0,normalmap,custom_eval,C:\anomalydino_data_single_object_normalmap\normalmap\test\bad\2D\2026_03_11-09_27_41-081.png,C:\ai\AnomalyDINO\results_CUSTOM\dinov3_vitb16_688\8-shot_preprocess=force_no_mask_no_rotation_bestsearch8_fast20greedy_maxanomap_res688_evaltrain_20260413\hq_sam_outputs_batch\roi_crops_peak_hysteresis_h0.5_l0.2_merge3bridge0.1_seed=0_sam_hq_vit_tiny\combined_overlay_gallery_flat\2D\2026_03_11-09_27_41-081.png,C:\ai\AnomalyDINO\results_CUSTOM\dinov3_vitb16_688\8-shot_preprocess=force_no_mask_no_rotation_bestsearch8_fast20greedy_maxanomap_res688_evaltrain_20260413\hq_sam_outputs_batch\roi_crops_peak_hysteresis_h0.5_l0.2_merge3bridge0.1_seed=0_sam_hq_vit_tiny\test\bad\2D\2026_03_11-09_27_41-081\combined_overlay.png,,1219,68,1558,339,0.6111138463020325,85151,90,0.03737541528239203,0.07913458347320557,1.085635483264923,0.07913458347320557
test/bad/2D/2026_03_11-09_27_41-081.png__roi_001,,,test/bad/2D/2026_03_11-09_27_41-081.png,test/bad/2D/2026_03_11-09_27_41-081.png,1,normalmap,custom_eval,C:\anomalydino_data_single_object_normalmap\normalmap\test\bad\2D\2026_03_11-09_27_41-081.png,C:\ai\AnomalyDINO\results_CUSTOM\dinov3_vitb16_688\8-shot_preprocess=force_no_mask_no_rotation_bestsearch8_fast20greedy_maxanomap_res688_evaltrain_20260413\hq_sam_outputs_batch\roi_crops_peak_hysteresis_h0.5_l0.2_merge3bridge0.1_seed=0_sam_hq_vit_tiny\combined_overlay_gallery_flat\2D\2026_03_11-09_27_41-081.png,C:\ai\AnomalyDINO\results_CUSTOM\dinov3_vitb16_688\8-shot_preprocess=force_no_mask_no_rotation_bestsearch8_fast20greedy_maxanomap_res688_evaltrain_20260413\hq_sam_outputs_batch\roi_crops_peak_hysteresis_h0.5_l0.2_merge3bridge0.1_seed=0_sam_hq_vit_tiny\test\bad\2D\2026_03_11-09_27_41-081\combined_overlay.png,,610,271,677,372,0.7726324200630188,3732,6,0.0024916943521594683,0.0654534101486206,0.12732753157615662,0.0654534101486206
test/bad/2D/2026_03_11-09_27_48-249.png__roi_000,,,test/bad/2D/2026_03_11-09_27_48-249.png,test/bad/2D/2026_03_11-09_27_48-249.png,0,normalmap,custom_eval,C:\anomalydino_data_single_object_normalmap\normalmap\test\bad\2D\2026_03_11-09_27_48-249.png,C:\ai\AnomalyDINO\results_CUSTOM\dinov3_vitb16_688\8-shot_preprocess=force_no_mask_no_rotation_bestsearch8_fast20greedy_maxanomap_res688_evaltrain_20260413\hq_sam_outputs_batch\roi_crops_peak_hysteresis_h0.5_l0.2_merge3bridge0.1_seed=0_sam_hq_vit_tiny\combined_overlay_gallery_flat\2D\2026_03_11-09_27_48-249.png,C:\ai\AnomalyDINO\results_CUSTOM\dinov3_vitb16_688\8-shot_preprocess=force_no_mask_no_rotation_bestsearch8_fast20greedy_maxanomap_res688_evaltrain_20260413\hq_sam_outputs_batch\roi_crops_peak_hysteresis_h0.5_l0.2_merge3bridge0.1_seed=0_sam_hq_vit_tiny\test\bad\2D\2026_03_11-09_27_48-249\combined_overlay.png,,68,34,474,1050,0.6699091196060181,289721,296,0.12292358803986711,0.12338191270828247,2.9883707612752914,0.12338191270828247
test/bad/2D/2026_03_11-09_27_48-249.png__roi_001,,,test/bad/2D/2026_03_11-09_27_48-249.png,test/bad/2D/2026_03_11-09_27_48-249.png,1,normalmap,custom_eval,C:\anomalydino_data_single_object_normalmap\normalmap\test\bad\2D\2026_03_11-09_27_48-249.png,C:\ai\AnomalyDINO\results_CUSTOM\dinov3_vitb16_688\8-shot_preprocess=force_no_mask_no_rotation_bestsearch8_fast20greedy_maxanomap_res688_evaltrain_20260413\hq_sam_outputs_batch\roi_crops_peak_hysteresis_h0.5_l0.2_merge3bridge0.1_seed=0_sam_hq_vit_tiny\combined_overlay_gallery_flat\2D\2026_03_11-09_27_48-249.png,C:\ai\AnomalyDINO\results_CUSTOM\dinov3_vitb16_688\8-shot_preprocess=force_no_mask_no_rotation_bestsearch8_fast20greedy_maxanomap_res688_evaltrain_20260413\hq_sam_outputs_batch\roi_crops_peak_hysteresis_h0.5_l0.2_merge3bridge0.1_seed=0_sam_hq_vit_tiny\test\bad\2D\2026_03_11-09_27_48-249\combined_overlay.png,,677,914,779,982,0.8161664009094238,1685,6,0.0024916943521594683,0.11855930089950562,0.21079474687576294,0.11855930089950562
test/bad/2D/2026_03_11-09_27_48-249.png__roi_002,,,test/bad/2D/2026_03_11-09_27_48-249.png,test/bad/2D/2026_03_11-09_27_48-249.png,2,normalmap,custom_eval,C:\anomalydino_data_single_object_normalmap\normalmap\test\bad\2D\2026_03_11-09_27_48-249.png,C:\ai\AnomalyDINO\results_CUSTOM\dinov3_vitb16_688\8-shot_preprocess=force_no_mask_no_rotation_bestsearch8_fast20greedy_maxanomap_res688_evaltrain_20260413\hq_sam_outputs_batch\roi_crops_peak_hysteresis_h0.5_l0.2_merge3bridge0.1_seed=0_sam_hq_vit_tiny\combined_overlay_gallery_flat\2D\2026_03_11-09_27_48-249.png,C:\ai\AnomalyDINO\results_CUSTOM\dinov3_vitb16_688\8-shot_preprocess=force_no_mask_no_rotation_bestsearch8_fast20greedy_maxanomap_res688_evaltrain_20260413\hq_sam_outputs_batch\roi_crops_peak_hysteresis_h0.5_l0.2_merge3bridge0.1_seed=0_sam_hq_vit_tiny\test\bad\2D\2026_03_11-09_27_48-249\combined_overlay.png,,576,305,677,372,0.8258458375930786,2561,6,0.0024916943521594683,0.11104792356491089,0.1906874179840088,0.11104792356491089
test/bad/2D/2026_03_11-09_27_48-249.png__roi_003,,,test/bad/2D/2026_03_11-09_27_48-249.png,test/bad/2D/2026_03_11-09_27_48-249.png,3,normalmap,custom_eval,C:\anomalydino_data_single_object_normalmap\normalmap\test\bad\2D\2026_03_11-09_27_48-249.png,C:\ai\AnomalyDINO\results_CUSTOM\dinov3_vitb16_688\8-shot_preprocess=force_no_mask_no_rotation_bestsearch8_fast20greedy_maxanomap_res688_evaltrain_20260413\hq_sam_outputs_batch\roi_crops_peak_hysteresis_h0.5_l0.2_merge3bridge0.1_seed=0_sam_hq_vit_tiny\combined_overlay_gallery_flat\2D\2026_03_11-09_27_48-249.png,C:\ai\AnomalyDINO\results_CUSTOM\dinov3_vitb16_688\8-shot_preprocess=force_no_mask_no_rotation_bestsearch8_fast20greedy_maxanomap_res688_evaltrain_20260413\hq_sam_outputs_batch\roi_crops_peak_hysteresis_h0.5_l0.2_merge3bridge0.1_seed=0_sam_hq_vit_tiny\test\bad\2D\2026_03_11-09_27_48-249\combined_overlay.png,,1016,576,1050,609,0.8154321312904358,643,2,0.0008305647840531562,0.08645254373550415,0.05404040217399597,0.08645254373550415
test/bad/2D/2026_03_11-09_27_48-249.png__roi_004,,,test/bad/2D/2026_03_11-09_27_48-249.png,test/bad/2D/2026_03_11-09_27_48-249.png,4,normalmap,custom_eval,C:\anomalydino_data_single_object_normalmap\normalmap\test\bad\2D\2026_03_11-09_27_48-249.png,C:\ai\AnomalyDINO\results_CUSTOM\dinov3_vitb16_688\8-shot_preprocess=force_no_mask_no_rotation_bestsearch8_fast20greedy_maxanomap_res688_evaltrain_20260413\hq_sam_outputs_batch\roi_crops_peak_hysteresis_h0.5_l0.2_merge3bridge0.1_seed=0_sam_hq_vit_tiny\combined_overlay_gallery_flat\2D\2026_03_11-09_27_48-249.png,C:\ai\AnomalyDINO\results_CUSTOM\dinov3_vitb16_688\8-shot_preprocess=force_no_mask_no_rotation_bestsearch8_fast20greedy_maxanomap_res688_evaltrain_20260413\hq_sam_outputs_batch\roi_crops_peak_hysteresis_h0.5_l0.2_merge3bridge0.1_seed=0_sam_hq_vit_tiny\test\bad\2D\2026_03_11-09_27_48-249\combined_overlay.png,,1219,576,1253,643,0.8336414098739624,771,2,0.0008305647840531562,0.07085132598876953,0.0752597451210022,0.07085132598876953
test/bad/2D/2026_03_11-09_27_55-264.png__roi_000,,,test/bad/2D/2026_03_11-09_27_55-264.png,test/bad/2D/2026_03_11-09_27_55-264.png,0,normalmap,custom_eval,C:\anomalydino_data_single_object_normalmap\normalmap\test\bad\2D\2026_03_11-09_27_55-264.png,C:\ai\AnomalyDINO\results_CUSTOM\dinov3_vitb16_688\8-shot_preprocess=force_no_mask_no_rotation_bestsearch8_fast20greedy_maxanomap_res688_evaltrain_20260413\hq_sam_outputs_batch\roi_crops_peak_hysteresis_h0.5_l0.2_merge3bridge0.1_seed=0_sam_hq_vit_tiny\combined_overlay_gallery_flat\2D\2026_03_11-09_27_55-264.png,C:\ai\AnomalyDINO\results_CUSTOM\dinov3_vitb16_688\8-shot_preprocess=force_no_mask_no_rotation_bestsearch8_fast20greedy_maxanomap_res688_evaltrain_20260413\hq_sam_outputs_batch\roi_crops_peak_hysteresis_h0.5_l0.2_merge3bridge0.1_seed=0_sam_hq_vit_tiny\test\bad\2D\2026_03_11-09_27_55-264\combined_overlay.png,,68,34,644,1185,0.81047523021698,563117,537,0.22300664451827243,0.13145583868026733,3.2885043770074844,0.13145583868026733
test/bad/2D/2026_03_11-09_27_55-264.png__roi_001,,,test/bad/2D/2026_03_11-09_27_55-264.png,test/bad/2D/2026_03_11-09_27_55-264.png,1,normalmap,custom_eval,C:\anomalydino_data_single_object_normalmap\normalmap\test\bad\2D\2026_03_11-09_27_55-264.png,C:\ai\AnomalyDINO\results_CUSTOM\dinov3_vitb16_688\8-shot_preprocess=force_no_mask_no_rotation_bestsearch8_fast20greedy_maxanomap_res688_evaltrain_20260413\hq_sam_outputs_batch\roi_crops_peak_hysteresis_h0.5_l0.2_merge3bridge0.1_seed=0_sam_hq_vit_tiny\combined_overlay_gallery_flat\2D\2026_03_11-09_27_55-264.png,C:\ai\AnomalyDINO\results_CUSTOM\dinov3_vitb16_688\8-shot_preprocess=force_no_mask_no_rotation_bestsearch8_fast20greedy_maxanomap_res688_evaltrain_20260413\hq_sam_outputs_batch\roi_crops_peak_hysteresis_h0.5_l0.2_merge3bridge0.1_seed=0_sam_hq_vit_tiny\test\bad\2D\2026_03_11-09_27_55-264\combined_overlay.png,,1253,34,1863,576,0.48959237337112427,130287,150,0.06229235880398671,0.12422788143157959,2.4506285041570663,0.12422788143157959
test/bad/2D/2026_03_11-09_27_55-264.png__roi_002,,,test/bad/2D/2026_03_11-09_27_55-264.png,test/bad/2D/2026_03_11-09_27_55-264.png,2,normalmap,custom_eval,C:\anomalydino_data_single_object_normalmap\normalmap\test\bad\2D\2026_03_11-09_27_55-264.png,C:\ai\AnomalyDINO\results_CUSTOM\dinov3_vitb16_688\8-shot_preprocess=force_no_mask_no_rotation_bestsearch8_fast20greedy_maxanomap_res688_evaltrain_20260413\hq_sam_outputs_batch\roi_crops_peak_hysteresis_h0.5_l0.2_merge3bridge0.1_seed=0_sam_hq_vit_tiny\combined_overlay_gallery_flat\2D\2026_03_11-09_27_55-264.png,C:\ai\AnomalyDINO\results_CUSTOM\dinov3_vitb16_688\8-shot_preprocess=force_no_mask_no_rotation_bestsearch8_fast20greedy_maxanomap_res688_evaltrain_20260413\hq_sam_outputs_batch\roi_crops_peak_hysteresis_h0.5_l0.2_merge3bridge0.1_seed=0_sam_hq_vit_tiny\test\bad\2D\2026_03_11-09_27_55-264\combined_overlay.png,,1592,779,1626,813,0.7374722957611084,359,1,0.0004152823920265781,0.08951210975646973,0.05840620398521423,0.08951210975646973
test/bad/2D/2026_03_11-09_27_55-264.png__roi_003,,,test/bad/2D/2026_03_11-09_27_55-264.png,test/bad/2D/2026_03_11-09_27_55-264.png,3,normalmap,custom_eval,C:\anomalydino_data_single_object_normalmap\normalmap\test\bad\2D\2026_03_11-09_27_55-264.png,C:\ai\AnomalyDINO\results_CUSTOM\dinov3_vitb16_688\8-shot_preprocess=force_no_mask_no_rotation_bestsearch8_fast20greedy_maxanomap_res688_evaltrain_20260413\hq_sam_outputs_batch\roi_crops_peak_hysteresis_h0.5_l0.2_merge3bridge0.1_seed=0_sam_hq_vit_tiny\combined_overlay_gallery_flat\2D\2026_03_11-09_27_55-264.png,C:\ai\AnomalyDINO\results_CUSTOM\dinov3_vitb16_688\8-shot_preprocess=force_no_mask_no_rotation_bestsearch8_fast20greedy_maxanomap_res688_evaltrain_20260413\hq_sam_outputs_batch\roi_crops_peak_hysteresis_h0.5_l0.2_merge3bridge0.1_seed=0_sam_hq_vit_tiny\test\bad\2D\2026_03_11-09_27_55-264\combined_overlay.png,,644,203,711,305,0.600603461265564,5495,8,0.0033222591362126247,0.07629308104515076,0.16006243228912354,0.07629308104515076
test/bad/2D/2026_03_11-09_27_55-264.png__roi_004,,,test/bad/2D/2026_03_11-09_27_55-264.png,test/bad/2D/2026_03_11-09_27_55-264.png,4,normalmap,custom_eval,C:\anomalydino_data_single_object_normalmap\normalmap\test\bad\2D\2026_03_11-09_27_55-264.png,C:\ai\AnomalyDINO\results_CUSTOM\dinov3_vitb16_688\8-shot_preprocess=force_no_mask_no_rotation_bestsearch8_fast20greedy_maxanomap_res688_evaltrain_20260413\hq_sam_outputs_batch\roi_crops_peak_hysteresis_h0.5_l0.2_merge3bridge0.1_seed=0_sam_hq_vit_tiny\combined_overlay_gallery_flat\2D\2026_03_11-09_27_55-264.png,C:\ai\AnomalyDINO\results_CUSTOM\dinov3_vitb16_688\8-shot_preprocess=force_no_mask_no_rotation_bestsearch8_fast20greedy_maxanomap_res688_evaltrain_20260413\hq_sam_outputs_batch\roi_crops_peak_hysteresis_h0.5_l0.2_merge3bridge0.1_seed=0_sam_hq_vit_tiny\test\bad\2D\2026_03_11-09_27_55-264\combined_overlay.png,,677,34,745,135,0.5857460498809814,3892,7,0.0029069767441860465,0.07515907287597656,0.0986153781414032,0.07515907287597656
test/bad/2D/2026_03_11-09_27_55-264.png__roi_005,,,test/bad/2D/2026_03_11-09_27_55-264.png,test/bad/2D/2026_03_11-09_27_55-264.png,5,normalmap,custom_eval,C:\anomalydino_data_single_object_normalmap\normalmap\test\bad\2D\2026_03_11-09_27_55-264.png,C:\ai\AnomalyDINO\results_CUSTOM\dinov3_vitb16_688\8-shot_preprocess=force_no_mask_no_rotation_bestsearch8_fast20greedy_maxanomap_res688_evaltrain_20260413\hq_sam_outputs_batch\roi_crops_peak_hysteresis_h0.5_l0.2_merge3bridge0.1_seed=0_sam_hq_vit_tiny\combined_overlay_gallery_flat\2D\2026_03_11-09_27_55-264.png,C:\ai\AnomalyDINO\results_CUSTOM\dinov3_vitb16_688\8-shot_preprocess=force_no_mask_no_rotation_bestsearch8_fast20greedy_maxanomap_res688_evaltrain_20260413\hq_sam_outputs_batch\roi_crops_peak_hysteresis_h0.5_l0.2_merge3bridge0.1_seed=0_sam_hq_vit_tiny\test\bad\2D\2026_03_11-09_27_55-264\combined_overlay.png,,1592,1219,1660,1287,0.6607016324996948,2468,7,0.0029069767441860465,0.0745837390422821,0.09776808321475983,0.0745837390422821
test/bad/2D/2026_03_11-09_27_55-264.png__roi_006,,,test/bad/2D/2026_03_11-09_27_55-264.png,test/bad/2D/2026_03_11-09_27_55-264.png,6,normalmap,custom_eval,C:\anomalydino_data_single_object_normalmap\normalmap\test\bad\2D\2026_03_11-09_27_55-264.png,C:\ai\AnomalyDINO\results_CUSTOM\dinov3_vitb16_688\8-shot_preprocess=force_no_mask_no_rotation_bestsearch8_fast20greedy_maxanomap_res688_evaltrain_20260413\hq_sam_outputs_batch\roi_crops_peak_hysteresis_h0.5_l0.2_merge3bridge0.1_seed=0_sam_hq_vit_tiny\combined_overlay_gallery_flat\2D\2026_03_11-09_27_55-264.png,C:\ai\AnomalyDINO\results_CUSTOM\dinov3_vitb16_688\8-shot_preprocess=force_no_mask_no_rotation_bestsearch8_fast20greedy_maxanomap_res688_evaltrain_20260413\hq_sam_outputs_batch\roi_crops_peak_hysteresis_h0.5_l0.2_merge3bridge0.1_seed=0_sam_hq_vit_tiny\test\bad\2D\2026_03_11-09_27_55-264\combined_overlay.png,,948,948,982,1016,0.6948765516281128,993,3,0.0012458471760797341,0.06382018327713013,0.05526620149612427,0.06382018327713013
test/bad/2D/2026_03_11-09_28_02-828.png__roi_000,,,test/bad/2D/2026_03_11-09_28_02-828.png,test/bad/2D/2026_03_11-09_28_02-828.png,0,normalmap,custom_eval,C:\anomalydino_data_single_object_normalmap\normalmap\test\bad\2D\2026_03_11-09_28_02-828.png,C:\ai\AnomalyDINO\results_CUSTOM\dinov3_vitb16_688\8-shot_preprocess=force_no_mask_no_rotation_bestsearch8_fast20greedy_maxanomap_res688_evaltrain_20260413\hq_sam_outputs_batch\roi_crops_peak_hysteresis_h0.5_l0.2_merge3bridge0.1_seed=0_sam_hq_vit_tiny\combined_overlay_gallery_flat\2D\2026_03_11-09_28_02-828.png,C:\ai\AnomalyDINO\results_CUSTOM\dinov3_vitb16_688\8-shot_preprocess=force_no_mask_no_rotation_bestsearch8_fast20greedy_maxanomap_res688_evaltrain_20260413\hq_sam_outputs_batch\roi_crops_peak_hysteresis_h0.5_l0.2_merge3bridge0.1_seed=0_sam_hq_vit_tiny\test\bad\2D\2026_03_11-09_28_02-828\combined_overlay.png,,1287,1219,1389,1287,0.9306644201278687,2857,5,0.0020764119601328905,0.1335749328136444,0.39848853647708893,0.1335749328136444
test/bad/2D/2026_03_11-09_28_02-828.png__roi_001,,,test/bad/2D/2026_03_11-09_28_02-828.png,test/bad/2D/2026_03_11-09_28_02-828.png,1,normalmap,custom_eval,C:\anomalydino_data_single_object_normalmap\normalmap\test\bad\2D\2026_03_11-09_28_02-828.png,C:\ai\AnomalyDINO\results_CUSTOM\dinov3_vitb16_688\8-shot_preprocess=force_no_mask_no_rotation_bestsearch8_fast20greedy_maxanomap_res688_evaltrain_20260413\hq_sam_outputs_batch\roi_crops_peak_hysteresis_h0.5_l0.2_merge3bridge0.1_seed=0_sam_hq_vit_tiny\combined_overlay_gallery_flat\2D\2026_03_11-09_28_02-828.png,C:\ai\AnomalyDINO\results_CUSTOM\dinov3_vitb16_688\8-shot_preprocess=force_no_mask_no_rotation_bestsearch8_fast20greedy_maxanomap_res688_evaltrain_20260413\hq_sam_outputs_batch\roi_crops_peak_hysteresis_h0.5_l0.2_merge3bridge0.1_seed=0_sam_hq_vit_tiny\test\bad\2D\2026_03_11-09_28_02-828\combined_overlay.png,,339,203,406,305,0.9013693928718567,2045,6,0.0024916943521594683,0.10176855325698853,0.24478885531425476,0.10176855325698853
test/bad/2D/2026_03_11-09_28_02-828.png__roi_002,,,test/bad/2D/2026_03_11-09_28_02-828.png,test/bad/2D/2026_03_11-09_28_02-828.png,2,normalmap,custom_eval,C:\anomalydino_data_single_object_normalmap\normalmap\test\bad\2D\2026_03_11-09_28_02-828.png,C:\ai\AnomalyDINO\results_CUSTOM\dinov3_vitb16_688\8-shot_preprocess=force_no_mask_no_rotation_bestsearch8_fast20greedy_maxanomap_res688_evaltrain_20260413\hq_sam_outputs_batch\roi_crops_peak_hysteresis_h0.5_l0.2_merge3bridge0.1_seed=0_sam_hq_vit_tiny\combined_overlay_gallery_flat\2D\2026_03_11-09_28_02-828.png,C:\ai\AnomalyDINO\results_CUSTOM\dinov3_vitb16_688\8-shot_preprocess=force_no_mask_no_rotation_bestsearch8_fast20greedy_maxanomap_res688_evaltrain_20260413\hq_sam_outputs_batch\roi_crops_peak_hysteresis_h0.5_l0.2_merge3bridge0.1_seed=0_sam_hq_vit_tiny\test\bad\2D\2026_03_11-09_28_02-828\combined_overlay.png,,576,237,644,305,0.8002627491950989,2233,4,0.0016611295681063123,0.07950282096862793,0.1415291428565979,0.07950282096862793
test/bad/2D/2026_03_11-09_28_02-828.png__roi_003,,,test/bad/2D/2026_03_11-09_28_02-828.png,test/bad/2D/2026_03_11-09_28_02-828.png,3,normalmap,custom_eval,C:\anomalydino_data_single_object_normalmap\normalmap\test\bad\2D\2026_03_11-09_28_02-828.png,C:\ai\AnomalyDINO\results_CUSTOM\dinov3_vitb16_688\8-shot_preprocess=force_no_mask_no_rotation_bestsearch8_fast20greedy_maxanomap_res688_evaltrain_20260413\hq_sam_outputs_batch\roi_crops_peak_hysteresis_h0.5_l0.2_merge3bridge0.1_seed=0_sam_hq_vit_tiny\combined_overlay_gallery_flat\2D\2026_03_11-09_28_02-828.png,C:\ai\AnomalyDINO\results_CUSTOM\dinov3_vitb16_688\8-shot_preprocess=force_no_mask_no_rotation_bestsearch8_fast20greedy_maxanomap_res688_evaltrain_20260413\hq_sam_outputs_batch\roi_crops_peak_hysteresis_h0.5_l0.2_merge3bridge0.1_seed=0_sam_hq_vit_tiny\test\bad\2D\2026_03_11-09_28_02-828\combined_overlay.png,,1761,508,1795,542,0.6624548435211182,555,2,0.0008305647840531562,0.07761192321777344,0.06318549811840057,0.07761192321777344
test/bad/2D/2026_03_11-09_28_02-828.png__roi_004,,,test/bad/2D/2026_03_11-09_28_02-828.png,test/bad/2D/2026_03_11-09_28_02-828.png,4,normalmap,custom_eval,C:\anomalydino_data_single_object_normalmap\normalmap\test\bad\2D\2026_03_11-09_28_02-828.png,C:\ai\AnomalyDINO\results_CUSTOM\dinov3_vitb16_688\8-shot_preprocess=force_no_mask_no_rotation_bestsearch8_fast20greedy_maxanomap_res688_evaltrain_20260413\hq_sam_outputs_batch\roi_crops_peak_hysteresis_h0.5_l0.2_merge3bridge0.1_seed=0_sam_hq_vit_tiny\combined_overlay_gallery_flat\2D\2026_03_11-09_28_02-828.png,C:\ai\AnomalyDINO\results_CUSTOM\dinov3_vitb16_688\8-shot_preprocess=force_no_mask_no_rotation_bestsearch8_fast20greedy_maxanomap_res688_evaltrain_20260413\hq_sam_outputs_batch\roi_crops_peak_hysteresis_h0.5_l0.2_merge3bridge0.1_seed=0_sam_hq_vit_tiny\test\bad\2D\2026_03_11-09_28_02-828\combined_overlay.png,,1253,68,1829,440,0.6822600364685059,168294,183,0.07599667774086379,0.06917881965637207,1.2867275476455688,0.06917881965637207
test/bad/2D/2026_03_11-09_28_10-143.png__roi_000,,,test/bad/2D/2026_03_11-09_28_10-143.png,test/bad/2D/2026_03_11-09_28_10-143.png,0,normalmap,custom_eval,C:\anomalydino_data_single_object_normalmap\normalmap\test\bad\2D\2026_03_11-09_28_10-143.png,C:\ai\AnomalyDINO\results_CUSTOM\dinov3_vitb16_688\8-shot_preprocess=force_no_mask_no_rotation_bestsearch8_fast20greedy_maxanomap_res688_evaltrain_20260413\hq_sam_outputs_batch\roi_crops_peak_hysteresis_h0.5_l0.2_merge3bridge0.1_seed=0_sam_hq_vit_tiny\combined_overlay_gallery_flat\2D\2026_03_11-09_28_10-143.png,C:\ai\AnomalyDINO\results_CUSTOM\dinov3_vitb16_688\8-shot_preprocess=force_no_mask_no_rotation_bestsearch8_fast20greedy_maxanomap_res688_evaltrain_20260413\hq_sam_outputs_batch\roi_crops_peak_hysteresis_h0.5_l0.2_merge3bridge0.1_seed=0_sam_hq_vit_tiny\test\bad\2D\2026_03_11-09_28_10-143\combined_overlay.png,,102,68,677,745,0.7145456075668335,381601,373,0.15490033222591362,0.09427154064178467,1.3149220943450928,0.09427154064178467
test/bad/2D/2026_03_11-09_28_10-143.png__roi_001,,,test/bad/2D/2026_03_11-09_28_10-143.png,test/bad/2D/2026_03_11-09_28_10-143.png,1,normalmap,custom_eval,C:\anomalydino_data_single_object_normalmap\normalmap\test\bad\2D\2026_03_11-09_28_10-143.png,C:\ai\AnomalyDINO\results_CUSTOM\dinov3_vitb16_688\8-shot_preprocess=force_no_mask_no_rotation_bestsearch8_fast20greedy_maxanomap_res688_evaltrain_20260413\hq_sam_outputs_batch\roi_crops_peak_hysteresis_h0.5_l0.2_merge3bridge0.1_seed=0_sam_hq_vit_tiny\combined_overlay_gallery_flat\2D\2026_03_11-09_28_10-143.png,C:\ai\AnomalyDINO\results_CUSTOM\dinov3_vitb16_688\8-shot_preprocess=force_no_mask_no_rotation_bestsearch8_fast20greedy_maxanomap_res688_evaltrain_20260413\hq_sam_outputs_batch\roi_crops_peak_hysteresis_h0.5_l0.2_merge3bridge0.1_seed=0_sam_hq_vit_tiny\test\bad\2D\2026_03_11-09_28_10-143\combined_overlay.png,,711,1016,745,1050,0.6669659614562988,729,2,0.0008305647840531562,0.0762438178062439,0.05608978867530823,0.0762438178062439
test/bad/2D/2026_03_11-09_28_10-143.png__roi_002,,,test/bad/2D/2026_03_11-09_28_10-143.png,test/bad/2D/2026_03_11-09_28_10-143.png,2,normalmap,custom_eval,C:\anomalydino_data_single_object_normalmap\normalmap\test\bad\2D\2026_03_11-09_28_10-143.png,C:\ai\AnomalyDINO\results_CUSTOM\dinov3_vitb16_688\8-shot_preprocess=force_no_mask_no_rotation_bestsearch8_fast20greedy_maxanomap_res688_evaltrain_20260413\hq_sam_outputs_batch\roi_crops_peak_hysteresis_h0.5_l0.2_merge3bridge0.1_seed=0_sam_hq_vit_tiny\combined_overlay_gallery_flat\2D\2026_03_11-09_28_10-143.png,C:\ai\AnomalyDINO\results_CUSTOM\dinov3_vitb16_688\8-shot_preprocess=force_no_mask_no_rotation_bestsearch8_fast20greedy_maxanomap_res688_evaltrain_20260413\hq_sam_outputs_batch\roi_crops_peak_hysteresis_h0.5_l0.2_merge3bridge0.1_seed=0_sam_hq_vit_tiny\test\bad\2D\2026_03_11-09_28_10-143\combined_overlay.png,,1287,102,1389,237,0.55617356300354,7428,14,0.005813953488372093,0.07214003801345825,0.1874518096446991,0.07214003801345825
test/bad/2D/2026_03_11-09_28_10-143.png__roi_003,,,test/bad/2D/2026_03_11-09_28_10-143.png,test/bad/2D/2026_03_11-09_28_10-143.png,3,normalmap,custom_eval,C:\anomalydino_data_single_object_normalmap\normalmap\test\bad\2D\2026_03_11-09_28_10-143.png,C:\ai\AnomalyDINO\results_CUSTOM\dinov3_vitb16_688\8-shot_preprocess=force_no_mask_no_rotation_bestsearch8_fast20greedy_maxanomap_res688_evaltrain_20260413\hq_sam_outputs_batch\roi_crops_peak_hysteresis_h0.5_l0.2_merge3bridge0.1_seed=0_sam_hq_vit_tiny\combined_overlay_gallery_flat\2D\2026_03_11-09_28_10-143.png,C:\ai\AnomalyDINO\results_CUSTOM\dinov3_vitb16_688\8-shot_preprocess=force_no_mask_no_rotation_bestsearch8_fast20greedy_maxanomap_res688_evaltrain_20260413\hq_sam_outputs_batch\roi_crops_peak_hysteresis_h0.5_l0.2_merge3bridge0.1_seed=0_sam_hq_vit_tiny\test\bad\2D\2026_03_11-09_28_10-143\combined_overlay.png,,1287,542,1423,643,0.5749480724334717,5690,11,0.004568106312292359,0.06227511167526245,0.09495499730110168,0.06227511167526245
test/bad/2D/2026_03_11-09_28_24-237.png__roi_000,,,test/bad/2D/2026_03_11-09_28_24-237.png,test/bad/2D/2026_03_11-09_28_24-237.png,0,normalmap,custom_eval,C:\anomalydino_data_single_object_normalmap\normalmap\test\bad\2D\2026_03_11-09_28_24-237.png,C:\ai\AnomalyDINO\results_CUSTOM\dinov3_vitb16_688\8-shot_preprocess=force_no_mask_no_rotation_bestsearch8_fast20greedy_maxanomap_res688_evaltrain_20260413\hq_sam_outputs_batch\roi_crops_peak_hysteresis_h0.5_l0.2_merge3bridge0.1_seed=0_sam_hq_vit_tiny\combined_overlay_gallery_flat\2D\2026_03_11-09_28_24-237.png,C:\ai\AnomalyDINO\results_CUSTOM\dinov3_vitb16_688\8-shot_preprocess=force_no_mask_no_rotation_bestsearch8_fast20greedy_maxanomap_res688_evaltrain_20260413\hq_sam_outputs_batch\roi_crops_peak_hysteresis_h0.5_l0.2_merge3bridge0.1_seed=0_sam_hq_vit_tiny\test\bad\2D\2026_03_11-09_28_24-237\combined_overlay.png,,203,406,1727,1253,0.8622872829437256,561645,651,0.2703488372093023,0.10242587327957153,2.121454745531082,0.10242587327957153
test/bad/2D/2026_03_11-09_28_24-237.png__roi_001,,,test/bad/2D/2026_03_11-09_28_24-237.png,test/bad/2D/2026_03_11-09_28_24-237.png,1,normalmap,custom_eval,C:\anomalydino_data_single_object_normalmap\normalmap\test\bad\2D\2026_03_11-09_28_24-237.png,C:\ai\AnomalyDINO\results_CUSTOM\dinov3_vitb16_688\8-shot_preprocess=force_no_mask_no_rotation_bestsearch8_fast20greedy_maxanomap_res688_evaltrain_20260413\hq_sam_outputs_batch\roi_crops_peak_hysteresis_h0.5_l0.2_merge3bridge0.1_seed=0_sam_hq_vit_tiny\combined_overlay_gallery_flat\2D\2026_03_11-09_28_24-237.png,C:\ai\AnomalyDINO\results_CUSTOM\dinov3_vitb16_688\8-shot_preprocess=force_no_mask_no_rotation_bestsearch8_fast20greedy_maxanomap_res688_evaltrain_20260413\hq_sam_outputs_batch\roi_crops_peak_hysteresis_h0.5_l0.2_merge3bridge0.1_seed=0_sam_hq_vit_tiny\test\bad\2D\2026_03_11-09_28_24-237\combined_overlay.png,,373,34,1253,406,0.49939393997192383,255272,263,0.10921926910299003,0.09672915935516357,0.6478717029094696,0.09672915935516357
test/bad/2D/2026_03_11-09_28_24-237.png__roi_002,,,test/bad/2D/2026_03_11-09_28_24-237.png,test/bad/2D/2026_03_11-09_28_24-237.png,2,normalmap,custom_eval,C:\anomalydino_data_single_object_normalmap\normalmap\test\bad\2D\2026_03_11-09_28_24-237.png,C:\ai\AnomalyDINO\results_CUSTOM\dinov3_vitb16_688\8-shot_preprocess=force_no_mask_no_rotation_bestsearch8_fast20greedy_maxanomap_res688_evaltrain_20260413\hq_sam_outputs_batch\roi_crops_peak_hysteresis_h0.5_l0.2_merge3bridge0.1_seed=0_sam_hq_vit_tiny\combined_overlay_gallery_flat\2D\2026_03_11-09_28_24-237.png,C:\ai\AnomalyDINO\results_CUSTOM\dinov3_vitb16_688\8-shot_preprocess=force_no_mask_no_rotation_bestsearch8_fast20greedy_maxanomap_res688_evaltrain_20260413\hq_sam_outputs_batch\roi_crops_peak_hysteresis_h0.5_l0.2_merge3bridge0.1_seed=0_sam_hq_vit_tiny\test\bad\2D\2026_03_11-09_28_24-237\combined_overlay.png,,1321,68,1423,102,0.7195481061935425,4066,10,0.004152823920265781,0.08228453993797302,0.07609677314758301,0.08228453993797302
test/bad/2D/2026_03_11-09_28_24-237.png__roi_003,,,test/bad/2D/2026_03_11-09_28_24-237.png,test/bad/2D/2026_03_11-09_28_24-237.png,3,normalmap,custom_eval,C:\anomalydino_data_single_object_normalmap\normalmap\test\bad\2D\2026_03_11-09_28_24-237.png,C:\ai\AnomalyDINO\results_CUSTOM\dinov3_vitb16_688\8-shot_preprocess=force_no_mask_no_rotation_bestsearch8_fast20greedy_maxanomap_res688_evaltrain_20260413\hq_sam_outputs_batch\roi_crops_peak_hysteresis_h0.5_l0.2_merge3bridge0.1_seed=0_sam_hq_vit_tiny\combined_overlay_gallery_flat\2D\2026_03_11-09_28_24-237.png,C:\ai\AnomalyDINO\results_CUSTOM\dinov3_vitb16_688\8-shot_preprocess=force_no_mask_no_rotation_bestsearch8_fast20greedy_maxanomap_res688_evaltrain_20260413\hq_sam_outputs_batch\roi_crops_peak_hysteresis_h0.5_l0.2_merge3bridge0.1_seed=0_sam_hq_vit_tiny\test\bad\2D\2026_03_11-09_28_24-237\combined_overlay.png,,813,1253,1660,1422,0.5416322946548462,44738,84,0.03488372093023256,0.07067501544952393,2.1999297440052032,0.07067501544952393
test/bad/2D/2026_03_11-09_28_24-237.png__roi_004,,,test/bad/2D/2026_03_11-09_28_24-237.png,test/bad/2D/2026_03_11-09_28_24-237.png,4,normalmap,custom_eval,C:\anomalydino_data_single_object_normalmap\normalmap\test\bad\2D\2026_03_11-09_28_24-237.png,C:\ai\AnomalyDINO\results_CUSTOM\dinov3_vitb16_688\8-shot_preprocess=force_no_mask_no_rotation_bestsearch8_fast20greedy_maxanomap_res688_evaltrain_20260413\hq_sam_outputs_batch\roi_crops_peak_hysteresis_h0.5_l0.2_merge3bridge0.1_seed=0_sam_hq_vit_tiny\combined_overlay_gallery_flat\2D\2026_03_11-09_28_24-237.png,C:\ai\AnomalyDINO\results_CUSTOM\dinov3_vitb16_688\8-shot_preprocess=force_no_mask_no_rotation_bestsearch8_fast20greedy_maxanomap_res688_evaltrain_20260413\hq_sam_outputs_batch\roi_crops_peak_hysteresis_h0.5_l0.2_merge3bridge0.1_seed=0_sam_hq_vit_tiny\test\bad\2D\2026_03_11-09_28_24-237\combined_overlay.png,,1761,339,1829,406,0.7392501831054688,3537,7,0.0029069767441860465,0.06343775987625122,0.061151400208473206,0.06343775987625122
test/bad/2D/2026_03_11-09_28_24-237.png__roi_005,,,test/bad/2D/2026_03_11-09_28_24-237.png,test/bad/2D/2026_03_11-09_28_24-237.png,5,normalmap,custom_eval,C:\anomalydino_data_single_object_normalmap\normalmap\test\bad\2D\2026_03_11-09_28_24-237.png,C:\ai\AnomalyDINO\results_CUSTOM\dinov3_vitb16_688\8-shot_preprocess=force_no_mask_no_rotation_bestsearch8_fast20greedy_maxanomap_res688_evaltrain_20260413\hq_sam_outputs_batch\roi_crops_peak_hysteresis_h0.5_l0.2_merge3bridge0.1_seed=0_sam_hq_vit_tiny\combined_overlay_gallery_flat\2D\2026_03_11-09_28_24-237.png,C:\ai\AnomalyDINO\results_CUSTOM\dinov3_vitb16_688\8-shot_preprocess=force_no_mask_no_rotation_bestsearch8_fast20greedy_maxanomap_res688_evaltrain_20260413\hq_sam_outputs_batch\roi_crops_peak_hysteresis_h0.5_l0.2_merge3bridge0.1_seed=0_sam_hq_vit_tiny\test\bad\2D\2026_03_11-09_28_24-237\combined_overlay.png,,102,440,203,982,0.5170968770980835,16376,30,0.012458471760797342,0.05842655897140503,0.23236702382564545,0.05842655897140503
test/bad/2D/2026_03_11-09_28_31-632.png__roi_000,,,test/bad/2D/2026_03_11-09_28_31-632.png,test/bad/2D/2026_03_11-09_28_31-632.png,0,normalmap,custom_eval,C:\anomalydino_data_single_object_normalmap\normalmap\test\bad\2D\2026_03_11-09_28_31-632.png,C:\ai\AnomalyDINO\results_CUSTOM\dinov3_vitb16_688\8-shot_preprocess=force_no_mask_no_rotation_bestsearch8_fast20greedy_maxanomap_res688_evaltrain_20260413\hq_sam_outputs_batch\roi_crops_peak_hysteresis_h0.5_l0.2_merge3bridge0.1_seed=0_sam_hq_vit_tiny\combined_overlay_gallery_flat\2D\2026_03_11-09_28_31-632.png,C:\ai\AnomalyDINO\results_CUSTOM\dinov3_vitb16_688\8-shot_preprocess=force_no_mask_no_rotation_bestsearch8_fast20greedy_maxanomap_res688_evaltrain_20260413\hq_sam_outputs_batch\roi_crops_peak_hysteresis_h0.5_l0.2_merge3bridge0.1_seed=0_sam_hq_vit_tiny\test\bad\2D\2026_03_11-09_28_31-632\combined_overlay.png,,542,372,847,948,0.6808813810348511,103880,114,0.0473421926910299,0.14022526144981384,1.2597542107105255,0.14022526144981384
test/bad/2D/2026_03_11-09_28_38-808.png__roi_000,,,test/bad/2D/2026_03_11-09_28_38-808.png,test/bad/2D/2026_03_11-09_28_38-808.png,0,normalmap,custom_eval,C:\anomalydino_data_single_object_normalmap\normalmap\test\bad\2D\2026_03_11-09_28_38-808.png,C:\ai\AnomalyDINO\results_CUSTOM\dinov3_vitb16_688\8-shot_preprocess=force_no_mask_no_rotation_bestsearch8_fast20greedy_maxanomap_res688_evaltrain_20260413\hq_sam_outputs_batch\roi_crops_peak_hysteresis_h0.5_l0.2_merge3bridge0.1_seed=0_sam_hq_vit_tiny\combined_overlay_gallery_flat\2D\2026_03_11-09_28_38-808.png,C:\ai\AnomalyDINO\results_CUSTOM\dinov3_vitb16_688\8-shot_preprocess=force_no_mask_no_rotation_bestsearch8_fast20greedy_maxanomap_res688_evaltrain_20260413\hq_sam_outputs_batch\roi_crops_peak_hysteresis_h0.5_l0.2_merge3bridge0.1_seed=0_sam_hq_vit_tiny\test\bad\2D\2026_03_11-09_28_38-808\combined_overlay.png,,644,68,711,102,0.6837372779846191,2642,7,0.0029069767441860465,0.06748661398887634,0.0652768611907959,0.06748661398887634
test/bad/2D/2026_03_11-09_28_38-808.png__roi_001,,,test/bad/2D/2026_03_11-09_28_38-808.png,test/bad/2D/2026_03_11-09_28_38-808.png,1,normalmap,custom_eval,C:\anomalydino_data_single_object_normalmap\normalmap\test\bad\2D\2026_03_11-09_28_38-808.png,C:\ai\AnomalyDINO\results_CUSTOM\dinov3_vitb16_688\8-shot_preprocess=force_no_mask_no_rotation_bestsearch8_fast20greedy_maxanomap_res688_evaltrain_20260413\hq_sam_outputs_batch\roi_crops_peak_hysteresis_h0.5_l0.2_merge3bridge0.1_seed=0_sam_hq_vit_tiny\combined_overlay_gallery_flat\2D\2026_03_11-09_28_38-808.png,C:\ai\AnomalyDINO\results_CUSTOM\dinov3_vitb16_688\8-shot_preprocess=force_no_mask_no_rotation_bestsearch8_fast20greedy_maxanomap_res688_evaltrain_20260413\hq_sam_outputs_batch\roi_crops_peak_hysteresis_h0.5_l0.2_merge3bridge0.1_seed=0_sam_hq_vit_tiny\test\bad\2D\2026_03_11-09_28_38-808\combined_overlay.png,,1253,813,1558,1321,0.7869055867195129,28421,48,0.019933554817275746,0.05938750505447388,0.4527248740196228,0.05938750505447388
test/bad/2D/2026_03_11-09_28_45-346.png__roi_000,,,test/bad/2D/2026_03_11-09_28_45-346.png,test/bad/2D/2026_03_11-09_28_45-346.png,0,normalmap,custom_eval,C:\anomalydino_data_single_object_normalmap\normalmap\test\bad\2D\2026_03_11-09_28_45-346.png,C:\ai\AnomalyDINO\results_CUSTOM\dinov3_vitb16_688\8-shot_preprocess=force_no_mask_no_rotation_bestsearch8_fast20greedy_maxanomap_res688_evaltrain_20260413\hq_sam_outputs_batch\roi_crops_peak_hysteresis_h0.5_l0.2_merge3bridge0.1_seed=0_sam_hq_vit_tiny\combined_overlay_gallery_flat\2D\2026_03_11-09_28_45-346.png,C:\ai\AnomalyDINO\results_CUSTOM\dinov3_vitb16_688\8-shot_preprocess=force_no_mask_no_rotation_bestsearch8_fast20greedy_maxanomap_res688_evaltrain_20260413\hq_sam_outputs_batch\roi_crops_peak_hysteresis_h0.5_l0.2_merge3bridge0.1_seed=0_sam_hq_vit_tiny\test\bad\2D\2026_03_11-09_28_45-346\combined_overlay.png,,542,372,610,440,0.8234827518463135,1937,6,0.0024916943521594683,0.09458884596824646,0.22819626331329346,0.09458884596824646
test/bad/2D/2026_03_11-09_28_45-346.png__roi_001,,,test/bad/2D/2026_03_11-09_28_45-346.png,test/bad/2D/2026_03_11-09_28_45-346.png,1,normalmap,custom_eval,C:\anomalydino_data_single_object_normalmap\normalmap\test\bad\2D\2026_03_11-09_28_45-346.png,C:\ai\AnomalyDINO\results_CUSTOM\dinov3_vitb16_688\8-shot_preprocess=force_no_mask_no_rotation_bestsearch8_fast20greedy_maxanomap_res688_evaltrain_20260413\hq_sam_outputs_batch\roi_crops_peak_hysteresis_h0.5_l0.2_merge3bridge0.1_seed=0_sam_hq_vit_tiny\combined_overlay_gallery_flat\2D\2026_03_11-09_28_45-346.png,C:\ai\AnomalyDINO\results_CUSTOM\dinov3_vitb16_688\8-shot_preprocess=force_no_mask_no_rotation_bestsearch8_fast20greedy_maxanomap_res688_evaltrain_20260413\hq_sam_outputs_batch\roi_crops_peak_hysteresis_h0.5_l0.2_merge3bridge0.1_seed=0_sam_hq_vit_tiny\test\bad\2D\2026_03_11-09_28_45-346\combined_overlay.png,,1389,68,1592,609,0.6803008913993835,17344,39,0.016196013289036543,0.07819315791130066,1.0319467931985855,0.07819315791130066
test/bad/2D/2026_03_11-09_28_45-346.png__roi_002,,,test/bad/2D/2026_03_11-09_28_45-346.png,test/bad/2D/2026_03_11-09_28_45-346.png,2,normalmap,custom_eval,C:\anomalydino_data_single_object_normalmap\normalmap\test\bad\2D\2026_03_11-09_28_45-346.png,C:\ai\AnomalyDINO\results_CUSTOM\dinov3_vitb16_688\8-shot_preprocess=force_no_mask_no_rotation_bestsearch8_fast20greedy_maxanomap_res688_evaltrain_20260413\hq_sam_outputs_batch\roi_crops_peak_hysteresis_h0.5_l0.2_merge3bridge0.1_seed=0_sam_hq_vit_tiny\combined_overlay_gallery_flat\2D\2026_03_11-09_28_45-346.png,C:\ai\AnomalyDINO\results_CUSTOM\dinov3_vitb16_688\8-shot_preprocess=force_no_mask_no_rotation_bestsearch8_fast20greedy_maxanomap_res688_evaltrain_20260413\hq_sam_outputs_batch\roi_crops_peak_hysteresis_h0.5_l0.2_merge3bridge0.1_seed=0_sam_hq_vit_tiny\test\bad\2D\2026_03_11-09_28_45-346\combined_overlay.png,,508,779,542,813,0.7087621688842773,636,1,0.0004152823920265781,0.06734803318977356,0.05551309883594513,0.06734803318977356
test/bad/2D/2026_03_11-09_29_05-968.png__roi_000,,,test/bad/2D/2026_03_11-09_29_05-968.png,test/bad/2D/2026_03_11-09_29_05-968.png,0,normalmap,custom_eval,C:\anomalydino_data_single_object_normalmap\normalmap\test\bad\2D\2026_03_11-09_29_05-968.png,C:\ai\AnomalyDINO\results_CUSTOM\dinov3_vitb16_688\8-shot_preprocess=force_no_mask_no_rotation_bestsearch8_fast20greedy_maxanomap_res688_evaltrain_20260413\hq_sam_outputs_batch\roi_crops_peak_hysteresis_h0.5_l0.2_merge3bridge0.1_seed=0_sam_hq_vit_tiny\combined_overlay_gallery_flat\2D\2026_03_11-09_29_05-968.png,C:\ai\AnomalyDINO\results_CUSTOM\dinov3_vitb16_688\8-shot_preprocess=force_no_mask_no_rotation_bestsearch8_fast20greedy_maxanomap_res688_evaltrain_20260413\hq_sam_outputs_batch\roi_crops_peak_hysteresis_h0.5_l0.2_merge3bridge0.1_seed=0_sam_hq_vit_tiny\test\bad\2D\2026_03_11-09_29_05-968\combined_overlay.png,,576,305,644,372,0.7807673215866089,2235,4,0.0016611295681063123,0.07271575927734375,0.1962970495223999,0.07271575927734375
test/bad/2D/2026_03_11-09_29_13-150.png__roi_000,,,test/bad/2D/2026_03_11-09_29_13-150.png,test/bad/2D/2026_03_11-09_29_13-150.png,0,normalmap,custom_eval,C:\anomalydino_data_single_object_normalmap\normalmap\test\bad\2D\2026_03_11-09_29_13-150.png,C:\ai\AnomalyDINO\results_CUSTOM\dinov3_vitb16_688\8-shot_preprocess=force_no_mask_no_rotation_bestsearch8_fast20greedy_maxanomap_res688_evaltrain_20260413\hq_sam_outputs_batch\roi_crops_peak_hysteresis_h0.5_l0.2_merge3bridge0.1_seed=0_sam_hq_vit_tiny\combined_overlay_gallery_flat\2D\2026_03_11-09_29_13-150.png,C:\ai\AnomalyDINO\results_CUSTOM\dinov3_vitb16_688\8-shot_preprocess=force_no_mask_no_rotation_bestsearch8_fast20greedy_maxanomap_res688_evaltrain_20260413\hq_sam_outputs_batch\roi_crops_peak_hysteresis_h0.5_l0.2_merge3bridge0.1_seed=0_sam_hq_vit_tiny\test\bad\2D\2026_03_11-09_29_13-150\combined_overlay.png,,1626,1084,1694,1151,0.8637667894363403,909,4,0.0016611295681063123,0.08922523260116577,0.19524678587913513,0.08922523260116577
test/bad/2D/2026_03_11-09_29_13-150.png__roi_001,,,test/bad/2D/2026_03_11-09_29_13-150.png,test/bad/2D/2026_03_11-09_29_13-150.png,1,normalmap,custom_eval,C:\anomalydino_data_single_object_normalmap\normalmap\test\bad\2D\2026_03_11-09_29_13-150.png,C:\ai\AnomalyDINO\results_CUSTOM\dinov3_vitb16_688\8-shot_preprocess=force_no_mask_no_rotation_bestsearch8_fast20greedy_maxanomap_res688_evaltrain_20260413\hq_sam_outputs_batch\roi_crops_peak_hysteresis_h0.5_l0.2_merge3bridge0.1_seed=0_sam_hq_vit_tiny\combined_overlay_gallery_flat\2D\2026_03_11-09_29_13-150.png,C:\ai\AnomalyDINO\results_CUSTOM\dinov3_vitb16_688\8-shot_preprocess=force_no_mask_no_rotation_bestsearch8_fast20greedy_maxanomap_res688_evaltrain_20260413\hq_sam_outputs_batch\roi_crops_peak_hysteresis_h0.5_l0.2_merge3bridge0.1_seed=0_sam_hq_vit_tiny\test\bad\2D\2026_03_11-09_29_13-150\combined_overlay.png,,1152,1185,1186,1219,0.747104823589325,471,1,0.0004152823920265781,0.07273849844932556,0.061107560992240906,0.07273849844932556
test/bad/2D/2026_03_11-09_29_13-150.png__roi_002,,,test/bad/2D/2026_03_11-09_29_13-150.png,test/bad/2D/2026_03_11-09_29_13-150.png,2,normalmap,custom_eval,C:\anomalydino_data_single_object_normalmap\normalmap\test\bad\2D\2026_03_11-09_29_13-150.png,C:\ai\AnomalyDINO\results_CUSTOM\dinov3_vitb16_688\8-shot_preprocess=force_no_mask_no_rotation_bestsearch8_fast20greedy_maxanomap_res688_evaltrain_20260413\hq_sam_outputs_batch\roi_crops_peak_hysteresis_h0.5_l0.2_merge3bridge0.1_seed=0_sam_hq_vit_tiny\combined_overlay_gallery_flat\2D\2026_03_11-09_29_13-150.png,C:\ai\AnomalyDINO\results_CUSTOM\dinov3_vitb16_688\8-shot_preprocess=force_no_mask_no_rotation_bestsearch8_fast20greedy_maxanomap_res688_evaltrain_20260413\hq_sam_outputs_batch\roi_crops_peak_hysteresis_h0.5_l0.2_merge3bridge0.1_seed=0_sam_hq_vit_tiny\test\bad\2D\2026_03_11-09_29_13-150\combined_overlay.png,,1490,271,1592,440,0.6769686937332153,9784,16,0.006644518272425249,0.06526842713356018,0.35211285948753357,0.06526842713356018
test/bad/2D/2026_03_11-09_29_19-502.png__roi_000,,,test/bad/2D/2026_03_11-09_29_19-502.png,test/bad/2D/2026_03_11-09_29_19-502.png,0,normalmap,custom_eval,C:\anomalydino_data_single_object_normalmap\normalmap\test\bad\2D\2026_03_11-09_29_19-502.png,C:\ai\AnomalyDINO\results_CUSTOM\dinov3_vitb16_688\8-shot_preprocess=force_no_mask_no_rotation_bestsearch8_fast20greedy_maxanomap_res688_evaltrain_20260413\hq_sam_outputs_batch\roi_crops_peak_hysteresis_h0.5_l0.2_merge3bridge0.1_seed=0_sam_hq_vit_tiny\combined_overlay_gallery_flat\2D\2026_03_11-09_29_19-502.png,C:\ai\AnomalyDINO\results_CUSTOM\dinov3_vitb16_688\8-shot_preprocess=force_no_mask_no_rotation_bestsearch8_fast20greedy_maxanomap_res688_evaltrain_20260413\hq_sam_outputs_batch\roi_crops_peak_hysteresis_h0.5_l0.2_merge3bridge0.1_seed=0_sam_hq_vit_tiny\test\bad\2D\2026_03_11-09_29_19-502\combined_overlay.png,,135,169,1152,1219,0.9049444198608398,1011712,946,0.39285714285714285,0.1345616579055786,2.0420594811439514,0.1345616579055786
test/bad/2D/2026_03_11-09_29_19-502.png__roi_001,,,test/bad/2D/2026_03_11-09_29_19-502.png,test/bad/2D/2026_03_11-09_29_19-502.png,1,normalmap,custom_eval,C:\anomalydino_data_single_object_normalmap\normalmap\test\bad\2D\2026_03_11-09_29_19-502.png,C:\ai\AnomalyDINO\results_CUSTOM\dinov3_vitb16_688\8-shot_preprocess=force_no_mask_no_rotation_bestsearch8_fast20greedy_maxanomap_res688_evaltrain_20260413\hq_sam_outputs_batch\roi_crops_peak_hysteresis_h0.5_l0.2_merge3bridge0.1_seed=0_sam_hq_vit_tiny\combined_overlay_gallery_flat\2D\2026_03_11-09_29_19-502.png,C:\ai\AnomalyDINO\results_CUSTOM\dinov3_vitb16_688\8-shot_preprocess=force_no_mask_no_rotation_bestsearch8_fast20greedy_maxanomap_res688_evaltrain_20260413\hq_sam_outputs_batch\roi_crops_peak_hysteresis_h0.5_l0.2_merge3bridge0.1_seed=0_sam_hq_vit_tiny\test\bad\2D\2026_03_11-09_29_19-502\combined_overlay.png,,644,1354,1490,1422,0.5669527649879456,16402,48,0.019933554817275746,0.08460843563079834,0.17311450839042664,0.08460843563079834
test/bad/2D/2026_03_11-09_29_19-502.png__roi_002,,,test/bad/2D/2026_03_11-09_29_19-502.png,test/bad/2D/2026_03_11-09_29_19-502.png,2,normalmap,custom_eval,C:\anomalydino_data_single_object_normalmap\normalmap\test\bad\2D\2026_03_11-09_29_19-502.png,C:\ai\AnomalyDINO\results_CUSTOM\dinov3_vitb16_688\8-shot_preprocess=force_no_mask_no_rotation_bestsearch8_fast20greedy_maxanomap_res688_evaltrain_20260413\hq_sam_outputs_batch\roi_crops_peak_hysteresis_h0.5_l0.2_merge3bridge0.1_seed=0_sam_hq_vit_tiny\combined_overlay_gallery_flat\2D\2026_03_11-09_29_19-502.png,C:\ai\AnomalyDINO\results_CUSTOM\dinov3_vitb16_688\8-shot_preprocess=force_no_mask_no_rotation_bestsearch8_fast20greedy_maxanomap_res688_evaltrain_20260413\hq_sam_outputs_batch\roi_crops_peak_hysteresis_h0.5_l0.2_merge3bridge0.1_seed=0_sam_hq_vit_tiny\test\bad\2D\2026_03_11-09_29_19-502\combined_overlay.png,,1761,237,1829,372,0.6706910729408264,6915,13,0.005398671096345515,0.07267212867736816,0.11932341754436493,0.07267212867736816
test/bad/2D/2026_03_11-09_29_34-724.png__roi_000,,,test/bad/2D/2026_03_11-09_29_34-724.png,test/bad/2D/2026_03_11-09_29_34-724.png,0,normalmap,custom_eval,C:\anomalydino_data_single_object_normalmap\normalmap\test\bad\2D\2026_03_11-09_29_34-724.png,C:\ai\AnomalyDINO\results_CUSTOM\dinov3_vitb16_688\8-shot_preprocess=force_no_mask_no_rotation_bestsearch8_fast20greedy_maxanomap_res688_evaltrain_20260413\hq_sam_outputs_batch\roi_crops_peak_hysteresis_h0.5_l0.2_merge3bridge0.1_seed=0_sam_hq_vit_tiny\combined_overlay_gallery_flat\2D\2026_03_11-09_29_34-724.png,C:\ai\AnomalyDINO\results_CUSTOM\dinov3_vitb16_688\8-shot_preprocess=force_no_mask_no_rotation_bestsearch8_fast20greedy_maxanomap_res688_evaltrain_20260413\hq_sam_outputs_batch\roi_crops_peak_hysteresis_h0.5_l0.2_merge3bridge0.1_seed=0_sam_hq_vit_tiny\test\bad\2D\2026_03_11-09_29_34-724\combined_overlay.png,,1186,68,1558,406,0.6513793468475342,121883,126,0.05232558139534884,0.09176218509674072,1.3490044474601746,0.09176218509674072
test/bad/2D/2026_03_11-09_29_34-724.png__roi_001,,,test/bad/2D/2026_03_11-09_29_34-724.png,test/bad/2D/2026_03_11-09_29_34-724.png,1,normalmap,custom_eval,C:\anomalydino_data_single_object_normalmap\normalmap\test\bad\2D\2026_03_11-09_29_34-724.png,C:\ai\AnomalyDINO\results_CUSTOM\dinov3_vitb16_688\8-shot_preprocess=force_no_mask_no_rotation_bestsearch8_fast20greedy_maxanomap_res688_evaltrain_20260413\hq_sam_outputs_batch\roi_crops_peak_hysteresis_h0.5_l0.2_merge3bridge0.1_seed=0_sam_hq_vit_tiny\combined_overlay_gallery_flat\2D\2026_03_11-09_29_34-724.png,C:\ai\AnomalyDINO\results_CUSTOM\dinov3_vitb16_688\8-shot_preprocess=force_no_mask_no_rotation_bestsearch8_fast20greedy_maxanomap_res688_evaltrain_20260413\hq_sam_outputs_batch\roi_crops_peak_hysteresis_h0.5_l0.2_merge3bridge0.1_seed=0_sam_hq_vit_tiny\test\bad\2D\2026_03_11-09_29_34-724\combined_overlay.png,,440,68,813,237,0.6507565379142761,68923,72,0.029900332225913623,0.08358746767044067,0.7916116118431091,0.08358746767044067
test/bad/2D/2026_03_11-09_29_34-724.png__roi_002,,,test/bad/2D/2026_03_11-09_29_34-724.png,test/bad/2D/2026_03_11-09_29_34-724.png,2,normalmap,custom_eval,C:\anomalydino_data_single_object_normalmap\normalmap\test\bad\2D\2026_03_11-09_29_34-724.png,C:\ai\AnomalyDINO\results_CUSTOM\dinov3_vitb16_688\8-shot_preprocess=force_no_mask_no_rotation_bestsearch8_fast20greedy_maxanomap_res688_evaltrain_20260413\hq_sam_outputs_batch\roi_crops_peak_hysteresis_h0.5_l0.2_merge3bridge0.1_seed=0_sam_hq_vit_tiny\combined_overlay_gallery_flat\2D\2026_03_11-09_29_34-724.png,C:\ai\AnomalyDINO\results_CUSTOM\dinov3_vitb16_688\8-shot_preprocess=force_no_mask_no_rotation_bestsearch8_fast20greedy_maxanomap_res688_evaltrain_20260413\hq_sam_outputs_batch\roi_crops_peak_hysteresis_h0.5_l0.2_merge3bridge0.1_seed=0_sam_hq_vit_tiny\test\bad\2D\2026_03_11-09_29_34-724\combined_overlay.png,,1355,474,1524,711,0.6766713261604309,24207,33,0.013704318936877076,0.0804404616355896,0.38145115971565247,0.0804404616355896
test/bad/2D/2026_03_11-09_29_34-724.png__roi_003,,,test/bad/2D/2026_03_11-09_29_34-724.png,test/bad/2D/2026_03_11-09_29_34-724.png,3,normalmap,custom_eval,C:\anomalydino_data_single_object_normalmap\normalmap\test\bad\2D\2026_03_11-09_29_34-724.png,C:\ai\AnomalyDINO\results_CUSTOM\dinov3_vitb16_688\8-shot_preprocess=force_no_mask_no_rotation_bestsearch8_fast20greedy_maxanomap_res688_evaltrain_20260413\hq_sam_outputs_batch\roi_crops_peak_hysteresis_h0.5_l0.2_merge3bridge0.1_seed=0_sam_hq_vit_tiny\combined_overlay_gallery_flat\2D\2026_03_11-09_29_34-724.png,C:\ai\AnomalyDINO\results_CUSTOM\dinov3_vitb16_688\8-shot_preprocess=force_no_mask_no_rotation_bestsearch8_fast20greedy_maxanomap_res688_evaltrain_20260413\hq_sam_outputs_batch\roi_crops_peak_hysteresis_h0.5_l0.2_merge3bridge0.1_seed=0_sam_hq_vit_tiny\test\bad\2D\2026_03_11-09_29_34-724\combined_overlay.png,,474,1219,542,1253,0.7520236968994141,813,2,0.0008305647840531562,0.07735347747802734,0.07855048775672913,0.07735347747802734
test/bad/2D/2026_03_11-09_29_34-724.png__roi_004,,,test/bad/2D/2026_03_11-09_29_34-724.png,test/bad/2D/2026_03_11-09_29_34-724.png,4,normalmap,custom_eval,C:\anomalydino_data_single_object_normalmap\normalmap\test\bad\2D\2026_03_11-09_29_34-724.png,C:\ai\AnomalyDINO\results_CUSTOM\dinov3_vitb16_688\8-shot_preprocess=force_no_mask_no_rotation_bestsearch8_fast20greedy_maxanomap_res688_evaltrain_20260413\hq_sam_outputs_batch\roi_crops_peak_hysteresis_h0.5_l0.2_merge3bridge0.1_seed=0_sam_hq_vit_tiny\combined_overlay_gallery_flat\2D\2026_03_11-09_29_34-724.png,C:\ai\AnomalyDINO\results_CUSTOM\dinov3_vitb16_688\8-shot_preprocess=force_no_mask_no_rotation_bestsearch8_fast20greedy_maxanomap_res688_evaltrain_20260413\hq_sam_outputs_batch\roi_crops_peak_hysteresis_h0.5_l0.2_merge3bridge0.1_seed=0_sam_hq_vit_tiny\test\bad\2D\2026_03_11-09_29_34-724\combined_overlay.png,,1524,406,1626,440,0.6549641489982605,1286,4,0.0016611295681063123,0.07362377643585205,0.08572040498256683,0.07362377643585205
test/bad/2D/2026_03_11-09_29_34-724.png__roi_005,,,test/bad/2D/2026_03_11-09_29_34-724.png,test/bad/2D/2026_03_11-09_29_34-724.png,5,normalmap,custom_eval,C:\anomalydino_data_single_object_normalmap\normalmap\test\bad\2D\2026_03_11-09_29_34-724.png,C:\ai\AnomalyDINO\results_CUSTOM\dinov3_vitb16_688\8-shot_preprocess=force_no_mask_no_rotation_bestsearch8_fast20greedy_maxanomap_res688_evaltrain_20260413\hq_sam_outputs_batch\roi_crops_peak_hysteresis_h0.5_l0.2_merge3bridge0.1_seed=0_sam_hq_vit_tiny\combined_overlay_gallery_flat\2D\2026_03_11-09_29_34-724.png,C:\ai\AnomalyDINO\results_CUSTOM\dinov3_vitb16_688\8-shot_preprocess=force_no_mask_no_rotation_bestsearch8_fast20greedy_maxanomap_res688_evaltrain_20260413\hq_sam_outputs_batch\roi_crops_peak_hysteresis_h0.5_l0.2_merge3bridge0.1_seed=0_sam_hq_vit_tiny\test\bad\2D\2026_03_11-09_29_34-724\combined_overlay.png,,271,609,339,677,0.7135801315307617,2348,6,0.0024916943521594683,0.0665961503982544,0.11996892094612122,0.0665961503982544
test/bad/2D/2026_03_11-09_29_34-724.png__roi_006,,,test/bad/2D/2026_03_11-09_29_34-724.png,test/bad/2D/2026_03_11-09_29_34-724.png,6,normalmap,custom_eval,C:\anomalydino_data_single_object_normalmap\normalmap\test\bad\2D\2026_03_11-09_29_34-724.png,C:\ai\AnomalyDINO\results_CUSTOM\dinov3_vitb16_688\8-shot_preprocess=force_no_mask_no_rotation_bestsearch8_fast20greedy_maxanomap_res688_evaltrain_20260413\hq_sam_outputs_batch\roi_crops_peak_hysteresis_h0.5_l0.2_merge3bridge0.1_seed=0_sam_hq_vit_tiny\combined_overlay_gallery_flat\2D\2026_03_11-09_29_34-724.png,C:\ai\AnomalyDINO\results_CUSTOM\dinov3_vitb16_688\8-shot_preprocess=force_no_mask_no_rotation_bestsearch8_fast20greedy_maxanomap_res688_evaltrain_20260413\hq_sam_outputs_batch\roi_crops_peak_hysteresis_h0.5_l0.2_merge3bridge0.1_seed=0_sam_hq_vit_tiny\test\bad\2D\2026_03_11-09_29_34-724\combined_overlay.png,,576,1354,915,1422,0.6355330348014832,8664,17,0.0070598006644518275,0.06110924482345581,0.2754058539867401,0.06110924482345581
test/bad/2D/2026_03_11-09_29_41-179.png__roi_000,,,test/bad/2D/2026_03_11-09_29_41-179.png,test/bad/2D/2026_03_11-09_29_41-179.png,0,normalmap,custom_eval,C:\anomalydino_data_single_object_normalmap\normalmap\test\bad\2D\2026_03_11-09_29_41-179.png,C:\ai\AnomalyDINO\results_CUSTOM\dinov3_vitb16_688\8-shot_preprocess=force_no_mask_no_rotation_bestsearch8_fast20greedy_maxanomap_res688_evaltrain_20260413\hq_sam_outputs_batch\roi_crops_peak_hysteresis_h0.5_l0.2_merge3bridge0.1_seed=0_sam_hq_vit_tiny\combined_overlay_gallery_flat\2D\2026_03_11-09_29_41-179.png,C:\ai\AnomalyDINO\results_CUSTOM\dinov3_vitb16_688\8-shot_preprocess=force_no_mask_no_rotation_bestsearch8_fast20greedy_maxanomap_res688_evaltrain_20260413\hq_sam_outputs_batch\roi_crops_peak_hysteresis_h0.5_l0.2_merge3bridge0.1_seed=0_sam_hq_vit_tiny\test\bad\2D\2026_03_11-09_29_41-179\combined_overlay.png,,542,1253,711,1388,0.6369295120239258,22144,29,0.012043189368770765,0.11414140462875366,0.5103393197059631,0.11414140462875366
test/bad/2D/2026_03_11-09_29_41-179.png__roi_001,,,test/bad/2D/2026_03_11-09_29_41-179.png,test/bad/2D/2026_03_11-09_29_41-179.png,1,normalmap,custom_eval,C:\anomalydino_data_single_object_normalmap\normalmap\test\bad\2D\2026_03_11-09_29_41-179.png,C:\ai\AnomalyDINO\results_CUSTOM\dinov3_vitb16_688\8-shot_preprocess=force_no_mask_no_rotation_bestsearch8_fast20greedy_maxanomap_res688_evaltrain_20260413\hq_sam_outputs_batch\roi_crops_peak_hysteresis_h0.5_l0.2_merge3bridge0.1_seed=0_sam_hq_vit_tiny\combined_overlay_gallery_flat\2D\2026_03_11-09_29_41-179.png,C:\ai\AnomalyDINO\results_CUSTOM\dinov3_vitb16_688\8-shot_preprocess=force_no_mask_no_rotation_bestsearch8_fast20greedy_maxanomap_res688_evaltrain_20260413\hq_sam_outputs_batch\roi_crops_peak_hysteresis_h0.5_l0.2_merge3bridge0.1_seed=0_sam_hq_vit_tiny\test\bad\2D\2026_03_11-09_29_41-179\combined_overlay.png,,542,203,644,271,0.8055737614631653,3745,6,0.0024916943521594683,0.08968430757522583,0.18773609399795532,0.08968430757522583
test/bad/2D/2026_03_11-09_29_41-179.png__roi_002,,,test/bad/2D/2026_03_11-09_29_41-179.png,test/bad/2D/2026_03_11-09_29_41-179.png,2,normalmap,custom_eval,C:\anomalydino_data_single_object_normalmap\normalmap\test\bad\2D\2026_03_11-09_29_41-179.png,C:\ai\AnomalyDINO\results_CUSTOM\dinov3_vitb16_688\8-shot_preprocess=force_no_mask_no_rotation_bestsearch8_fast20greedy_maxanomap_res688_evaltrain_20260413\hq_sam_outputs_batch\roi_crops_peak_hysteresis_h0.5_l0.2_merge3bridge0.1_seed=0_sam_hq_vit_tiny\combined_overlay_gallery_flat\2D\2026_03_11-09_29_41-179.png,C:\ai\AnomalyDINO\results_CUSTOM\dinov3_vitb16_688\8-shot_preprocess=force_no_mask_no_rotation_bestsearch8_fast20greedy_maxanomap_res688_evaltrain_20260413\hq_sam_outputs_batch\roi_crops_peak_hysteresis_h0.5_l0.2_merge3bridge0.1_seed=0_sam_hq_vit_tiny\test\bad\2D\2026_03_11-09_29_41-179\combined_overlay.png,,34,34,271,68,0.48580190539360046,2295,7,0.0029069767441860465,0.0721505880355835,0.1590525507926941,0.0721505880355835
test/bad/2D/2026_03_11-09_29_41-179.png__roi_003,,,test/bad/2D/2026_03_11-09_29_41-179.png,test/bad/2D/2026_03_11-09_29_41-179.png,3,normalmap,custom_eval,C:\anomalydino_data_single_object_normalmap\normalmap\test\bad\2D\2026_03_11-09_29_41-179.png,C:\ai\AnomalyDINO\results_CUSTOM\dinov3_vitb16_688\8-shot_preprocess=force_no_mask_no_rotation_bestsearch8_fast20greedy_maxanomap_res688_evaltrain_20260413\hq_sam_outputs_batch\roi_crops_peak_hysteresis_h0.5_l0.2_merge3bridge0.1_seed=0_sam_hq_vit_tiny\combined_overlay_gallery_flat\2D\2026_03_11-09_29_41-179.png,C:\ai\AnomalyDINO\results_CUSTOM\dinov3_vitb16_688\8-shot_preprocess=force_no_mask_no_rotation_bestsearch8_fast20greedy_maxanomap_res688_evaltrain_20260413\hq_sam_outputs_batch\roi_crops_peak_hysteresis_h0.5_l0.2_merge3bridge0.1_seed=0_sam_hq_vit_tiny\test\bad\2D\2026_03_11-09_29_41-179\combined_overlay.png,,813,982,915,1050,0.6542173027992249,4668,10,0.004152823920265781,0.06717342138290405,0.059132710099220276,0.06717342138290405
test/bad/2D/2026_03_11-09_29_41-179.png__roi_004,,,test/bad/2D/2026_03_11-09_29_41-179.png,test/bad/2D/2026_03_11-09_29_41-179.png,4,normalmap,custom_eval,C:\anomalydino_data_single_object_normalmap\normalmap\test\bad\2D\2026_03_11-09_29_41-179.png,C:\ai\AnomalyDINO\results_CUSTOM\dinov3_vitb16_688\8-shot_preprocess=force_no_mask_no_rotation_bestsearch8_fast20greedy_maxanomap_res688_evaltrain_20260413\hq_sam_outputs_batch\roi_crops_peak_hysteresis_h0.5_l0.2_merge3bridge0.1_seed=0_sam_hq_vit_tiny\combined_overlay_gallery_flat\2D\2026_03_11-09_29_41-179.png,C:\ai\AnomalyDINO\results_CUSTOM\dinov3_vitb16_688\8-shot_preprocess=force_no_mask_no_rotation_bestsearch8_fast20greedy_maxanomap_res688_evaltrain_20260413\hq_sam_outputs_batch\roi_crops_peak_hysteresis_h0.5_l0.2_merge3bridge0.1_seed=0_sam_hq_vit_tiny\test\bad\2D\2026_03_11-09_29_41-179\combined_overlay.png,,711,1016,779,1050,0.6672108173370361,1630,4,0.0016611295681063123,0.06350541114807129,0.05817815661430359,0.06350541114807129
test/bad/2D/2026_03_11-09_29_41-179.png__roi_005,,,test/bad/2D/2026_03_11-09_29_41-179.png,test/bad/2D/2026_03_11-09_29_41-179.png,5,normalmap,custom_eval,C:\anomalydino_data_single_object_normalmap\normalmap\test\bad\2D\2026_03_11-09_29_41-179.png,C:\ai\AnomalyDINO\results_CUSTOM\dinov3_vitb16_688\8-shot_preprocess=force_no_mask_no_rotation_bestsearch8_fast20greedy_maxanomap_res688_evaltrain_20260413\hq_sam_outputs_batch\roi_crops_peak_hysteresis_h0.5_l0.2_merge3bridge0.1_seed=0_sam_hq_vit_tiny\combined_overlay_gallery_flat\2D\2026_03_11-09_29_41-179.png,C:\ai\AnomalyDINO\results_CUSTOM\dinov3_vitb16_688\8-shot_preprocess=force_no_mask_no_rotation_bestsearch8_fast20greedy_maxanomap_res688_evaltrain_20260413\hq_sam_outputs_batch\roi_crops_peak_hysteresis_h0.5_l0.2_merge3bridge0.1_seed=0_sam_hq_vit_tiny\test\bad\2D\2026_03_11-09_29_41-179\combined_overlay.png,,237,948,305,1016,0.6519362926483154,3095,6,0.0024916943521594683,0.06330204010009766,0.06114795804023743,0.06330204010009766
test/bad/2D/2026_03_11-09_29_41-179.png__roi_006,,,test/bad/2D/2026_03_11-09_29_41-179.png,test/bad/2D/2026_03_11-09_29_41-179.png,6,normalmap,custom_eval,C:\anomalydino_data_single_object_normalmap\normalmap\test\bad\2D\2026_03_11-09_29_41-179.png,C:\ai\AnomalyDINO\results_CUSTOM\dinov3_vitb16_688\8-shot_preprocess=force_no_mask_no_rotation_bestsearch8_fast20greedy_maxanomap_res688_evaltrain_20260413\hq_sam_outputs_batch\roi_crops_peak_hysteresis_h0.5_l0.2_merge3bridge0.1_seed=0_sam_hq_vit_tiny\combined_overlay_gallery_flat\2D\2026_03_11-09_29_41-179.png,C:\ai\AnomalyDINO\results_CUSTOM\dinov3_vitb16_688\8-shot_preprocess=force_no_mask_no_rotation_bestsearch8_fast20greedy_maxanomap_res688_evaltrain_20260413\hq_sam_outputs_batch\roi_crops_peak_hysteresis_h0.5_l0.2_merge3bridge0.1_seed=0_sam_hq_vit_tiny\test\bad\2D\2026_03_11-09_29_41-179\combined_overlay.png,,203,813,271,880,0.6572924852371216,3337,7,0.0029069767441860465,0.0578249990940094,0.09176169335842133,0.0578249990940094
test/bad/2D/2026_03_11-09_29_47-728.png__roi_000,,,test/bad/2D/2026_03_11-09_29_47-728.png,test/bad/2D/2026_03_11-09_29_47-728.png,0,normalmap,custom_eval,C:\anomalydino_data_single_object_normalmap\normalmap\test\bad\2D\2026_03_11-09_29_47-728.png,C:\ai\AnomalyDINO\results_CUSTOM\dinov3_vitb16_688\8-shot_preprocess=force_no_mask_no_rotation_bestsearch8_fast20greedy_maxanomap_res688_evaltrain_20260413\hq_sam_outputs_batch\roi_crops_peak_hysteresis_h0.5_l0.2_merge3bridge0.1_seed=0_sam_hq_vit_tiny\combined_overlay_gallery_flat\2D\2026_03_11-09_29_47-728.png,C:\ai\AnomalyDINO\results_CUSTOM\dinov3_vitb16_688\8-shot_preprocess=force_no_mask_no_rotation_bestsearch8_fast20greedy_maxanomap_res688_evaltrain_20260413\hq_sam_outputs_batch\roi_crops_peak_hysteresis_h0.5_l0.2_merge3bridge0.1_seed=0_sam_hq_vit_tiny\test\bad\2D\2026_03_11-09_29_47-728\combined_overlay.png,,711,135,813,203,0.8740196228027344,1880,6,0.0024916943521594683,0.1593438982963562,0.24604001641273499,0.1593438982963562
test/bad/2D/2026_03_11-09_29_47-728.png__roi_001,,,test/bad/2D/2026_03_11-09_29_47-728.png,test/bad/2D/2026_03_11-09_29_47-728.png,1,normalmap,custom_eval,C:\anomalydino_data_single_object_normalmap\normalmap\test\bad\2D\2026_03_11-09_29_47-728.png,C:\ai\AnomalyDINO\results_CUSTOM\dinov3_vitb16_688\8-shot_preprocess=force_no_mask_no_rotation_bestsearch8_fast20greedy_maxanomap_res688_evaltrain_20260413\hq_sam_outputs_batch\roi_crops_peak_hysteresis_h0.5_l0.2_merge3bridge0.1_seed=0_sam_hq_vit_tiny\combined_overlay_gallery_flat\2D\2026_03_11-09_29_47-728.png,C:\ai\AnomalyDINO\results_CUSTOM\dinov3_vitb16_688\8-shot_preprocess=force_no_mask_no_rotation_bestsearch8_fast20greedy_maxanomap_res688_evaltrain_20260413\hq_sam_outputs_batch\roi_crops_peak_hysteresis_h0.5_l0.2_merge3bridge0.1_seed=0_sam_hq_vit_tiny\test\bad\2D\2026_03_11-09_29_47-728\combined_overlay.png,,68,305,135,406,0.8897340893745422,1577,5,0.0020764119601328905,0.13165360689163208,0.20575889945030212,0.13165360689163208
test/bad/2D/2026_03_11-09_29_47-728.png__roi_002,,,test/bad/2D/2026_03_11-09_29_47-728.png,test/bad/2D/2026_03_11-09_29_47-728.png,2,normalmap,custom_eval,C:\anomalydino_data_single_object_normalmap\normalmap\test\bad\2D\2026_03_11-09_29_47-728.png,C:\ai\AnomalyDINO\results_CUSTOM\dinov3_vitb16_688\8-shot_preprocess=force_no_mask_no_rotation_bestsearch8_fast20greedy_maxanomap_res688_evaltrain_20260413\hq_sam_outputs_batch\roi_crops_peak_hysteresis_h0.5_l0.2_merge3bridge0.1_seed=0_sam_hq_vit_tiny\combined_overlay_gallery_flat\2D\2026_03_11-09_29_47-728.png,C:\ai\AnomalyDINO\results_CUSTOM\dinov3_vitb16_688\8-shot_preprocess=force_no_mask_no_rotation_bestsearch8_fast20greedy_maxanomap_res688_evaltrain_20260413\hq_sam_outputs_batch\roi_crops_peak_hysteresis_h0.5_l0.2_merge3bridge0.1_seed=0_sam_hq_vit_tiny\test\bad\2D\2026_03_11-09_29_47-728\combined_overlay.png,,1761,440,1795,508,0.8531909584999084,684,4,0.0016611295681063123,0.09925538301467896,0.1330823004245758,0.09925538301467896
test/bad/2D/2026_03_11-09_29_47-728.png__roi_003,,,test/bad/2D/2026_03_11-09_29_47-728.png,test/bad/2D/2026_03_11-09_29_47-728.png,3,normalmap,custom_eval,C:\anomalydino_data_single_object_normalmap\normalmap\test\bad\2D\2026_03_11-09_29_47-728.png,C:\ai\AnomalyDINO\results_CUSTOM\dinov3_vitb16_688\8-shot_preprocess=force_no_mask_no_rotation_bestsearch8_fast20greedy_maxanomap_res688_evaltrain_20260413\hq_sam_outputs_batch\roi_crops_peak_hysteresis_h0.5_l0.2_merge3bridge0.1_seed=0_sam_hq_vit_tiny\combined_overlay_gallery_flat\2D\2026_03_11-09_29_47-728.png,C:\ai\AnomalyDINO\results_CUSTOM\dinov3_vitb16_688\8-shot_preprocess=force_no_mask_no_rotation_bestsearch8_fast20greedy_maxanomap_res688_evaltrain_20260413\hq_sam_outputs_batch\roi_crops_peak_hysteresis_h0.5_l0.2_merge3bridge0.1_seed=0_sam_hq_vit_tiny\test\bad\2D\2026_03_11-09_29_47-728\combined_overlay.png,,1389,271,1423,305,0.8025966882705688,513,1,0.0004152823920265781,0.09496539831161499,0.062146931886672974,0.09496539831161499
test/bad/2D/2026_03_11-09_29_47-728.png__roi_004,,,test/bad/2D/2026_03_11-09_29_47-728.png,test/bad/2D/2026_03_11-09_29_47-728.png,4,normalmap,custom_eval,C:\anomalydino_data_single_object_normalmap\normalmap\test\bad\2D\2026_03_11-09_29_47-728.png,C:\ai\AnomalyDINO\results_CUSTOM\dinov3_vitb16_688\8-shot_preprocess=force_no_mask_no_rotation_bestsearch8_fast20greedy_maxanomap_res688_evaltrain_20260413\hq_sam_outputs_batch\roi_crops_peak_hysteresis_h0.5_l0.2_merge3bridge0.1_seed=0_sam_hq_vit_tiny\combined_overlay_gallery_flat\2D\2026_03_11-09_29_47-728.png,C:\ai\AnomalyDINO\results_CUSTOM\dinov3_vitb16_688\8-shot_preprocess=force_no_mask_no_rotation_bestsearch8_fast20greedy_maxanomap_res688_evaltrain_20260413\hq_sam_outputs_batch\roi_crops_peak_hysteresis_h0.5_l0.2_merge3bridge0.1_seed=0_sam_hq_vit_tiny\test\bad\2D\2026_03_11-09_29_47-728\combined_overlay.png,,440,677,1558,1253,0.8393744230270386,103993,146,0.0606312292358804,0.08757424354553223,1.6444219052791595,0.08757424354553223
test/bad/2D/2026_03_11-09_29_47-728.png__roi_005,,,test/bad/2D/2026_03_11-09_29_47-728.png,test/bad/2D/2026_03_11-09_29_47-728.png,5,normalmap,custom_eval,C:\anomalydino_data_single_object_normalmap\normalmap\test\bad\2D\2026_03_11-09_29_47-728.png,C:\ai\AnomalyDINO\results_CUSTOM\dinov3_vitb16_688\8-shot_preprocess=force_no_mask_no_rotation_bestsearch8_fast20greedy_maxanomap_res688_evaltrain_20260413\hq_sam_outputs_batch\roi_crops_peak_hysteresis_h0.5_l0.2_merge3bridge0.1_seed=0_sam_hq_vit_tiny\combined_overlay_gallery_flat\2D\2026_03_11-09_29_47-728.png,C:\ai\AnomalyDINO\results_CUSTOM\dinov3_vitb16_688\8-shot_preprocess=force_no_mask_no_rotation_bestsearch8_fast20greedy_maxanomap_res688_evaltrain_20260413\hq_sam_outputs_batch\roi_crops_peak_hysteresis_h0.5_l0.2_merge3bridge0.1_seed=0_sam_hq_vit_tiny\test\bad\2D\2026_03_11-09_29_47-728\combined_overlay.png,,542,203,610,271,0.8576710224151611,1749,6,0.0024916943521594683,0.08520060777664185,0.12206484377384186,0.08520060777664185
test/bad/2D/2026_03_11-09_29_47-728.png__roi_006,,,test/bad/2D/2026_03_11-09_29_47-728.png,test/bad/2D/2026_03_11-09_29_47-728.png,6,normalmap,custom_eval,C:\anomalydino_data_single_object_normalmap\normalmap\test\bad\2D\2026_03_11-09_29_47-728.png,C:\ai\AnomalyDINO\results_CUSTOM\dinov3_vitb16_688\8-shot_preprocess=force_no_mask_no_rotation_bestsearch8_fast20greedy_maxanomap_res688_evaltrain_20260413\hq_sam_outputs_batch\roi_crops_peak_hysteresis_h0.5_l0.2_merge3bridge0.1_seed=0_sam_hq_vit_tiny\combined_overlay_gallery_flat\2D\2026_03_11-09_29_47-728.png,C:\ai\AnomalyDINO\results_CUSTOM\dinov3_vitb16_688\8-shot_preprocess=force_no_mask_no_rotation_bestsearch8_fast20greedy_maxanomap_res688_evaltrain_20260413\hq_sam_outputs_batch\roi_crops_peak_hysteresis_h0.5_l0.2_merge3bridge0.1_seed=0_sam_hq_vit_tiny\test\bad\2D\2026_03_11-09_29_47-728\combined_overlay.png,,644,440,779,643,0.6054526567459106,18353,25,0.010382059800664452,0.08460408449172974,0.21214455366134644,0.08460408449172974
test/bad/2D/2026_03_11-09_29_47-728.png__roi_007,,,test/bad/2D/2026_03_11-09_29_47-728.png,test/bad/2D/2026_03_11-09_29_47-728.png,7,normalmap,custom_eval,C:\anomalydino_data_single_object_normalmap\normalmap\test\bad\2D\2026_03_11-09_29_47-728.png,C:\ai\AnomalyDINO\results_CUSTOM\dinov3_vitb16_688\8-shot_preprocess=force_no_mask_no_rotation_bestsearch8_fast20greedy_maxanomap_res688_evaltrain_20260413\hq_sam_outputs_batch\roi_crops_peak_hysteresis_h0.5_l0.2_merge3bridge0.1_seed=0_sam_hq_vit_tiny\combined_overlay_gallery_flat\2D\2026_03_11-09_29_47-728.png,C:\ai\AnomalyDINO\results_CUSTOM\dinov3_vitb16_688\8-shot_preprocess=force_no_mask_no_rotation_bestsearch8_fast20greedy_maxanomap_res688_evaltrain_20260413\hq_sam_outputs_batch\roi_crops_peak_hysteresis_h0.5_l0.2_merge3bridge0.1_seed=0_sam_hq_vit_tiny\test\bad\2D\2026_03_11-09_29_47-728\combined_overlay.png,,610,34,644,68,0.6452999711036682,1070,3,0.0012458471760797341,0.08303982019424438,0.056169331073760986,0.08303982019424438
test/bad/2D/2026_03_11-09_29_47-728.png__roi_008,,,test/bad/2D/2026_03_11-09_29_47-728.png,test/bad/2D/2026_03_11-09_29_47-728.png,8,normalmap,custom_eval,C:\anomalydino_data_single_object_normalmap\normalmap\test\bad\2D\2026_03_11-09_29_47-728.png,C:\ai\AnomalyDINO\results_CUSTOM\dinov3_vitb16_688\8-shot_preprocess=force_no_mask_no_rotation_bestsearch8_fast20greedy_maxanomap_res688_evaltrain_20260413\hq_sam_outputs_batch\roi_crops_peak_hysteresis_h0.5_l0.2_merge3bridge0.1_seed=0_sam_hq_vit_tiny\combined_overlay_gallery_flat\2D\2026_03_11-09_29_47-728.png,C:\ai\AnomalyDINO\results_CUSTOM\dinov3_vitb16_688\8-shot_preprocess=force_no_mask_no_rotation_bestsearch8_fast20greedy_maxanomap_res688_evaltrain_20260413\hq_sam_outputs_batch\roi_crops_peak_hysteresis_h0.5_l0.2_merge3bridge0.1_seed=0_sam_hq_vit_tiny\test\bad\2D\2026_03_11-09_29_47-728\combined_overlay.png,,373,169,406,237,0.6994575262069702,1131,2,0.0008305647840531562,0.08089643716812134,0.09688478708267212,0.08089643716812134
test/bad/2D/2026_03_11-09_29_47-728.png__roi_009,,,test/bad/2D/2026_03_11-09_29_47-728.png,test/bad/2D/2026_03_11-09_29_47-728.png,9,normalmap,custom_eval,C:\anomalydino_data_single_object_normalmap\normalmap\test\bad\2D\2026_03_11-09_29_47-728.png,C:\ai\AnomalyDINO\results_CUSTOM\dinov3_vitb16_688\8-shot_preprocess=force_no_mask_no_rotation_bestsearch8_fast20greedy_maxanomap_res688_evaltrain_20260413\hq_sam_outputs_batch\roi_crops_peak_hysteresis_h0.5_l0.2_merge3bridge0.1_seed=0_sam_hq_vit_tiny\combined_overlay_gallery_flat\2D\2026_03_11-09_29_47-728.png,C:\ai\AnomalyDINO\results_CUSTOM\dinov3_vitb16_688\8-shot_preprocess=force_no_mask_no_rotation_bestsearch8_fast20greedy_maxanomap_res688_evaltrain_20260413\hq_sam_outputs_batch\roi_crops_peak_hysteresis_h0.5_l0.2_merge3bridge0.1_seed=0_sam_hq_vit_tiny\test\bad\2D\2026_03_11-09_29_47-728\combined_overlay.png,,1016,34,1152,102,0.5893996953964233,3855,9,0.003737541528239203,0.0766596794128418,0.08369138836860657,0.0766596794128418
test/bad/2D/2026_03_11-09_29_47-728.png__roi_010,,,test/bad/2D/2026_03_11-09_29_47-728.png,test/bad/2D/2026_03_11-09_29_47-728.png,10,normalmap,custom_eval,C:\anomalydino_data_single_object_normalmap\normalmap\test\bad\2D\2026_03_11-09_29_47-728.png,C:\ai\AnomalyDINO\results_CUSTOM\dinov3_vitb16_688\8-shot_preprocess=force_no_mask_no_rotation_bestsearch8_fast20greedy_maxanomap_res688_evaltrain_20260413\hq_sam_outputs_batch\roi_crops_peak_hysteresis_h0.5_l0.2_merge3bridge0.1_seed=0_sam_hq_vit_tiny\combined_overlay_gallery_flat\2D\2026_03_11-09_29_47-728.png,C:\ai\AnomalyDINO\results_CUSTOM\dinov3_vitb16_688\8-shot_preprocess=force_no_mask_no_rotation_bestsearch8_fast20greedy_maxanomap_res688_evaltrain_20260413\hq_sam_outputs_batch\roi_crops_peak_hysteresis_h0.5_l0.2_merge3bridge0.1_seed=0_sam_hq_vit_tiny\test\bad\2D\2026_03_11-09_29_47-728\combined_overlay.png,,1490,440,1558,474,0.7181916236877441,643,2,0.0008305647840531562,0.07566708326339722,0.08230829238891602,0.07566708326339722
test/bad/2D/2026_03_11-09_29_47-728.png__roi_011,,,test/bad/2D/2026_03_11-09_29_47-728.png,test/bad/2D/2026_03_11-09_29_47-728.png,11,normalmap,custom_eval,C:\anomalydino_data_single_object_normalmap\normalmap\test\bad\2D\2026_03_11-09_29_47-728.png,C:\ai\AnomalyDINO\results_CUSTOM\dinov3_vitb16_688\8-shot_preprocess=force_no_mask_no_rotation_bestsearch8_fast20greedy_maxanomap_res688_evaltrain_20260413\hq_sam_outputs_batch\roi_crops_peak_hysteresis_h0.5_l0.2_merge3bridge0.1_seed=0_sam_hq_vit_tiny\combined_overlay_gallery_flat\2D\2026_03_11-09_29_47-728.png,C:\ai\AnomalyDINO\results_CUSTOM\dinov3_vitb16_688\8-shot_preprocess=force_no_mask_no_rotation_bestsearch8_fast20greedy_maxanomap_res688_evaltrain_20260413\hq_sam_outputs_batch\roi_crops_peak_hysteresis_h0.5_l0.2_merge3bridge0.1_seed=0_sam_hq_vit_tiny\test\bad\2D\2026_03_11-09_29_47-728\combined_overlay.png,,1761,203,1795,271,0.7430291175842285,681,2,0.0008305647840531562,0.0693407654762268,0.06220889091491699,0.0693407654762268
test/bad/2D/2026_03_11-09_29_47-728.png__roi_012,,,test/bad/2D/2026_03_11-09_29_47-728.png,test/bad/2D/2026_03_11-09_29_47-728.png,12,normalmap,custom_eval,C:\anomalydino_data_single_object_normalmap\normalmap\test\bad\2D\2026_03_11-09_29_47-728.png,C:\ai\AnomalyDINO\results_CUSTOM\dinov3_vitb16_688\8-shot_preprocess=force_no_mask_no_rotation_bestsearch8_fast20greedy_maxanomap_res688_evaltrain_20260413\hq_sam_outputs_batch\roi_crops_peak_hysteresis_h0.5_l0.2_merge3bridge0.1_seed=0_sam_hq_vit_tiny\combined_overlay_gallery_flat\2D\2026_03_11-09_29_47-728.png,C:\ai\AnomalyDINO\results_CUSTOM\dinov3_vitb16_688\8-shot_preprocess=force_no_mask_no_rotation_bestsearch8_fast20greedy_maxanomap_res688_evaltrain_20260413\hq_sam_outputs_batch\roi_crops_peak_hysteresis_h0.5_l0.2_merge3bridge0.1_seed=0_sam_hq_vit_tiny\test\bad\2D\2026_03_11-09_29_47-728\combined_overlay.png,,169,779,305,1050,0.7066482305526733,26873,36,0.014950166112956811,0.06373924016952515,0.19073735177516937,0.06373924016952515
test/bad/2D/2026_03_11-09_29_47-728.png__roi_013,,,test/bad/2D/2026_03_11-09_29_47-728.png,test/bad/2D/2026_03_11-09_29_47-728.png,13,normalmap,custom_eval,C:\anomalydino_data_single_object_normalmap\normalmap\test\bad\2D\2026_03_11-09_29_47-728.png,C:\ai\AnomalyDINO\results_CUSTOM\dinov3_vitb16_688\8-shot_preprocess=force_no_mask_no_rotation_bestsearch8_fast20greedy_maxanomap_res688_evaltrain_20260413\hq_sam_outputs_batch\roi_crops_peak_hysteresis_h0.5_l0.2_merge3bridge0.1_seed=0_sam_hq_vit_tiny\combined_overlay_gallery_flat\2D\2026_03_11-09_29_47-728.png,C:\ai\AnomalyDINO\results_CUSTOM\dinov3_vitb16_688\8-shot_preprocess=force_no_mask_no_rotation_bestsearch8_fast20greedy_maxanomap_res688_evaltrain_20260413\hq_sam_outputs_batch\roi_crops_peak_hysteresis_h0.5_l0.2_merge3bridge0.1_seed=0_sam_hq_vit_tiny\test\bad\2D\2026_03_11-09_29_47-728\combined_overlay.png,,1152,203,1389,508,0.6374028921127319,39824,49,0.020348837209302327,0.0618586540222168,0.2518066465854645,0.0618586540222168
test/bad/2D/2026_03_11-09_29_55-339.png__roi_000,,,test/bad/2D/2026_03_11-09_29_55-339.png,test/bad/2D/2026_03_11-09_29_55-339.png,0,normalmap,custom_eval,C:\anomalydino_data_single_object_normalmap\normalmap\test\bad\2D\2026_03_11-09_29_55-339.png,C:\ai\AnomalyDINO\results_CUSTOM\dinov3_vitb16_688\8-shot_preprocess=force_no_mask_no_rotation_bestsearch8_fast20greedy_maxanomap_res688_evaltrain_20260413\hq_sam_outputs_batch\roi_crops_peak_hysteresis_h0.5_l0.2_merge3bridge0.1_seed=0_sam_hq_vit_tiny\combined_overlay_gallery_flat\2D\2026_03_11-09_29_55-339.png,C:\ai\AnomalyDINO\results_CUSTOM\dinov3_vitb16_688\8-shot_preprocess=force_no_mask_no_rotation_bestsearch8_fast20greedy_maxanomap_res688_evaltrain_20260413\hq_sam_outputs_batch\roi_crops_peak_hysteresis_h0.5_l0.2_merge3bridge0.1_seed=0_sam_hq_vit_tiny\test\bad\2D\2026_03_11-09_29_55-339\combined_overlay.png,,1253,68,1863,880,0.6933459639549255,273171,299,0.12416943521594684,0.10578685998916626,5.019789397716522,0.10578685998916626
test/bad/2D/2026_03_11-09_29_55-339.png__roi_001,,,test/bad/2D/2026_03_11-09_29_55-339.png,test/bad/2D/2026_03_11-09_29_55-339.png,1,normalmap,custom_eval,C:\anomalydino_data_single_object_normalmap\normalmap\test\bad\2D\2026_03_11-09_29_55-339.png,C:\ai\AnomalyDINO\results_CUSTOM\dinov3_vitb16_688\8-shot_preprocess=force_no_mask_no_rotation_bestsearch8_fast20greedy_maxanomap_res688_evaltrain_20260413\hq_sam_outputs_batch\roi_crops_peak_hysteresis_h0.5_l0.2_merge3bridge0.1_seed=0_sam_hq_vit_tiny\combined_overlay_gallery_flat\2D\2026_03_11-09_29_55-339.png,C:\ai\AnomalyDINO\results_CUSTOM\dinov3_vitb16_688\8-shot_preprocess=force_no_mask_no_rotation_bestsearch8_fast20greedy_maxanomap_res688_evaltrain_20260413\hq_sam_outputs_batch\roi_crops_peak_hysteresis_h0.5_l0.2_merge3bridge0.1_seed=0_sam_hq_vit_tiny\test\bad\2D\2026_03_11-09_29_55-339\combined_overlay.png,,1558,982,1694,1117,0.5349940657615662,8633,13,0.005398671096345515,0.10339111089706421,0.5044256448745728,0.10339111089706421
test/bad/2D/2026_03_11-09_29_55-339.png__roi_002,,,test/bad/2D/2026_03_11-09_29_55-339.png,test/bad/2D/2026_03_11-09_29_55-339.png,2,normalmap,custom_eval,C:\anomalydino_data_single_object_normalmap\normalmap\test\bad\2D\2026_03_11-09_29_55-339.png,C:\ai\AnomalyDINO\results_CUSTOM\dinov3_vitb16_688\8-shot_preprocess=force_no_mask_no_rotation_bestsearch8_fast20greedy_maxanomap_res688_evaltrain_20260413\hq_sam_outputs_batch\roi_crops_peak_hysteresis_h0.5_l0.2_merge3bridge0.1_seed=0_sam_hq_vit_tiny\combined_overlay_gallery_flat\2D\2026_03_11-09_29_55-339.png,C:\ai\AnomalyDINO\results_CUSTOM\dinov3_vitb16_688\8-shot_preprocess=force_no_mask_no_rotation_bestsearch8_fast20greedy_maxanomap_res688_evaltrain_20260413\hq_sam_outputs_batch\roi_crops_peak_hysteresis_h0.5_l0.2_merge3bridge0.1_seed=0_sam_hq_vit_tiny\test\bad\2D\2026_03_11-09_29_55-339\combined_overlay.png,,169,813,271,847,0.7046449184417725,2429,3,0.0012458471760797341,0.09598648548126221,0.1194898933172226,0.09598648548126221
test/bad/2D/2026_03_11-09_29_55-339.png__roi_003,,,test/bad/2D/2026_03_11-09_29_55-339.png,test/bad/2D/2026_03_11-09_29_55-339.png,3,normalmap,custom_eval,C:\anomalydino_data_single_object_normalmap\normalmap\test\bad\2D\2026_03_11-09_29_55-339.png,C:\ai\AnomalyDINO\results_CUSTOM\dinov3_vitb16_688\8-shot_preprocess=force_no_mask_no_rotation_bestsearch8_fast20greedy_maxanomap_res688_evaltrain_20260413\hq_sam_outputs_batch\roi_crops_peak_hysteresis_h0.5_l0.2_merge3bridge0.1_seed=0_sam_hq_vit_tiny\combined_overlay_gallery_flat\2D\2026_03_11-09_29_55-339.png,C:\ai\AnomalyDINO\results_CUSTOM\dinov3_vitb16_688\8-shot_preprocess=force_no_mask_no_rotation_bestsearch8_fast20greedy_maxanomap_res688_evaltrain_20260413\hq_sam_outputs_batch\roi_crops_peak_hysteresis_h0.5_l0.2_merge3bridge0.1_seed=0_sam_hq_vit_tiny\test\bad\2D\2026_03_11-09_29_55-339\combined_overlay.png,,915,1287,1016,1354,0.7163305878639221,4333,6,0.0024916943521594683,0.09369468688964844,0.12000653147697449,0.09369468688964844
test/bad/2D/2026_03_11-09_29_55-339.png__roi_004,,,test/bad/2D/2026_03_11-09_29_55-339.png,test/bad/2D/2026_03_11-09_29_55-339.png,4,normalmap,custom_eval,C:\anomalydino_data_single_object_normalmap\normalmap\test\bad\2D\2026_03_11-09_29_55-339.png,C:\ai\AnomalyDINO\results_CUSTOM\dinov3_vitb16_688\8-shot_preprocess=force_no_mask_no_rotation_bestsearch8_fast20greedy_maxanomap_res688_evaltrain_20260413\hq_sam_outputs_batch\roi_crops_peak_hysteresis_h0.5_l0.2_merge3bridge0.1_seed=0_sam_hq_vit_tiny\combined_overlay_gallery_flat\2D\2026_03_11-09_29_55-339.png,C:\ai\AnomalyDINO\results_CUSTOM\dinov3_vitb16_688\8-shot_preprocess=force_no_mask_no_rotation_bestsearch8_fast20greedy_maxanomap_res688_evaltrain_20260413\hq_sam_outputs_batch\roi_crops_peak_hysteresis_h0.5_l0.2_merge3bridge0.1_seed=0_sam_hq_vit_tiny\test\bad\2D\2026_03_11-09_29_55-339\combined_overlay.png,,1287,948,1558,1354,0.3932366371154785,17945,36,0.014950166112956811,0.07492214441299438,0.47129157185554504,0.07492214441299438
test/bad/2D/2026_03_11-09_29_55-339.png__roi_005,,,test/bad/2D/2026_03_11-09_29_55-339.png,test/bad/2D/2026_03_11-09_29_55-339.png,5,normalmap,custom_eval,C:\anomalydino_data_single_object_normalmap\normalmap\test\bad\2D\2026_03_11-09_29_55-339.png,C:\ai\AnomalyDINO\results_CUSTOM\dinov3_vitb16_688\8-shot_preprocess=force_no_mask_no_rotation_bestsearch8_fast20greedy_maxanomap_res688_evaltrain_20260413\hq_sam_outputs_batch\roi_crops_peak_hysteresis_h0.5_l0.2_merge3bridge0.1_seed=0_sam_hq_vit_tiny\combined_overlay_gallery_flat\2D\2026_03_11-09_29_55-339.png,C:\ai\AnomalyDINO\results_CUSTOM\dinov3_vitb16_688\8-shot_preprocess=force_no_mask_no_rotation_bestsearch8_fast20greedy_maxanomap_res688_evaltrain_20260413\hq_sam_outputs_batch\roi_crops_peak_hysteresis_h0.5_l0.2_merge3bridge0.1_seed=0_sam_hq_vit_tiny\test\bad\2D\2026_03_11-09_29_55-339\combined_overlay.png,,508,406,576,474,0.8425091505050659,2186,4,0.0016611295681063123,0.06138712167739868,0.12159813940525055,0.06138712167739868
test/bad/2D/2026_03_11-09_30_02-903.png__roi_000,,,test/bad/2D/2026_03_11-09_30_02-903.png,test/bad/2D/2026_03_11-09_30_02-903.png,0,normalmap,custom_eval,C:\anomalydino_data_single_object_normalmap\normalmap\test\bad\2D\2026_03_11-09_30_02-903.png,C:\ai\AnomalyDINO\results_CUSTOM\dinov3_vitb16_688\8-shot_preprocess=force_no_mask_no_rotation_bestsearch8_fast20greedy_maxanomap_res688_evaltrain_20260413\hq_sam_outputs_batch\roi_crops_peak_hysteresis_h0.5_l0.2_merge3bridge0.1_seed=0_sam_hq_vit_tiny\combined_overlay_gallery_flat\2D\2026_03_11-09_30_02-903.png,C:\ai\AnomalyDINO\results_CUSTOM\dinov3_vitb16_688\8-shot_preprocess=force_no_mask_no_rotation_bestsearch8_fast20greedy_maxanomap_res688_evaltrain_20260413\hq_sam_outputs_batch\roi_crops_peak_hysteresis_h0.5_l0.2_merge3bridge0.1_seed=0_sam_hq_vit_tiny\test\bad\2D\2026_03_11-09_30_02-903\combined_overlay.png,,102,34,1660,1287,0.9607016444206238,1951308,1808,0.7508305647840532,0.15199679136276245,6.461472541093826,0.15199679136276245
test/bad/2D/2026_03_11-09_30_09-946.png__roi_000,,,test/bad/2D/2026_03_11-09_30_09-946.png,test/bad/2D/2026_03_11-09_30_09-946.png,0,normalmap,custom_eval,C:\anomalydino_data_single_object_normalmap\normalmap\test\bad\2D\2026_03_11-09_30_09-946.png,C:\ai\AnomalyDINO\results_CUSTOM\dinov3_vitb16_688\8-shot_preprocess=force_no_mask_no_rotation_bestsearch8_fast20greedy_maxanomap_res688_evaltrain_20260413\hq_sam_outputs_batch\roi_crops_peak_hysteresis_h0.5_l0.2_merge3bridge0.1_seed=0_sam_hq_vit_tiny\combined_overlay_gallery_flat\2D\2026_03_11-09_30_09-946.png,C:\ai\AnomalyDINO\results_CUSTOM\dinov3_vitb16_688\8-shot_preprocess=force_no_mask_no_rotation_bestsearch8_fast20greedy_maxanomap_res688_evaltrain_20260413\hq_sam_outputs_batch\roi_crops_peak_hysteresis_h0.5_l0.2_merge3bridge0.1_seed=0_sam_hq_vit_tiny\test\bad\2D\2026_03_11-09_30_09-946\combined_overlay.png,,102,34,1863,1321,0.985862135887146,2224015,2008,0.8338870431893688,0.17830711603164673,18.123203217983246,0.17830711603164673
test/bad/2D/2026_03_11-09_30_09-946.png__roi_001,,,test/bad/2D/2026_03_11-09_30_09-946.png,test/bad/2D/2026_03_11-09_30_09-946.png,1,normalmap,custom_eval,C:\anomalydino_data_single_object_normalmap\normalmap\test\bad\2D\2026_03_11-09_30_09-946.png,C:\ai\AnomalyDINO\results_CUSTOM\dinov3_vitb16_688\8-shot_preprocess=force_no_mask_no_rotation_bestsearch8_fast20greedy_maxanomap_res688_evaltrain_20260413\hq_sam_outputs_batch\roi_crops_peak_hysteresis_h0.5_l0.2_merge3bridge0.1_seed=0_sam_hq_vit_tiny\combined_overlay_gallery_flat\2D\2026_03_11-09_30_09-946.png,C:\ai\AnomalyDINO\results_CUSTOM\dinov3_vitb16_688\8-shot_preprocess=force_no_mask_no_rotation_bestsearch8_fast20greedy_maxanomap_res688_evaltrain_20260413\hq_sam_outputs_batch\roi_crops_peak_hysteresis_h0.5_l0.2_merge3bridge0.1_seed=0_sam_hq_vit_tiny\test\bad\2D\2026_03_11-09_30_09-946\combined_overlay.png,,339,1321,1592,1422,0.6274847388267517,14281,70,0.029069767441860465,0.08386659622192383,2.0608743727207184,0.08386659622192383
test/bad/2D/2026_03_11-09_30_09-946.png__roi_002,,,test/bad/2D/2026_03_11-09_30_09-946.png,test/bad/2D/2026_03_11-09_30_09-946.png,2,normalmap,custom_eval,C:\anomalydino_data_single_object_normalmap\normalmap\test\bad\2D\2026_03_11-09_30_09-946.png,C:\ai\AnomalyDINO\results_CUSTOM\dinov3_vitb16_688\8-shot_preprocess=force_no_mask_no_rotation_bestsearch8_fast20greedy_maxanomap_res688_evaltrain_20260413\hq_sam_outputs_batch\roi_crops_peak_hysteresis_h0.5_l0.2_merge3bridge0.1_seed=0_sam_hq_vit_tiny\combined_overlay_gallery_flat\2D\2026_03_11-09_30_09-946.png,C:\ai\AnomalyDINO\results_CUSTOM\dinov3_vitb16_688\8-shot_preprocess=force_no_mask_no_rotation_bestsearch8_fast20greedy_maxanomap_res688_evaltrain_20260413\hq_sam_outputs_batch\roi_crops_peak_hysteresis_h0.5_l0.2_merge3bridge0.1_seed=0_sam_hq_vit_tiny\test\bad\2D\2026_03_11-09_30_09-946\combined_overlay.png,,34,34,102,508,0.7158474922180176,3878,18,0.007475083056478406,0.06312727928161621,0.3887060135602951,0.056539326906204224
test/bad/2D/2026_03_11-09_30_17-898.png__roi_000,,,test/bad/2D/2026_03_11-09_30_17-898.png,test/bad/2D/2026_03_11-09_30_17-898.png,0,normalmap,custom_eval,C:\anomalydino_data_single_object_normalmap\normalmap\test\bad\2D\2026_03_11-09_30_17-898.png,C:\ai\AnomalyDINO\results_CUSTOM\dinov3_vitb16_688\8-shot_preprocess=force_no_mask_no_rotation_bestsearch8_fast20greedy_maxanomap_res688_evaltrain_20260413\hq_sam_outputs_batch\roi_crops_peak_hysteresis_h0.5_l0.2_merge3bridge0.1_seed=0_sam_hq_vit_tiny\combined_overlay_gallery_flat\2D\2026_03_11-09_30_17-898.png,C:\ai\AnomalyDINO\results_CUSTOM\dinov3_vitb16_688\8-shot_preprocess=force_no_mask_no_rotation_bestsearch8_fast20greedy_maxanomap_res688_evaltrain_20260413\hq_sam_outputs_batch\roi_crops_peak_hysteresis_h0.5_l0.2_merge3bridge0.1_seed=0_sam_hq_vit_tiny\test\bad\2D\2026_03_11-09_30_17-898\combined_overlay.png,,203,169,237,203,0.8048482537269592,238,1,0.0004152823920265781,0.09345853328704834,0.07060271501541138,0.09345853328704834
test/bad/2D/2026_03_11-09_30_17-898.png__roi_001,,,test/bad/2D/2026_03_11-09_30_17-898.png,test/bad/2D/2026_03_11-09_30_17-898.png,1,normalmap,custom_eval,C:\anomalydino_data_single_object_normalmap\normalmap\test\bad\2D\2026_03_11-09_30_17-898.png,C:\ai\AnomalyDINO\results_CUSTOM\dinov3_vitb16_688\8-shot_preprocess=force_no_mask_no_rotation_bestsearch8_fast20greedy_maxanomap_res688_evaltrain_20260413\hq_sam_outputs_batch\roi_crops_peak_hysteresis_h0.5_l0.2_merge3bridge0.1_seed=0_sam_hq_vit_tiny\combined_overlay_gallery_flat\2D\2026_03_11-09_30_17-898.png,C:\ai\AnomalyDINO\results_CUSTOM\dinov3_vitb16_688\8-shot_preprocess=force_no_mask_no_rotation_bestsearch8_fast20greedy_maxanomap_res688_evaltrain_20260413\hq_sam_outputs_batch\roi_crops_peak_hysteresis_h0.5_l0.2_merge3bridge0.1_seed=0_sam_hq_vit_tiny\test\bad\2D\2026_03_11-09_30_17-898\combined_overlay.png,,508,440,576,609,0.5800519585609436,767,8,0.0033222591362126247,0.07574856281280518,0.20341899991035461,0.07574856281280518
test/bad/2D/2026_03_11-09_30_17-898.png__roi_002,,,test/bad/2D/2026_03_11-09_30_17-898.png,test/bad/2D/2026_03_11-09_30_17-898.png,2,normalmap,custom_eval,C:\anomalydino_data_single_object_normalmap\normalmap\test\bad\2D\2026_03_11-09_30_17-898.png,C:\ai\AnomalyDINO\results_CUSTOM\dinov3_vitb16_688\8-shot_preprocess=force_no_mask_no_rotation_bestsearch8_fast20greedy_maxanomap_res688_evaltrain_20260413\hq_sam_outputs_batch\roi_crops_peak_hysteresis_h0.5_l0.2_merge3bridge0.1_seed=0_sam_hq_vit_tiny\combined_overlay_gallery_flat\2D\2026_03_11-09_30_17-898.png,C:\ai\AnomalyDINO\results_CUSTOM\dinov3_vitb16_688\8-shot_preprocess=force_no_mask_no_rotation_bestsearch8_fast20greedy_maxanomap_res688_evaltrain_20260413\hq_sam_outputs_batch\roi_crops_peak_hysteresis_h0.5_l0.2_merge3bridge0.1_seed=0_sam_hq_vit_tiny\test\bad\2D\2026_03_11-09_30_17-898\combined_overlay.png,,203,779,271,880,0.6357796788215637,4708,8,0.0033222591362126247,0.07336866855621338,0.10290297865867615,0.07336866855621338
test/bad/2D/2026_03_11-09_30_17-898.png__roi_003,,,test/bad/2D/2026_03_11-09_30_17-898.png,test/bad/2D/2026_03_11-09_30_17-898.png,3,normalmap,custom_eval,C:\anomalydino_data_single_object_normalmap\normalmap\test\bad\2D\2026_03_11-09_30_17-898.png,C:\ai\AnomalyDINO\results_CUSTOM\dinov3_vitb16_688\8-shot_preprocess=force_no_mask_no_rotation_bestsearch8_fast20greedy_maxanomap_res688_evaltrain_20260413\hq_sam_outputs_batch\roi_crops_peak_hysteresis_h0.5_l0.2_merge3bridge0.1_seed=0_sam_hq_vit_tiny\combined_overlay_gallery_flat\2D\2026_03_11-09_30_17-898.png,C:\ai\AnomalyDINO\results_CUSTOM\dinov3_vitb16_688\8-shot_preprocess=force_no_mask_no_rotation_bestsearch8_fast20greedy_maxanomap_res688_evaltrain_20260413\hq_sam_outputs_batch\roi_crops_peak_hysteresis_h0.5_l0.2_merge3bridge0.1_seed=0_sam_hq_vit_tiny\test\bad\2D\2026_03_11-09_30_17-898\combined_overlay.png,,610,677,711,813,0.6021682024002075,9178,15,0.006229235880398671,0.06719610095024109,0.10535620152950287,0.06719610095024109
test/bad/2D/2026_03_11-09_30_17-898.png__roi_004,,,test/bad/2D/2026_03_11-09_30_17-898.png,test/bad/2D/2026_03_11-09_30_17-898.png,4,normalmap,custom_eval,C:\anomalydino_data_single_object_normalmap\normalmap\test\bad\2D\2026_03_11-09_30_17-898.png,C:\ai\AnomalyDINO\results_CUSTOM\dinov3_vitb16_688\8-shot_preprocess=force_no_mask_no_rotation_bestsearch8_fast20greedy_maxanomap_res688_evaltrain_20260413\hq_sam_outputs_batch\roi_crops_peak_hysteresis_h0.5_l0.2_merge3bridge0.1_seed=0_sam_hq_vit_tiny\combined_overlay_gallery_flat\2D\2026_03_11-09_30_17-898.png,C:\ai\AnomalyDINO\results_CUSTOM\dinov3_vitb16_688\8-shot_preprocess=force_no_mask_no_rotation_bestsearch8_fast20greedy_maxanomap_res688_evaltrain_20260413\hq_sam_outputs_batch\roi_crops_peak_hysteresis_h0.5_l0.2_merge3bridge0.1_seed=0_sam_hq_vit_tiny\test\bad\2D\2026_03_11-09_30_17-898\combined_overlay.png,,677,237,847,406,0.6024531126022339,22512,28,0.011627906976744186,0.06654950976371765,0.14090496301651,0.06654950976371765
test/bad/2D/2026_03_11-09_30_17-898.png__roi_005,,,test/bad/2D/2026_03_11-09_30_17-898.png,test/bad/2D/2026_03_11-09_30_17-898.png,5,normalmap,custom_eval,C:\anomalydino_data_single_object_normalmap\normalmap\test\bad\2D\2026_03_11-09_30_17-898.png,C:\ai\AnomalyDINO\results_CUSTOM\dinov3_vitb16_688\8-shot_preprocess=force_no_mask_no_rotation_bestsearch8_fast20greedy_maxanomap_res688_evaltrain_20260413\hq_sam_outputs_batch\roi_crops_peak_hysteresis_h0.5_l0.2_merge3bridge0.1_seed=0_sam_hq_vit_tiny\combined_overlay_gallery_flat\2D\2026_03_11-09_30_17-898.png,C:\ai\AnomalyDINO\results_CUSTOM\dinov3_vitb16_688\8-shot_preprocess=force_no_mask_no_rotation_bestsearch8_fast20greedy_maxanomap_res688_evaltrain_20260413\hq_sam_outputs_batch\roi_crops_peak_hysteresis_h0.5_l0.2_merge3bridge0.1_seed=0_sam_hq_vit_tiny\test\bad\2D\2026_03_11-09_30_17-898\combined_overlay.png,,1152,847,1524,1253,0.8641781806945801,33281,53,0.022009966777408636,0.06618243455886841,0.41667626798152924,0.06618243455886841
test/bad/2D/2026_03_11-09_30_17-898.png__roi_006,,,test/bad/2D/2026_03_11-09_30_17-898.png,test/bad/2D/2026_03_11-09_30_17-898.png,6,normalmap,custom_eval,C:\anomalydino_data_single_object_normalmap\normalmap\test\bad\2D\2026_03_11-09_30_17-898.png,C:\ai\AnomalyDINO\results_CUSTOM\dinov3_vitb16_688\8-shot_preprocess=force_no_mask_no_rotation_bestsearch8_fast20greedy_maxanomap_res688_evaltrain_20260413\hq_sam_outputs_batch\roi_crops_peak_hysteresis_h0.5_l0.2_merge3bridge0.1_seed=0_sam_hq_vit_tiny\combined_overlay_gallery_flat\2D\2026_03_11-09_30_17-898.png,C:\ai\AnomalyDINO\results_CUSTOM\dinov3_vitb16_688\8-shot_preprocess=force_no_mask_no_rotation_bestsearch8_fast20greedy_maxanomap_res688_evaltrain_20260413\hq_sam_outputs_batch\roi_crops_peak_hysteresis_h0.5_l0.2_merge3bridge0.1_seed=0_sam_hq_vit_tiny\test\bad\2D\2026_03_11-09_30_17-898\combined_overlay.png,,745,406,847,508,0.6384426355361938,7187,12,0.0049833887043189366,0.061018407344818115,0.10752841830253601,0.061018407344818115
test/bad/2D/2026_03_11-09_30_17-898.png__roi_007,,,test/bad/2D/2026_03_11-09_30_17-898.png,test/bad/2D/2026_03_11-09_30_17-898.png,7,normalmap,custom_eval,C:\anomalydino_data_single_object_normalmap\normalmap\test\bad\2D\2026_03_11-09_30_17-898.png,C:\ai\AnomalyDINO\results_CUSTOM\dinov3_vitb16_688\8-shot_preprocess=force_no_mask_no_rotation_bestsearch8_fast20greedy_maxanomap_res688_evaltrain_20260413\hq_sam_outputs_batch\roi_crops_peak_hysteresis_h0.5_l0.2_merge3bridge0.1_seed=0_sam_hq_vit_tiny\combined_overlay_gallery_flat\2D\2026_03_11-09_30_17-898.png,C:\ai\AnomalyDINO\results_CUSTOM\dinov3_vitb16_688\8-shot_preprocess=force_no_mask_no_rotation_bestsearch8_fast20greedy_maxanomap_res688_evaltrain_20260413\hq_sam_outputs_batch\roi_crops_peak_hysteresis_h0.5_l0.2_merge3bridge0.1_seed=0_sam_hq_vit_tiny\test\bad\2D\2026_03_11-09_30_17-898\combined_overlay.png,,1660,643,1795,914,0.5616546869277954,14277,22,0.009136212624584718,0.060481905937194824,0.24549487233161926,0.060481905937194824
test/bad/2D/2026_03_11-09_30_17-898.png__roi_008,,,test/bad/2D/2026_03_11-09_30_17-898.png,test/bad/2D/2026_03_11-09_30_17-898.png,8,normalmap,custom_eval,C:\anomalydino_data_single_object_normalmap\normalmap\test\bad\2D\2026_03_11-09_30_17-898.png,C:\ai\AnomalyDINO\results_CUSTOM\dinov3_vitb16_688\8-shot_preprocess=force_no_mask_no_rotation_bestsearch8_fast20greedy_maxanomap_res688_evaltrain_20260413\hq_sam_outputs_batch\roi_crops_peak_hysteresis_h0.5_l0.2_merge3bridge0.1_seed=0_sam_hq_vit_tiny\combined_overlay_gallery_flat\2D\2026_03_11-09_30_17-898.png,C:\ai\AnomalyDINO\results_CUSTOM\dinov3_vitb16_688\8-shot_preprocess=force_no_mask_no_rotation_bestsearch8_fast20greedy_maxanomap_res688_evaltrain_20260413\hq_sam_outputs_batch\roi_crops_peak_hysteresis_h0.5_l0.2_merge3bridge0.1_seed=0_sam_hq_vit_tiny\test\bad\2D\2026_03_11-09_30_17-898\combined_overlay.png,,847,68,915,102,0.7161617279052734,2338,7,0.0029069767441860465,0.0593792200088501,0.05308791995048523,0.0593792200088501
test/bad/2D/2026_03_11-09_30_17-898.png__roi_009,,,test/bad/2D/2026_03_11-09_30_17-898.png,test/bad/2D/2026_03_11-09_30_17-898.png,9,normalmap,custom_eval,C:\anomalydino_data_single_object_normalmap\normalmap\test\bad\2D\2026_03_11-09_30_17-898.png,C:\ai\AnomalyDINO\results_CUSTOM\dinov3_vitb16_688\8-shot_preprocess=force_no_mask_no_rotation_bestsearch8_fast20greedy_maxanomap_res688_evaltrain_20260413\hq_sam_outputs_batch\roi_crops_peak_hysteresis_h0.5_l0.2_merge3bridge0.1_seed=0_sam_hq_vit_tiny\combined_overlay_gallery_flat\2D\2026_03_11-09_30_17-898.png,C:\ai\AnomalyDINO\results_CUSTOM\dinov3_vitb16_688\8-shot_preprocess=force_no_mask_no_rotation_bestsearch8_fast20greedy_maxanomap_res688_evaltrain_20260413\hq_sam_outputs_batch\roi_crops_peak_hysteresis_h0.5_l0.2_merge3bridge0.1_seed=0_sam_hq_vit_tiny\test\bad\2D\2026_03_11-09_30_17-898\combined_overlay.png,,847,576,915,677,0.6162735223770142,4745,8,0.0033222591362126247,0.05915588140487671,0.09452858567237854,0.05915588140487671
test/bad/2D/2026_03_11-09_30_25-397.png__roi_000,,,test/bad/2D/2026_03_11-09_30_25-397.png,test/bad/2D/2026_03_11-09_30_25-397.png,0,normalmap,custom_eval,C:\anomalydino_data_single_object_normalmap\normalmap\test\bad\2D\2026_03_11-09_30_25-397.png,C:\ai\AnomalyDINO\results_CUSTOM\dinov3_vitb16_688\8-shot_preprocess=force_no_mask_no_rotation_bestsearch8_fast20greedy_maxanomap_res688_evaltrain_20260413\hq_sam_outputs_batch\roi_crops_peak_hysteresis_h0.5_l0.2_merge3bridge0.1_seed=0_sam_hq_vit_tiny\combined_overlay_gallery_flat\2D\2026_03_11-09_30_25-397.png,C:\ai\AnomalyDINO\results_CUSTOM\dinov3_vitb16_688\8-shot_preprocess=force_no_mask_no_rotation_bestsearch8_fast20greedy_maxanomap_res688_evaltrain_20260413\hq_sam_outputs_batch\roi_crops_peak_hysteresis_h0.5_l0.2_merge3bridge0.1_seed=0_sam_hq_vit_tiny\test\bad\2D\2026_03_11-09_30_25-397\combined_overlay.png,,1253,68,1795,677,0.7713487148284912,149268,200,0.08305647840531562,0.16087648272514343,3.7425853312015533,0.16087648272514343
test/bad/2D/2026_03_11-09_30_25-397.png__roi_001,,,test/bad/2D/2026_03_11-09_30_25-397.png,test/bad/2D/2026_03_11-09_30_25-397.png,1,normalmap,custom_eval,C:\anomalydino_data_single_object_normalmap\normalmap\test\bad\2D\2026_03_11-09_30_25-397.png,C:\ai\AnomalyDINO\results_CUSTOM\dinov3_vitb16_688\8-shot_preprocess=force_no_mask_no_rotation_bestsearch8_fast20greedy_maxanomap_res688_evaltrain_20260413\hq_sam_outputs_batch\roi_crops_peak_hysteresis_h0.5_l0.2_merge3bridge0.1_seed=0_sam_hq_vit_tiny\combined_overlay_gallery_flat\2D\2026_03_11-09_30_25-397.png,C:\ai\AnomalyDINO\results_CUSTOM\dinov3_vitb16_688\8-shot_preprocess=force_no_mask_no_rotation_bestsearch8_fast20greedy_maxanomap_res688_evaltrain_20260413\hq_sam_outputs_batch\roi_crops_peak_hysteresis_h0.5_l0.2_merge3bridge0.1_seed=0_sam_hq_vit_tiny\test\bad\2D\2026_03_11-09_30_25-397\combined_overlay.png,,373,406,576,508,0.6252537965774536,6387,10,0.004152823920265781,0.10409921407699585,0.23572078347206116,0.10409921407699585
test/bad/2D/2026_03_11-09_30_25-397.png__roi_002,,,test/bad/2D/2026_03_11-09_30_25-397.png,test/bad/2D/2026_03_11-09_30_25-397.png,2,normalmap,custom_eval,C:\anomalydino_data_single_object_normalmap\normalmap\test\bad\2D\2026_03_11-09_30_25-397.png,C:\ai\AnomalyDINO\results_CUSTOM\dinov3_vitb16_688\8-shot_preprocess=force_no_mask_no_rotation_bestsearch8_fast20greedy_maxanomap_res688_evaltrain_20260413\hq_sam_outputs_batch\roi_crops_peak_hysteresis_h0.5_l0.2_merge3bridge0.1_seed=0_sam_hq_vit_tiny\combined_overlay_gallery_flat\2D\2026_03_11-09_30_25-397.png,C:\ai\AnomalyDINO\results_CUSTOM\dinov3_vitb16_688\8-shot_preprocess=force_no_mask_no_rotation_bestsearch8_fast20greedy_maxanomap_res688_evaltrain_20260413\hq_sam_outputs_batch\roi_crops_peak_hysteresis_h0.5_l0.2_merge3bridge0.1_seed=0_sam_hq_vit_tiny\test\bad\2D\2026_03_11-09_30_25-397\combined_overlay.png,,1253,1050,1389,1151,0.6798807978630066,4540,10,0.004152823920265781,0.09392803907394409,0.1710616946220398,0.09392803907394409
test/bad/2D/2026_03_11-09_30_25-397.png__roi_003,,,test/bad/2D/2026_03_11-09_30_25-397.png,test/bad/2D/2026_03_11-09_30_25-397.png,3,normalmap,custom_eval,C:\anomalydino_data_single_object_normalmap\normalmap\test\bad\2D\2026_03_11-09_30_25-397.png,C:\ai\AnomalyDINO\results_CUSTOM\dinov3_vitb16_688\8-shot_preprocess=force_no_mask_no_rotation_bestsearch8_fast20greedy_maxanomap_res688_evaltrain_20260413\hq_sam_outputs_batch\roi_crops_peak_hysteresis_h0.5_l0.2_merge3bridge0.1_seed=0_sam_hq_vit_tiny\combined_overlay_gallery_flat\2D\2026_03_11-09_30_25-397.png,C:\ai\AnomalyDINO\results_CUSTOM\dinov3_vitb16_688\8-shot_preprocess=force_no_mask_no_rotation_bestsearch8_fast20greedy_maxanomap_res688_evaltrain_20260413\hq_sam_outputs_batch\roi_crops_peak_hysteresis_h0.5_l0.2_merge3bridge0.1_seed=0_sam_hq_vit_tiny\test\bad\2D\2026_03_11-09_30_25-397\combined_overlay.png,,542,339,576,406,0.7207190990447998,1555,4,0.0016611295681063123,0.08407598733901978,0.08324405550956726,0.08407598733901978
test/bad/2D/2026_03_11-09_30_25-397.png__roi_004,,,test/bad/2D/2026_03_11-09_30_25-397.png,test/bad/2D/2026_03_11-09_30_25-397.png,4,normalmap,custom_eval,C:\anomalydino_data_single_object_normalmap\normalmap\test\bad\2D\2026_03_11-09_30_25-397.png,C:\ai\AnomalyDINO\results_CUSTOM\dinov3_vitb16_688\8-shot_preprocess=force_no_mask_no_rotation_bestsearch8_fast20greedy_maxanomap_res688_evaltrain_20260413\hq_sam_outputs_batch\roi_crops_peak_hysteresis_h0.5_l0.2_merge3bridge0.1_seed=0_sam_hq_vit_tiny\combined_overlay_gallery_flat\2D\2026_03_11-09_30_25-397.png,C:\ai\AnomalyDINO\results_CUSTOM\dinov3_vitb16_688\8-shot_preprocess=force_no_mask_no_rotation_bestsearch8_fast20greedy_maxanomap_res688_evaltrain_20260413\hq_sam_outputs_batch\roi_crops_peak_hysteresis_h0.5_l0.2_merge3bridge0.1_seed=0_sam_hq_vit_tiny\test\bad\2D\2026_03_11-09_30_25-397\combined_overlay.png,,610,643,779,677,0.6175588965415955,4444,8,0.0033222591362126247,0.08346614241600037,0.17702822387218475,0.08346614241600037
test/bad/2D/2026_03_11-09_30_25-397.png__roi_005,,,test/bad/2D/2026_03_11-09_30_25-397.png,test/bad/2D/2026_03_11-09_30_25-397.png,5,normalmap,custom_eval,C:\anomalydino_data_single_object_normalmap\normalmap\test\bad\2D\2026_03_11-09_30_25-397.png,C:\ai\AnomalyDINO\results_CUSTOM\dinov3_vitb16_688\8-shot_preprocess=force_no_mask_no_rotation_bestsearch8_fast20greedy_maxanomap_res688_evaltrain_20260413\hq_sam_outputs_batch\roi_crops_peak_hysteresis_h0.5_l0.2_merge3bridge0.1_seed=0_sam_hq_vit_tiny\combined_overlay_gallery_flat\2D\2026_03_11-09_30_25-397.png,C:\ai\AnomalyDINO\results_CUSTOM\dinov3_vitb16_688\8-shot_preprocess=force_no_mask_no_rotation_bestsearch8_fast20greedy_maxanomap_res688_evaltrain_20260413\hq_sam_outputs_batch\roi_crops_peak_hysteresis_h0.5_l0.2_merge3bridge0.1_seed=0_sam_hq_vit_tiny\test\bad\2D\2026_03_11-09_30_25-397\combined_overlay.png,,847,643,948,711,0.6303896307945251,5167,11,0.004568106312292359,0.073619544506073,0.09647861123085022,0.073619544506073
test/bad/2D/2026_03_11-09_30_25-397.png__roi_006,,,test/bad/2D/2026_03_11-09_30_25-397.png,test/bad/2D/2026_03_11-09_30_25-397.png,6,normalmap,custom_eval,C:\anomalydino_data_single_object_normalmap\normalmap\test\bad\2D\2026_03_11-09_30_25-397.png,C:\ai\AnomalyDINO\results_CUSTOM\dinov3_vitb16_688\8-shot_preprocess=force_no_mask_no_rotation_bestsearch8_fast20greedy_maxanomap_res688_evaltrain_20260413\hq_sam_outputs_batch\roi_crops_peak_hysteresis_h0.5_l0.2_merge3bridge0.1_seed=0_sam_hq_vit_tiny\combined_overlay_gallery_flat\2D\2026_03_11-09_30_25-397.png,C:\ai\AnomalyDINO\results_CUSTOM\dinov3_vitb16_688\8-shot_preprocess=force_no_mask_no_rotation_bestsearch8_fast20greedy_maxanomap_res688_evaltrain_20260413\hq_sam_outputs_batch\roi_crops_peak_hysteresis_h0.5_l0.2_merge3bridge0.1_seed=0_sam_hq_vit_tiny\test\bad\2D\2026_03_11-09_30_25-397\combined_overlay.png,,677,406,1050,542,0.615041196346283,38509,50,0.020764119601328904,0.0698843002319336,0.1932896077632904,0.0698843002319336
test/bad/2D/2026_03_11-09_30_25-397.png__roi_007,,,test/bad/2D/2026_03_11-09_30_25-397.png,test/bad/2D/2026_03_11-09_30_25-397.png,7,normalmap,custom_eval,C:\anomalydino_data_single_object_normalmap\normalmap\test\bad\2D\2026_03_11-09_30_25-397.png,C:\ai\AnomalyDINO\results_CUSTOM\dinov3_vitb16_688\8-shot_preprocess=force_no_mask_no_rotation_bestsearch8_fast20greedy_maxanomap_res688_evaltrain_20260413\hq_sam_outputs_batch\roi_crops_peak_hysteresis_h0.5_l0.2_merge3bridge0.1_seed=0_sam_hq_vit_tiny\combined_overlay_gallery_flat\2D\2026_03_11-09_30_25-397.png,C:\ai\AnomalyDINO\results_CUSTOM\dinov3_vitb16_688\8-shot_preprocess=force_no_mask_no_rotation_bestsearch8_fast20greedy_maxanomap_res688_evaltrain_20260413\hq_sam_outputs_batch\roi_crops_peak_hysteresis_h0.5_l0.2_merge3bridge0.1_seed=0_sam_hq_vit_tiny\test\bad\2D\2026_03_11-09_30_25-397\combined_overlay.png,,237,1151,271,1185,0.6942037343978882,1094,5,0.0020764119601328905,0.06867405772209167,0.05141860246658325,0.06867405772209167
test/bad/2D/2026_03_11-09_30_25-397.png__roi_008,,,test/bad/2D/2026_03_11-09_30_25-397.png,test/bad/2D/2026_03_11-09_30_25-397.png,8,normalmap,custom_eval,C:\anomalydino_data_single_object_normalmap\normalmap\test\bad\2D\2026_03_11-09_30_25-397.png,C:\ai\AnomalyDINO\results_CUSTOM\dinov3_vitb16_688\8-shot_preprocess=force_no_mask_no_rotation_bestsearch8_fast20greedy_maxanomap_res688_evaltrain_20260413\hq_sam_outputs_batch\roi_crops_peak_hysteresis_h0.5_l0.2_merge3bridge0.1_seed=0_sam_hq_vit_tiny\combined_overlay_gallery_flat\2D\2026_03_11-09_30_25-397.png,C:\ai\AnomalyDINO\results_CUSTOM\dinov3_vitb16_688\8-shot_preprocess=force_no_mask_no_rotation_bestsearch8_fast20greedy_maxanomap_res688_evaltrain_20260413\hq_sam_outputs_batch\roi_crops_peak_hysteresis_h0.5_l0.2_merge3bridge0.1_seed=0_sam_hq_vit_tiny\test\bad\2D\2026_03_11-09_30_25-397\combined_overlay.png,,542,982,1084,1151,0.8034482002258301,65465,76,0.03156146179401993,0.06818282604217529,0.4035451114177704,0.06818282604217529
test/bad/2D/2026_03_11-09_30_25-397.png__roi_009,,,test/bad/2D/2026_03_11-09_30_25-397.png,test/bad/2D/2026_03_11-09_30_25-397.png,9,normalmap,custom_eval,C:\anomalydino_data_single_object_normalmap\normalmap\test\bad\2D\2026_03_11-09_30_25-397.png,C:\ai\AnomalyDINO\results_CUSTOM\dinov3_vitb16_688\8-shot_preprocess=force_no_mask_no_rotation_bestsearch8_fast20greedy_maxanomap_res688_evaltrain_20260413\hq_sam_outputs_batch\roi_crops_peak_hysteresis_h0.5_l0.2_merge3bridge0.1_seed=0_sam_hq_vit_tiny\combined_overlay_gallery_flat\2D\2026_03_11-09_30_25-397.png,C:\ai\AnomalyDINO\results_CUSTOM\dinov3_vitb16_688\8-shot_preprocess=force_no_mask_no_rotation_bestsearch8_fast20greedy_maxanomap_res688_evaltrain_20260413\hq_sam_outputs_batch\roi_crops_peak_hysteresis_h0.5_l0.2_merge3bridge0.1_seed=0_sam_hq_vit_tiny\test\bad\2D\2026_03_11-09_30_25-397\combined_overlay.png,,508,34,610,102,0.6430656909942627,4034,7,0.0029069767441860465,0.06695055961608887,0.057938963174819946,0.06695055961608887
test/bad/2D/2026_03_11-09_30_25-397.png__roi_010,,,test/bad/2D/2026_03_11-09_30_25-397.png,test/bad/2D/2026_03_11-09_30_25-397.png,10,normalmap,custom_eval,C:\anomalydino_data_single_object_normalmap\normalmap\test\bad\2D\2026_03_11-09_30_25-397.png,C:\ai\AnomalyDINO\results_CUSTOM\dinov3_vitb16_688\8-shot_preprocess=force_no_mask_no_rotation_bestsearch8_fast20greedy_maxanomap_res688_evaltrain_20260413\hq_sam_outputs_batch\roi_crops_peak_hysteresis_h0.5_l0.2_merge3bridge0.1_seed=0_sam_hq_vit_tiny\combined_overlay_gallery_flat\2D\2026_03_11-09_30_25-397.png,C:\ai\AnomalyDINO\results_CUSTOM\dinov3_vitb16_688\8-shot_preprocess=force_no_mask_no_rotation_bestsearch8_fast20greedy_maxanomap_res688_evaltrain_20260413\hq_sam_outputs_batch\roi_crops_peak_hysteresis_h0.5_l0.2_merge3bridge0.1_seed=0_sam_hq_vit_tiny\test\bad\2D\2026_03_11-09_30_25-397\combined_overlay.png,,610,542,711,576,0.6668086051940918,2737,5,0.0020764119601328905,0.059900492429733276,0.06427347660064697,0.059900492429733276
test/bad/2D/2026_03_11-09_30_25-397.png__roi_011,,,test/bad/2D/2026_03_11-09_30_25-397.png,test/bad/2D/2026_03_11-09_30_25-397.png,11,normalmap,custom_eval,C:\anomalydino_data_single_object_normalmap\normalmap\test\bad\2D\2026_03_11-09_30_25-397.png,C:\ai\AnomalyDINO\results_CUSTOM\dinov3_vitb16_688\8-shot_preprocess=force_no_mask_no_rotation_bestsearch8_fast20greedy_maxanomap_res688_evaltrain_20260413\hq_sam_outputs_batch\roi_crops_peak_hysteresis_h0.5_l0.2_merge3bridge0.1_seed=0_sam_hq_vit_tiny\combined_overlay_gallery_flat\2D\2026_03_11-09_30_25-397.png,C:\ai\AnomalyDINO\results_CUSTOM\dinov3_vitb16_688\8-shot_preprocess=force_no_mask_no_rotation_bestsearch8_fast20greedy_maxanomap_res688_evaltrain_20260413\hq_sam_outputs_batch\roi_crops_peak_hysteresis_h0.5_l0.2_merge3bridge0.1_seed=0_sam_hq_vit_tiny\test\bad\2D\2026_03_11-09_30_25-397\combined_overlay.png,,203,948,271,1016,0.7026183605194092,3246,5,0.0020764119601328905,0.058218955993652344,0.09238430857658386,0.058218955993652344
test/bad/2D/2026_03_11-09_30_40-407.png__roi_000,,,test/bad/2D/2026_03_11-09_30_40-407.png,test/bad/2D/2026_03_11-09_30_40-407.png,0,normalmap,custom_eval,C:\anomalydino_data_single_object_normalmap\normalmap\test\bad\2D\2026_03_11-09_30_40-407.png,C:\ai\AnomalyDINO\results_CUSTOM\dinov3_vitb16_688\8-shot_preprocess=force_no_mask_no_rotation_bestsearch8_fast20greedy_maxanomap_res688_evaltrain_20260413\hq_sam_outputs_batch\roi_crops_peak_hysteresis_h0.5_l0.2_merge3bridge0.1_seed=0_sam_hq_vit_tiny\combined_overlay_gallery_flat\2D\2026_03_11-09_30_40-407.png,C:\ai\AnomalyDINO\results_CUSTOM\dinov3_vitb16_688\8-shot_preprocess=force_no_mask_no_rotation_bestsearch8_fast20greedy_maxanomap_res688_evaltrain_20260413\hq_sam_outputs_batch\roi_crops_peak_hysteresis_h0.5_l0.2_merge3bridge0.1_seed=0_sam_hq_vit_tiny\test\bad\2D\2026_03_11-09_30_40-407\combined_overlay.png,,711,576,1219,914,0.7473632097244263,140464,149,0.061877076411960136,0.17290210723876953,1.1344215422868729,0.17290210723876953
test/bad/2D/2026_03_11-09_30_47-942.png__roi_000,,,test/bad/2D/2026_03_11-09_30_47-942.png,test/bad/2D/2026_03_11-09_30_47-942.png,0,normalmap,custom_eval,C:\anomalydino_data_single_object_normalmap\normalmap\test\bad\2D\2026_03_11-09_30_47-942.png,C:\ai\AnomalyDINO\results_CUSTOM\dinov3_vitb16_688\8-shot_preprocess=force_no_mask_no_rotation_bestsearch8_fast20greedy_maxanomap_res688_evaltrain_20260413\hq_sam_outputs_batch\roi_crops_peak_hysteresis_h0.5_l0.2_merge3bridge0.1_seed=0_sam_hq_vit_tiny\combined_overlay_gallery_flat\2D\2026_03_11-09_30_47-942.png,C:\ai\AnomalyDINO\results_CUSTOM\dinov3_vitb16_688\8-shot_preprocess=force_no_mask_no_rotation_bestsearch8_fast20greedy_maxanomap_res688_evaltrain_20260413\hq_sam_outputs_batch\roi_crops_peak_hysteresis_h0.5_l0.2_merge3bridge0.1_seed=0_sam_hq_vit_tiny\test\bad\2D\2026_03_11-09_30_47-942\combined_overlay.png,,474,68,1490,982,0.8650245070457458,1026890,988,0.41029900332225916,0.12456512451171875,3.849384695291519,0.12456512451171875
test/bad/2D/2026_03_11-09_30_47-942.png__roi_001,,,test/bad/2D/2026_03_11-09_30_47-942.png,test/bad/2D/2026_03_11-09_30_47-942.png,1,normalmap,custom_eval,C:\anomalydino_data_single_object_normalmap\normalmap\test\bad\2D\2026_03_11-09_30_47-942.png,C:\ai\AnomalyDINO\results_CUSTOM\dinov3_vitb16_688\8-shot_preprocess=force_no_mask_no_rotation_bestsearch8_fast20greedy_maxanomap_res688_evaltrain_20260413\hq_sam_outputs_batch\roi_crops_peak_hysteresis_h0.5_l0.2_merge3bridge0.1_seed=0_sam_hq_vit_tiny\combined_overlay_gallery_flat\2D\2026_03_11-09_30_47-942.png,C:\ai\AnomalyDINO\results_CUSTOM\dinov3_vitb16_688\8-shot_preprocess=force_no_mask_no_rotation_bestsearch8_fast20greedy_maxanomap_res688_evaltrain_20260413\hq_sam_outputs_batch\roi_crops_peak_hysteresis_h0.5_l0.2_merge3bridge0.1_seed=0_sam_hq_vit_tiny\test\bad\2D\2026_03_11-09_30_47-942\combined_overlay.png,,1660,34,1897,1219,0.8834829330444336,134891,125,0.05191029900332226,0.06176257133483887,2.9147392213344574,0.06176257133483887
test/bad/2D/2026_03_11-09_30_55-539.png__roi_000,,,test/bad/2D/2026_03_11-09_30_55-539.png,test/bad/2D/2026_03_11-09_30_55-539.png,0,normalmap,custom_eval,C:\anomalydino_data_single_object_normalmap\normalmap\test\bad\2D\2026_03_11-09_30_55-539.png,C:\ai\AnomalyDINO\results_CUSTOM\dinov3_vitb16_688\8-shot_preprocess=force_no_mask_no_rotation_bestsearch8_fast20greedy_maxanomap_res688_evaltrain_20260413\hq_sam_outputs_batch\roi_crops_peak_hysteresis_h0.5_l0.2_merge3bridge0.1_seed=0_sam_hq_vit_tiny\combined_overlay_gallery_flat\2D\2026_03_11-09_30_55-539.png,C:\ai\AnomalyDINO\results_CUSTOM\dinov3_vitb16_688\8-shot_preprocess=force_no_mask_no_rotation_bestsearch8_fast20greedy_maxanomap_res688_evaltrain_20260413\hq_sam_outputs_batch\roi_crops_peak_hysteresis_h0.5_l0.2_merge3bridge0.1_seed=0_sam_hq_vit_tiny\test\bad\2D\2026_03_11-09_30_55-539\combined_overlay.png,,102,68,1829,1388,0.9878004789352417,2224149,2013,0.8359634551495017,0.10497269034385681,13.293081223964691,0.10497269034385681
test/bad/2D/2026_03_11-09_30_55-539.png__roi_001,,,test/bad/2D/2026_03_11-09_30_55-539.png,test/bad/2D/2026_03_11-09_30_55-539.png,1,normalmap,custom_eval,C:\anomalydino_data_single_object_normalmap\normalmap\test\bad\2D\2026_03_11-09_30_55-539.png,C:\ai\AnomalyDINO\results_CUSTOM\dinov3_vitb16_688\8-shot_preprocess=force_no_mask_no_rotation_bestsearch8_fast20greedy_maxanomap_res688_evaltrain_20260413\hq_sam_outputs_batch\roi_crops_peak_hysteresis_h0.5_l0.2_merge3bridge0.1_seed=0_sam_hq_vit_tiny\combined_overlay_gallery_flat\2D\2026_03_11-09_30_55-539.png,C:\ai\AnomalyDINO\results_CUSTOM\dinov3_vitb16_688\8-shot_preprocess=force_no_mask_no_rotation_bestsearch8_fast20greedy_maxanomap_res688_evaltrain_20260413\hq_sam_outputs_batch\roi_crops_peak_hysteresis_h0.5_l0.2_merge3bridge0.1_seed=0_sam_hq_vit_tiny\test\bad\2D\2026_03_11-09_30_55-539\combined_overlay.png,,373,34,915,68,0.4977612793445587,4894,15,0.006229235880398671,0.06194883584976196,0.20074611902236938,0.06194883584976196
test/bad/2D/2026_03_11-09_31_03-065.png__roi_000,,,test/bad/2D/2026_03_11-09_31_03-065.png,test/bad/2D/2026_03_11-09_31_03-065.png,0,normalmap,custom_eval,C:\anomalydino_data_single_object_normalmap\normalmap\test\bad\2D\2026_03_11-09_31_03-065.png,C:\ai\AnomalyDINO\results_CUSTOM\dinov3_vitb16_688\8-shot_preprocess=force_no_mask_no_rotation_bestsearch8_fast20greedy_maxanomap_res688_evaltrain_20260413\hq_sam_outputs_batch\roi_crops_peak_hysteresis_h0.5_l0.2_merge3bridge0.1_seed=0_sam_hq_vit_tiny\combined_overlay_gallery_flat\2D\2026_03_11-09_31_03-065.png,C:\ai\AnomalyDINO\results_CUSTOM\dinov3_vitb16_688\8-shot_preprocess=force_no_mask_no_rotation_bestsearch8_fast20greedy_maxanomap_res688_evaltrain_20260413\hq_sam_outputs_batch\roi_crops_peak_hysteresis_h0.5_l0.2_merge3bridge0.1_seed=0_sam_hq_vit_tiny\test\bad\2D\2026_03_11-09_31_03-065\combined_overlay.png,,779,576,1084,847,0.6828835010528564,65214,74,0.030730897009966777,0.11532631516456604,0.5024892091751099,0.11532631516456604
test/bad/2D/2026_03_11-09_31_03-065.png__roi_001,,,test/bad/2D/2026_03_11-09_31_03-065.png,test/bad/2D/2026_03_11-09_31_03-065.png,1,normalmap,custom_eval,C:\anomalydino_data_single_object_normalmap\normalmap\test\bad\2D\2026_03_11-09_31_03-065.png,C:\ai\AnomalyDINO\results_CUSTOM\dinov3_vitb16_688\8-shot_preprocess=force_no_mask_no_rotation_bestsearch8_fast20greedy_maxanomap_res688_evaltrain_20260413\hq_sam_outputs_batch\roi_crops_peak_hysteresis_h0.5_l0.2_merge3bridge0.1_seed=0_sam_hq_vit_tiny\combined_overlay_gallery_flat\2D\2026_03_11-09_31_03-065.png,C:\ai\AnomalyDINO\results_CUSTOM\dinov3_vitb16_688\8-shot_preprocess=force_no_mask_no_rotation_bestsearch8_fast20greedy_maxanomap_res688_evaltrain_20260413\hq_sam_outputs_batch\roi_crops_peak_hysteresis_h0.5_l0.2_merge3bridge0.1_seed=0_sam_hq_vit_tiny\test\bad\2D\2026_03_11-09_31_03-065\combined_overlay.png,,474,914,576,948,0.7423280477523804,1383,3,0.0012458471760797341,0.11081361770629883,0.11891156435012817,0.11081361770629883
test/bad/2D/2026_03_11-09_31_03-065.png__roi_002,,,test/bad/2D/2026_03_11-09_31_03-065.png,test/bad/2D/2026_03_11-09_31_03-065.png,2,normalmap,custom_eval,C:\anomalydino_data_single_object_normalmap\normalmap\test\bad\2D\2026_03_11-09_31_03-065.png,C:\ai\AnomalyDINO\results_CUSTOM\dinov3_vitb16_688\8-shot_preprocess=force_no_mask_no_rotation_bestsearch8_fast20greedy_maxanomap_res688_evaltrain_20260413\hq_sam_outputs_batch\roi_crops_peak_hysteresis_h0.5_l0.2_merge3bridge0.1_seed=0_sam_hq_vit_tiny\combined_overlay_gallery_flat\2D\2026_03_11-09_31_03-065.png,C:\ai\AnomalyDINO\results_CUSTOM\dinov3_vitb16_688\8-shot_preprocess=force_no_mask_no_rotation_bestsearch8_fast20greedy_maxanomap_res688_evaltrain_20260413\hq_sam_outputs_batch\roi_crops_peak_hysteresis_h0.5_l0.2_merge3bridge0.1_seed=0_sam_hq_vit_tiny\test\bad\2D\2026_03_11-09_31_03-065\combined_overlay.png,,542,711,644,813,0.5947089195251465,6425,10,0.004152823920265781,0.09499341249465942,0.12710341811180115,0.09499341249465942
test/bad/2D/2026_03_11-09_31_03-065.png__roi_003,,,test/bad/2D/2026_03_11-09_31_03-065.png,test/bad/2D/2026_03_11-09_31_03-065.png,3,normalmap,custom_eval,C:\anomalydino_data_single_object_normalmap\normalmap\test\bad\2D\2026_03_11-09_31_03-065.png,C:\ai\AnomalyDINO\results_CUSTOM\dinov3_vitb16_688\8-shot_preprocess=force_no_mask_no_rotation_bestsearch8_fast20greedy_maxanomap_res688_evaltrain_20260413\hq_sam_outputs_batch\roi_crops_peak_hysteresis_h0.5_l0.2_merge3bridge0.1_seed=0_sam_hq_vit_tiny\combined_overlay_gallery_flat\2D\2026_03_11-09_31_03-065.png,C:\ai\AnomalyDINO\results_CUSTOM\dinov3_vitb16_688\8-shot_preprocess=force_no_mask_no_rotation_bestsearch8_fast20greedy_maxanomap_res688_evaltrain_20260413\hq_sam_outputs_batch\roi_crops_peak_hysteresis_h0.5_l0.2_merge3bridge0.1_seed=0_sam_hq_vit_tiny\test\bad\2D\2026_03_11-09_31_03-065\combined_overlay.png,,508,135,542,203,0.7064297795295715,1673,3,0.0012458471760797341,0.07777005434036255,0.05959165096282959,0.07777005434036255
test/bad/2D/2026_03_11-09_31_03-065.png__roi_004,,,test/bad/2D/2026_03_11-09_31_03-065.png,test/bad/2D/2026_03_11-09_31_03-065.png,4,normalmap,custom_eval,C:\anomalydino_data_single_object_normalmap\normalmap\test\bad\2D\2026_03_11-09_31_03-065.png,C:\ai\AnomalyDINO\results_CUSTOM\dinov3_vitb16_688\8-shot_preprocess=force_no_mask_no_rotation_bestsearch8_fast20greedy_maxanomap_res688_evaltrain_20260413\hq_sam_outputs_batch\roi_crops_peak_hysteresis_h0.5_l0.2_merge3bridge0.1_seed=0_sam_hq_vit_tiny\combined_overlay_gallery_flat\2D\2026_03_11-09_31_03-065.png,C:\ai\AnomalyDINO\results_CUSTOM\dinov3_vitb16_688\8-shot_preprocess=force_no_mask_no_rotation_bestsearch8_fast20greedy_maxanomap_res688_evaltrain_20260413\hq_sam_outputs_batch\roi_crops_peak_hysteresis_h0.5_l0.2_merge3bridge0.1_seed=0_sam_hq_vit_tiny\test\bad\2D\2026_03_11-09_31_03-065\combined_overlay.png,,474,271,508,339,0.7487344741821289,1232,2,0.0008305647840531562,0.07691869139671326,0.08408600091934204,0.07691869139671326
test/bad/2D/2026_03_11-09_31_03-065.png__roi_005,,,test/bad/2D/2026_03_11-09_31_03-065.png,test/bad/2D/2026_03_11-09_31_03-065.png,5,normalmap,custom_eval,C:\anomalydino_data_single_object_normalmap\normalmap\test\bad\2D\2026_03_11-09_31_03-065.png,C:\ai\AnomalyDINO\results_CUSTOM\dinov3_vitb16_688\8-shot_preprocess=force_no_mask_no_rotation_bestsearch8_fast20greedy_maxanomap_res688_evaltrain_20260413\hq_sam_outputs_batch\roi_crops_peak_hysteresis_h0.5_l0.2_merge3bridge0.1_seed=0_sam_hq_vit_tiny\combined_overlay_gallery_flat\2D\2026_03_11-09_31_03-065.png,C:\ai\AnomalyDINO\results_CUSTOM\dinov3_vitb16_688\8-shot_preprocess=force_no_mask_no_rotation_bestsearch8_fast20greedy_maxanomap_res688_evaltrain_20260413\hq_sam_outputs_batch\roi_crops_peak_hysteresis_h0.5_l0.2_merge3bridge0.1_seed=0_sam_hq_vit_tiny\test\bad\2D\2026_03_11-09_31_03-065\combined_overlay.png,,406,406,610,576,0.6097023487091064,25419,33,0.013704318936877076,0.0745885968208313,0.11994791030883789,0.0745885968208313
test/bad/2D/2026_03_11-09_31_10-416.png__roi_000,,,test/bad/2D/2026_03_11-09_31_10-416.png,test/bad/2D/2026_03_11-09_31_10-416.png,0,normalmap,custom_eval,C:\anomalydino_data_single_object_normalmap\normalmap\test\bad\2D\2026_03_11-09_31_10-416.png,C:\ai\AnomalyDINO\results_CUSTOM\dinov3_vitb16_688\8-shot_preprocess=force_no_mask_no_rotation_bestsearch8_fast20greedy_maxanomap_res688_evaltrain_20260413\hq_sam_outputs_batch\roi_crops_peak_hysteresis_h0.5_l0.2_merge3bridge0.1_seed=0_sam_hq_vit_tiny\combined_overlay_gallery_flat\2D\2026_03_11-09_31_10-416.png,C:\ai\AnomalyDINO\results_CUSTOM\dinov3_vitb16_688\8-shot_preprocess=force_no_mask_no_rotation_bestsearch8_fast20greedy_maxanomap_res688_evaltrain_20260413\hq_sam_outputs_batch\roi_crops_peak_hysteresis_h0.5_l0.2_merge3bridge0.1_seed=0_sam_hq_vit_tiny\test\bad\2D\2026_03_11-09_31_10-416\combined_overlay.png,,610,34,1727,542,0.6603845953941345,456079,448,0.18604651162790697,0.13646340370178223,2.0948682576417923,0.13646340370178223
test/bad/2D/2026_03_11-09_31_10-416.png__roi_001,,,test/bad/2D/2026_03_11-09_31_10-416.png,test/bad/2D/2026_03_11-09_31_10-416.png,1,normalmap,custom_eval,C:\anomalydino_data_single_object_normalmap\normalmap\test\bad\2D\2026_03_11-09_31_10-416.png,C:\ai\AnomalyDINO\results_CUSTOM\dinov3_vitb16_688\8-shot_preprocess=force_no_mask_no_rotation_bestsearch8_fast20greedy_maxanomap_res688_evaltrain_20260413\hq_sam_outputs_batch\roi_crops_peak_hysteresis_h0.5_l0.2_merge3bridge0.1_seed=0_sam_hq_vit_tiny\combined_overlay_gallery_flat\2D\2026_03_11-09_31_10-416.png,C:\ai\AnomalyDINO\results_CUSTOM\dinov3_vitb16_688\8-shot_preprocess=force_no_mask_no_rotation_bestsearch8_fast20greedy_maxanomap_res688_evaltrain_20260413\hq_sam_outputs_batch\roi_crops_peak_hysteresis_h0.5_l0.2_merge3bridge0.1_seed=0_sam_hq_vit_tiny\test\bad\2D\2026_03_11-09_31_10-416\combined_overlay.png,,508,982,610,1050,0.7818115949630737,2146,6,0.0024916943521594683,0.11888080835342407,0.26281285285949707,0.11888080835342407
test/bad/2D/2026_03_11-09_31_10-416.png__roi_002,,,test/bad/2D/2026_03_11-09_31_10-416.png,test/bad/2D/2026_03_11-09_31_10-416.png,2,normalmap,custom_eval,C:\anomalydino_data_single_object_normalmap\normalmap\test\bad\2D\2026_03_11-09_31_10-416.png,C:\ai\AnomalyDINO\results_CUSTOM\dinov3_vitb16_688\8-shot_preprocess=force_no_mask_no_rotation_bestsearch8_fast20greedy_maxanomap_res688_evaltrain_20260413\hq_sam_outputs_batch\roi_crops_peak_hysteresis_h0.5_l0.2_merge3bridge0.1_seed=0_sam_hq_vit_tiny\combined_overlay_gallery_flat\2D\2026_03_11-09_31_10-416.png,C:\ai\AnomalyDINO\results_CUSTOM\dinov3_vitb16_688\8-shot_preprocess=force_no_mask_no_rotation_bestsearch8_fast20greedy_maxanomap_res688_evaltrain_20260413\hq_sam_outputs_batch\roi_crops_peak_hysteresis_h0.5_l0.2_merge3bridge0.1_seed=0_sam_hq_vit_tiny\test\bad\2D\2026_03_11-09_31_10-416\combined_overlay.png,,1727,508,1761,542,0.879231333732605,465,1,0.0004152823920265781,0.10622751712799072,0.0775076150894165,0.10622751712799072
test/bad/2D/2026_03_11-09_31_10-416.png__roi_003,,,test/bad/2D/2026_03_11-09_31_10-416.png,test/bad/2D/2026_03_11-09_31_10-416.png,3,normalmap,custom_eval,C:\anomalydino_data_single_object_normalmap\normalmap\test\bad\2D\2026_03_11-09_31_10-416.png,C:\ai\AnomalyDINO\results_CUSTOM\dinov3_vitb16_688\8-shot_preprocess=force_no_mask_no_rotation_bestsearch8_fast20greedy_maxanomap_res688_evaltrain_20260413\hq_sam_outputs_batch\roi_crops_peak_hysteresis_h0.5_l0.2_merge3bridge0.1_seed=0_sam_hq_vit_tiny\combined_overlay_gallery_flat\2D\2026_03_11-09_31_10-416.png,C:\ai\AnomalyDINO\results_CUSTOM\dinov3_vitb16_688\8-shot_preprocess=force_no_mask_no_rotation_bestsearch8_fast20greedy_maxanomap_res688_evaltrain_20260413\hq_sam_outputs_batch\roi_crops_peak_hysteresis_h0.5_l0.2_merge3bridge0.1_seed=0_sam_hq_vit_tiny\test\bad\2D\2026_03_11-09_31_10-416\combined_overlay.png,,169,745,203,779,0.6672567129135132,444,1,0.0004152823920265781,0.09051594138145447,0.06475900113582611,0.09051594138145447
test/bad/2D/2026_03_11-09_31_10-416.png__roi_004,,,test/bad/2D/2026_03_11-09_31_10-416.png,test/bad/2D/2026_03_11-09_31_10-416.png,4,normalmap,custom_eval,C:\anomalydino_data_single_object_normalmap\normalmap\test\bad\2D\2026_03_11-09_31_10-416.png,C:\ai\AnomalyDINO\results_CUSTOM\dinov3_vitb16_688\8-shot_preprocess=force_no_mask_no_rotation_bestsearch8_fast20greedy_maxanomap_res688_evaltrain_20260413\hq_sam_outputs_batch\roi_crops_peak_hysteresis_h0.5_l0.2_merge3bridge0.1_seed=0_sam_hq_vit_tiny\combined_overlay_gallery_flat\2D\2026_03_11-09_31_10-416.png,C:\ai\AnomalyDINO\results_CUSTOM\dinov3_vitb16_688\8-shot_preprocess=force_no_mask_no_rotation_bestsearch8_fast20greedy_maxanomap_res688_evaltrain_20260413\hq_sam_outputs_batch\roi_crops_peak_hysteresis_h0.5_l0.2_merge3bridge0.1_seed=0_sam_hq_vit_tiny\test\bad\2D\2026_03_11-09_31_10-416\combined_overlay.png,,982,576,1084,643,0.6546268463134766,4329,6,0.0024916943521594683,0.08949941396713257,0.10090482234954834,0.08949941396713257
test/bad/2D/2026_03_11-09_31_10-416.png__roi_005,,,test/bad/2D/2026_03_11-09_31_10-416.png,test/bad/2D/2026_03_11-09_31_10-416.png,5,normalmap,custom_eval,C:\anomalydino_data_single_object_normalmap\normalmap\test\bad\2D\2026_03_11-09_31_10-416.png,C:\ai\AnomalyDINO\results_CUSTOM\dinov3_vitb16_688\8-shot_preprocess=force_no_mask_no_rotation_bestsearch8_fast20greedy_maxanomap_res688_evaltrain_20260413\hq_sam_outputs_batch\roi_crops_peak_hysteresis_h0.5_l0.2_merge3bridge0.1_seed=0_sam_hq_vit_tiny\combined_overlay_gallery_flat\2D\2026_03_11-09_31_10-416.png,C:\ai\AnomalyDINO\results_CUSTOM\dinov3_vitb16_688\8-shot_preprocess=force_no_mask_no_rotation_bestsearch8_fast20greedy_maxanomap_res688_evaltrain_20260413\hq_sam_outputs_batch\roi_crops_peak_hysteresis_h0.5_l0.2_merge3bridge0.1_seed=0_sam_hq_vit_tiny\test\bad\2D\2026_03_11-09_31_10-416\combined_overlay.png,,677,813,711,880,0.7151584029197693,1128,2,0.0008305647840531562,0.08273082971572876,0.06718820333480835,0.08273082971572876
test/bad/2D/2026_03_11-09_31_10-416.png__roi_006,,,test/bad/2D/2026_03_11-09_31_10-416.png,test/bad/2D/2026_03_11-09_31_10-416.png,6,normalmap,custom_eval,C:\anomalydino_data_single_object_normalmap\normalmap\test\bad\2D\2026_03_11-09_31_10-416.png,C:\ai\AnomalyDINO\results_CUSTOM\dinov3_vitb16_688\8-shot_preprocess=force_no_mask_no_rotation_bestsearch8_fast20greedy_maxanomap_res688_evaltrain_20260413\hq_sam_outputs_batch\roi_crops_peak_hysteresis_h0.5_l0.2_merge3bridge0.1_seed=0_sam_hq_vit_tiny\combined_overlay_gallery_flat\2D\2026_03_11-09_31_10-416.png,C:\ai\AnomalyDINO\results_CUSTOM\dinov3_vitb16_688\8-shot_preprocess=force_no_mask_no_rotation_bestsearch8_fast20greedy_maxanomap_res688_evaltrain_20260413\hq_sam_outputs_batch\roi_crops_peak_hysteresis_h0.5_l0.2_merge3bridge0.1_seed=0_sam_hq_vit_tiny\test\bad\2D\2026_03_11-09_31_10-416\combined_overlay.png,,474,271,508,305,0.7477829456329346,749,2,0.0008305647840531562,0.08131542801856995,0.05423985421657562,0.08131542801856995
test/bad/2D/2026_03_11-09_31_16-912.png__roi_000,,,test/bad/2D/2026_03_11-09_31_16-912.png,test/bad/2D/2026_03_11-09_31_16-912.png,0,normalmap,custom_eval,C:\anomalydino_data_single_object_normalmap\normalmap\test\bad\2D\2026_03_11-09_31_16-912.png,C:\ai\AnomalyDINO\results_CUSTOM\dinov3_vitb16_688\8-shot_preprocess=force_no_mask_no_rotation_bestsearch8_fast20greedy_maxanomap_res688_evaltrain_20260413\hq_sam_outputs_batch\roi_crops_peak_hysteresis_h0.5_l0.2_merge3bridge0.1_seed=0_sam_hq_vit_tiny\combined_overlay_gallery_flat\2D\2026_03_11-09_31_16-912.png,C:\ai\AnomalyDINO\results_CUSTOM\dinov3_vitb16_688\8-shot_preprocess=force_no_mask_no_rotation_bestsearch8_fast20greedy_maxanomap_res688_evaltrain_20260413\hq_sam_outputs_batch\roi_crops_peak_hysteresis_h0.5_l0.2_merge3bridge0.1_seed=0_sam_hq_vit_tiny\test\bad\2D\2026_03_11-09_31_16-912\combined_overlay.png,,203,68,1761,1388,0.9633094072341919,2079818,1902,0.7898671096345515,0.09657248854637146,7.368599236011505,0.09657248854637146
test/bad/2D/2026_03_11-09_31_16-912.png__roi_001,,,test/bad/2D/2026_03_11-09_31_16-912.png,test/bad/2D/2026_03_11-09_31_16-912.png,1,normalmap,custom_eval,C:\anomalydino_data_single_object_normalmap\normalmap\test\bad\2D\2026_03_11-09_31_16-912.png,C:\ai\AnomalyDINO\results_CUSTOM\dinov3_vitb16_688\8-shot_preprocess=force_no_mask_no_rotation_bestsearch8_fast20greedy_maxanomap_res688_evaltrain_20260413\hq_sam_outputs_batch\roi_crops_peak_hysteresis_h0.5_l0.2_merge3bridge0.1_seed=0_sam_hq_vit_tiny\combined_overlay_gallery_flat\2D\2026_03_11-09_31_16-912.png,C:\ai\AnomalyDINO\results_CUSTOM\dinov3_vitb16_688\8-shot_preprocess=force_no_mask_no_rotation_bestsearch8_fast20greedy_maxanomap_res688_evaltrain_20260413\hq_sam_outputs_batch\roi_crops_peak_hysteresis_h0.5_l0.2_merge3bridge0.1_seed=0_sam_hq_vit_tiny\test\bad\2D\2026_03_11-09_31_16-912\combined_overlay.png,,847,1388,948,1422,0.7631680965423584,1858,4,0.0016611295681063123,0.06308150291442871,0.06178414821624756,0.06308150291442871
test/bad/2D/2026_03_19-08_21_08-081.png__roi_000,,,test/bad/2D/2026_03_19-08_21_08-081.png,test/bad/2D/2026_03_19-08_21_08-081.png,0,normalmap,custom_eval,C:\anomalydino_data_single_object_normalmap\normalmap\test\bad\2D\2026_03_19-08_21_08-081.png,C:\ai\AnomalyDINO\results_CUSTOM\dinov3_vitb16_688\8-shot_preprocess=force_no_mask_no_rotation_bestsearch8_fast20greedy_maxanomap_res688_evaltrain_20260413\hq_sam_outputs_batch\roi_crops_peak_hysteresis_h0.5_l0.2_merge3bridge0.1_seed=0_sam_hq_vit_tiny\combined_overlay_gallery_flat\2D\2026_03_19-08_21_08-081.png,C:\ai\AnomalyDINO\results_CUSTOM\dinov3_vitb16_688\8-shot_preprocess=force_no_mask_no_rotation_bestsearch8_fast20greedy_maxanomap_res688_evaltrain_20260413\hq_sam_outputs_batch\roi_crops_peak_hysteresis_h0.5_l0.2_merge3bridge0.1_seed=0_sam_hq_vit_tiny\test\bad\2D\2026_03_19-08_21_08-081\combined_overlay.png,,1660,34,1863,305,0.9264227747917175,21131,29,0.012043189368770765,0.17761218547821045,2.250956118106842,0.17761218547821045
test/bad/2D/2026_03_19-08_21_08-081.png__roi_001,,,test/bad/2D/2026_03_19-08_21_08-081.png,test/bad/2D/2026_03_19-08_21_08-081.png,1,normalmap,custom_eval,C:\anomalydino_data_single_object_normalmap\normalmap\test\bad\2D\2026_03_19-08_21_08-081.png,C:\ai\AnomalyDINO\results_CUSTOM\dinov3_vitb16_688\8-shot_preprocess=force_no_mask_no_rotation_bestsearch8_fast20greedy_maxanomap_res688_evaltrain_20260413\hq_sam_outputs_batch\roi_crops_peak_hysteresis_h0.5_l0.2_merge3bridge0.1_seed=0_sam_hq_vit_tiny\combined_overlay_gallery_flat\2D\2026_03_19-08_21_08-081.png,C:\ai\AnomalyDINO\results_CUSTOM\dinov3_vitb16_688\8-shot_preprocess=force_no_mask_no_rotation_bestsearch8_fast20greedy_maxanomap_res688_evaltrain_20260413\hq_sam_outputs_batch\roi_crops_peak_hysteresis_h0.5_l0.2_merge3bridge0.1_seed=0_sam_hq_vit_tiny\test\bad\2D\2026_03_19-08_21_08-081\combined_overlay.png,,203,643,406,813,0.9517309665679932,13319,20,0.008305647840531562,0.17035174369812012,1.5388812720775604,0.17035174369812012
test/bad/2D/2026_03_19-08_21_08-081.png__roi_002,,,test/bad/2D/2026_03_19-08_21_08-081.png,test/bad/2D/2026_03_19-08_21_08-081.png,2,normalmap,custom_eval,C:\anomalydino_data_single_object_normalmap\normalmap\test\bad\2D\2026_03_19-08_21_08-081.png,C:\ai\AnomalyDINO\results_CUSTOM\dinov3_vitb16_688\8-shot_preprocess=force_no_mask_no_rotation_bestsearch8_fast20greedy_maxanomap_res688_evaltrain_20260413\hq_sam_outputs_batch\roi_crops_peak_hysteresis_h0.5_l0.2_merge3bridge0.1_seed=0_sam_hq_vit_tiny\combined_overlay_gallery_flat\2D\2026_03_19-08_21_08-081.png,C:\ai\AnomalyDINO\results_CUSTOM\dinov3_vitb16_688\8-shot_preprocess=force_no_mask_no_rotation_bestsearch8_fast20greedy_maxanomap_res688_evaltrain_20260413\hq_sam_outputs_batch\roi_crops_peak_hysteresis_h0.5_l0.2_merge3bridge0.1_seed=0_sam_hq_vit_tiny\test\bad\2D\2026_03_19-08_21_08-081\combined_overlay.png,,508,711,576,779,0.7528476715087891,1426,4,0.0016611295681063123,0.08906784653663635,0.18392589688301086,0.08906784653663635
test/bad/2D/2026_03_19-08_21_08-081.png__roi_003,,,test/bad/2D/2026_03_19-08_21_08-081.png,test/bad/2D/2026_03_19-08_21_08-081.png,3,normalmap,custom_eval,C:\anomalydino_data_single_object_normalmap\normalmap\test\bad\2D\2026_03_19-08_21_08-081.png,C:\ai\AnomalyDINO\results_CUSTOM\dinov3_vitb16_688\8-shot_preprocess=force_no_mask_no_rotation_bestsearch8_fast20greedy_maxanomap_res688_evaltrain_20260413\hq_sam_outputs_batch\roi_crops_peak_hysteresis_h0.5_l0.2_merge3bridge0.1_seed=0_sam_hq_vit_tiny\combined_overlay_gallery_flat\2D\2026_03_19-08_21_08-081.png,C:\ai\AnomalyDINO\results_CUSTOM\dinov3_vitb16_688\8-shot_preprocess=force_no_mask_no_rotation_bestsearch8_fast20greedy_maxanomap_res688_evaltrain_20260413\hq_sam_outputs_batch\roi_crops_peak_hysteresis_h0.5_l0.2_merge3bridge0.1_seed=0_sam_hq_vit_tiny\test\bad\2D\2026_03_19-08_21_08-081\combined_overlay.png,,102,406,203,474,0.7210310697555542,4643,8,0.0033222591362126247,0.07144105434417725,0.1752086877822876,0.07144105434417725
test/bad/2D/2026_03_19-08_21_49-234.png__roi_000,,,test/bad/2D/2026_03_19-08_21_49-234.png,test/bad/2D/2026_03_19-08_21_49-234.png,0,normalmap,custom_eval,C:\anomalydino_data_single_object_normalmap\normalmap\test\bad\2D\2026_03_19-08_21_49-234.png,C:\ai\AnomalyDINO\results_CUSTOM\dinov3_vitb16_688\8-shot_preprocess=force_no_mask_no_rotation_bestsearch8_fast20greedy_maxanomap_res688_evaltrain_20260413\hq_sam_outputs_batch\roi_crops_peak_hysteresis_h0.5_l0.2_merge3bridge0.1_seed=0_sam_hq_vit_tiny\combined_overlay_gallery_flat\2D\2026_03_19-08_21_49-234.png,C:\ai\AnomalyDINO\results_CUSTOM\dinov3_vitb16_688\8-shot_preprocess=force_no_mask_no_rotation_bestsearch8_fast20greedy_maxanomap_res688_evaltrain_20260413\hq_sam_outputs_batch\roi_crops_peak_hysteresis_h0.5_l0.2_merge3bridge0.1_seed=0_sam_hq_vit_tiny\test\bad\2D\2026_03_19-08_21_49-234\combined_overlay.png,,203,982,271,1084,0.8281590938568115,1765,7,0.0029069767441860465,0.10815298557281494,0.3862762749195099,0.10815298557281494
test/bad/2D/2026_03_19-08_22_22-999.png__roi_000,,,test/bad/2D/2026_03_19-08_22_22-999.png,test/bad/2D/2026_03_19-08_22_22-999.png,0,normalmap,custom_eval,C:\anomalydino_data_single_object_normalmap\normalmap\test\bad\2D\2026_03_19-08_22_22-999.png,C:\ai\AnomalyDINO\results_CUSTOM\dinov3_vitb16_688\8-shot_preprocess=force_no_mask_no_rotation_bestsearch8_fast20greedy_maxanomap_res688_evaltrain_20260413\hq_sam_outputs_batch\roi_crops_peak_hysteresis_h0.5_l0.2_merge3bridge0.1_seed=0_sam_hq_vit_tiny\combined_overlay_gallery_flat\2D\2026_03_19-08_22_22-999.png,C:\ai\AnomalyDINO\results_CUSTOM\dinov3_vitb16_688\8-shot_preprocess=force_no_mask_no_rotation_bestsearch8_fast20greedy_maxanomap_res688_evaltrain_20260413\hq_sam_outputs_batch\roi_crops_peak_hysteresis_h0.5_l0.2_merge3bridge0.1_seed=0_sam_hq_vit_tiny\test\bad\2D\2026_03_19-08_22_22-999\combined_overlay.png,,1355,1151,1423,1219,0.6420148611068726,1075,4,0.0016611295681063123,0.08508199453353882,0.15648749470710754,0.08508199453353882
test/bad/2D/2026_03_19-08_22_22-999.png__roi_001,,,test/bad/2D/2026_03_19-08_22_22-999.png,test/bad/2D/2026_03_19-08_22_22-999.png,1,normalmap,custom_eval,C:\anomalydino_data_single_object_normalmap\normalmap\test\bad\2D\2026_03_19-08_22_22-999.png,C:\ai\AnomalyDINO\results_CUSTOM\dinov3_vitb16_688\8-shot_preprocess=force_no_mask_no_rotation_bestsearch8_fast20greedy_maxanomap_res688_evaltrain_20260413\hq_sam_outputs_batch\roi_crops_peak_hysteresis_h0.5_l0.2_merge3bridge0.1_seed=0_sam_hq_vit_tiny\combined_overlay_gallery_flat\2D\2026_03_19-08_22_22-999.png,C:\ai\AnomalyDINO\results_CUSTOM\dinov3_vitb16_688\8-shot_preprocess=force_no_mask_no_rotation_bestsearch8_fast20greedy_maxanomap_res688_evaltrain_20260413\hq_sam_outputs_batch\roi_crops_peak_hysteresis_h0.5_l0.2_merge3bridge0.1_seed=0_sam_hq_vit_tiny\test\bad\2D\2026_03_19-08_22_22-999\combined_overlay.png,,1727,677,1761,745,0.7362625002861023,761,2,0.0008305647840531562,0.06746277213096619,0.1125897765159607,0.06746277213096619
test/bad/2D/2026_03_19-08_22_22-999.png__roi_002,,,test/bad/2D/2026_03_19-08_22_22-999.png,test/bad/2D/2026_03_19-08_22_22-999.png,2,normalmap,custom_eval,C:\anomalydino_data_single_object_normalmap\normalmap\test\bad\2D\2026_03_19-08_22_22-999.png,C:\ai\AnomalyDINO\results_CUSTOM\dinov3_vitb16_688\8-shot_preprocess=force_no_mask_no_rotation_bestsearch8_fast20greedy_maxanomap_res688_evaltrain_20260413\hq_sam_outputs_batch\roi_crops_peak_hysteresis_h0.5_l0.2_merge3bridge0.1_seed=0_sam_hq_vit_tiny\combined_overlay_gallery_flat\2D\2026_03_19-08_22_22-999.png,C:\ai\AnomalyDINO\results_CUSTOM\dinov3_vitb16_688\8-shot_preprocess=force_no_mask_no_rotation_bestsearch8_fast20greedy_maxanomap_res688_evaltrain_20260413\hq_sam_outputs_batch\roi_crops_peak_hysteresis_h0.5_l0.2_merge3bridge0.1_seed=0_sam_hq_vit_tiny\test\bad\2D\2026_03_19-08_22_22-999\combined_overlay.png,,610,1050,677,1117,0.725403904914856,3069,6,0.0024916943521594683,0.057080209255218506,0.07257193326950073,0.057080209255218506
test/bad/2D/2026_03_19-08_22_36-518.png__roi_000,,,test/bad/2D/2026_03_19-08_22_36-518.png,test/bad/2D/2026_03_19-08_22_36-518.png,0,normalmap,custom_eval,C:\anomalydino_data_single_object_normalmap\normalmap\test\bad\2D\2026_03_19-08_22_36-518.png,C:\ai\AnomalyDINO\results_CUSTOM\dinov3_vitb16_688\8-shot_preprocess=force_no_mask_no_rotation_bestsearch8_fast20greedy_maxanomap_res688_evaltrain_20260413\hq_sam_outputs_batch\roi_crops_peak_hysteresis_h0.5_l0.2_merge3bridge0.1_seed=0_sam_hq_vit_tiny\combined_overlay_gallery_flat\2D\2026_03_19-08_22_36-518.png,C:\ai\AnomalyDINO\results_CUSTOM\dinov3_vitb16_688\8-shot_preprocess=force_no_mask_no_rotation_bestsearch8_fast20greedy_maxanomap_res688_evaltrain_20260413\hq_sam_outputs_batch\roi_crops_peak_hysteresis_h0.5_l0.2_merge3bridge0.1_seed=0_sam_hq_vit_tiny\test\bad\2D\2026_03_19-08_22_36-518\combined_overlay.png,,203,508,237,576,0.7792059183120728,1046,2,0.0008305647840531562,0.10287231206893921,0.18724045157432556,0.10287231206893921
test/bad/2D/2026_03_19-08_22_36-518.png__roi_001,,,test/bad/2D/2026_03_19-08_22_36-518.png,test/bad/2D/2026_03_19-08_22_36-518.png,1,normalmap,custom_eval,C:\anomalydino_data_single_object_normalmap\normalmap\test\bad\2D\2026_03_19-08_22_36-518.png,C:\ai\AnomalyDINO\results_CUSTOM\dinov3_vitb16_688\8-shot_preprocess=force_no_mask_no_rotation_bestsearch8_fast20greedy_maxanomap_res688_evaltrain_20260413\hq_sam_outputs_batch\roi_crops_peak_hysteresis_h0.5_l0.2_merge3bridge0.1_seed=0_sam_hq_vit_tiny\combined_overlay_gallery_flat\2D\2026_03_19-08_22_36-518.png,C:\ai\AnomalyDINO\results_CUSTOM\dinov3_vitb16_688\8-shot_preprocess=force_no_mask_no_rotation_bestsearch8_fast20greedy_maxanomap_res688_evaltrain_20260413\hq_sam_outputs_batch\roi_crops_peak_hysteresis_h0.5_l0.2_merge3bridge0.1_seed=0_sam_hq_vit_tiny\test\bad\2D\2026_03_19-08_22_36-518\combined_overlay.png,,1287,745,1355,813,0.7110157012939453,1687,4,0.0016611295681063123,0.0631830096244812,0.16688796877861023,0.0631830096244812
test/bad/2D/2026_03_19-08_22_36-518.png__roi_002,,,test/bad/2D/2026_03_19-08_22_36-518.png,test/bad/2D/2026_03_19-08_22_36-518.png,2,normalmap,custom_eval,C:\anomalydino_data_single_object_normalmap\normalmap\test\bad\2D\2026_03_19-08_22_36-518.png,C:\ai\AnomalyDINO\results_CUSTOM\dinov3_vitb16_688\8-shot_preprocess=force_no_mask_no_rotation_bestsearch8_fast20greedy_maxanomap_res688_evaltrain_20260413\hq_sam_outputs_batch\roi_crops_peak_hysteresis_h0.5_l0.2_merge3bridge0.1_seed=0_sam_hq_vit_tiny\combined_overlay_gallery_flat\2D\2026_03_19-08_22_36-518.png,C:\ai\AnomalyDINO\results_CUSTOM\dinov3_vitb16_688\8-shot_preprocess=force_no_mask_no_rotation_bestsearch8_fast20greedy_maxanomap_res688_evaltrain_20260413\hq_sam_outputs_batch\roi_crops_peak_hysteresis_h0.5_l0.2_merge3bridge0.1_seed=0_sam_hq_vit_tiny\test\bad\2D\2026_03_19-08_22_36-518\combined_overlay.png,,237,813,271,880,0.7006394267082214,1190,3,0.0012458471760797341,0.05911141633987427,0.06721553206443787,0.05911141633987427
test/bad/2D/2026_03_19-08_22_36-518.png__roi_003,,,test/bad/2D/2026_03_19-08_22_36-518.png,test/bad/2D/2026_03_19-08_22_36-518.png,3,normalmap,custom_eval,C:\anomalydino_data_single_object_normalmap\normalmap\test\bad\2D\2026_03_19-08_22_36-518.png,C:\ai\AnomalyDINO\results_CUSTOM\dinov3_vitb16_688\8-shot_preprocess=force_no_mask_no_rotation_bestsearch8_fast20greedy_maxanomap_res688_evaltrain_20260413\hq_sam_outputs_batch\roi_crops_peak_hysteresis_h0.5_l0.2_merge3bridge0.1_seed=0_sam_hq_vit_tiny\combined_overlay_gallery_flat\2D\2026_03_19-08_22_36-518.png,C:\ai\AnomalyDINO\results_CUSTOM\dinov3_vitb16_688\8-shot_preprocess=force_no_mask_no_rotation_bestsearch8_fast20greedy_maxanomap_res688_evaltrain_20260413\hq_sam_outputs_batch\roi_crops_peak_hysteresis_h0.5_l0.2_merge3bridge0.1_seed=0_sam_hq_vit_tiny\test\bad\2D\2026_03_19-08_22_36-518\combined_overlay.png,,1490,508,1558,576,0.7398958206176758,2084,7,0.0029069767441860465,0.0577051043510437,0.1094588190317154,0.0577051043510437
test/bad/2D/2026_03_19-08_23_16-089.png__roi_000,,,test/bad/2D/2026_03_19-08_23_16-089.png,test/bad/2D/2026_03_19-08_23_16-089.png,0,normalmap,custom_eval,C:\anomalydino_data_single_object_normalmap\normalmap\test\bad\2D\2026_03_19-08_23_16-089.png,C:\ai\AnomalyDINO\results_CUSTOM\dinov3_vitb16_688\8-shot_preprocess=force_no_mask_no_rotation_bestsearch8_fast20greedy_maxanomap_res688_evaltrain_20260413\hq_sam_outputs_batch\roi_crops_peak_hysteresis_h0.5_l0.2_merge3bridge0.1_seed=0_sam_hq_vit_tiny\combined_overlay_gallery_flat\2D\2026_03_19-08_23_16-089.png,C:\ai\AnomalyDINO\results_CUSTOM\dinov3_vitb16_688\8-shot_preprocess=force_no_mask_no_rotation_bestsearch8_fast20greedy_maxanomap_res688_evaltrain_20260413\hq_sam_outputs_batch\roi_crops_peak_hysteresis_h0.5_l0.2_merge3bridge0.1_seed=0_sam_hq_vit_tiny\test\bad\2D\2026_03_19-08_23_16-089\combined_overlay.png,,610,1050,1084,1219,0.7791481614112854,35134,49,0.020348837209302327,0.08005538582801819,0.46021515130996704,0.08005538582801819
test/bad/2D/2026_03_19-08_23_16-089.png__roi_001,,,test/bad/2D/2026_03_19-08_23_16-089.png,test/bad/2D/2026_03_19-08_23_16-089.png,1,normalmap,custom_eval,C:\anomalydino_data_single_object_normalmap\normalmap\test\bad\2D\2026_03_19-08_23_16-089.png,C:\ai\AnomalyDINO\results_CUSTOM\dinov3_vitb16_688\8-shot_preprocess=force_no_mask_no_rotation_bestsearch8_fast20greedy_maxanomap_res688_evaltrain_20260413\hq_sam_outputs_batch\roi_crops_peak_hysteresis_h0.5_l0.2_merge3bridge0.1_seed=0_sam_hq_vit_tiny\combined_overlay_gallery_flat\2D\2026_03_19-08_23_16-089.png,C:\ai\AnomalyDINO\results_CUSTOM\dinov3_vitb16_688\8-shot_preprocess=force_no_mask_no_rotation_bestsearch8_fast20greedy_maxanomap_res688_evaltrain_20260413\hq_sam_outputs_batch\roi_crops_peak_hysteresis_h0.5_l0.2_merge3bridge0.1_seed=0_sam_hq_vit_tiny\test\bad\2D\2026_03_19-08_23_16-089\combined_overlay.png,,406,372,474,440,0.7553420662879944,2645,4,0.0016611295681063123,0.07118886709213257,0.08888369798660278,0.07118886709213257
test/bad/2D/2026_03_19-08_23_16-089.png__roi_002,,,test/bad/2D/2026_03_19-08_23_16-089.png,test/bad/2D/2026_03_19-08_23_16-089.png,2,normalmap,custom_eval,C:\anomalydino_data_single_object_normalmap\normalmap\test\bad\2D\2026_03_19-08_23_16-089.png,C:\ai\AnomalyDINO\results_CUSTOM\dinov3_vitb16_688\8-shot_preprocess=force_no_mask_no_rotation_bestsearch8_fast20greedy_maxanomap_res688_evaltrain_20260413\hq_sam_outputs_batch\roi_crops_peak_hysteresis_h0.5_l0.2_merge3bridge0.1_seed=0_sam_hq_vit_tiny\combined_overlay_gallery_flat\2D\2026_03_19-08_23_16-089.png,C:\ai\AnomalyDINO\results_CUSTOM\dinov3_vitb16_688\8-shot_preprocess=force_no_mask_no_rotation_bestsearch8_fast20greedy_maxanomap_res688_evaltrain_20260413\hq_sam_outputs_batch\roi_crops_peak_hysteresis_h0.5_l0.2_merge3bridge0.1_seed=0_sam_hq_vit_tiny\test\bad\2D\2026_03_19-08_23_16-089\combined_overlay.png,,711,948,745,982,0.7149830460548401,552,1,0.0004152823920265781,0.06797832250595093,0.05096161365509033,0.06797832250595093
test/bad/2D/2026_03_19-08_23_42-255.png__roi_000,,,test/bad/2D/2026_03_19-08_23_42-255.png,test/bad/2D/2026_03_19-08_23_42-255.png,0,normalmap,custom_eval,C:\anomalydino_data_single_object_normalmap\normalmap\test\bad\2D\2026_03_19-08_23_42-255.png,C:\ai\AnomalyDINO\results_CUSTOM\dinov3_vitb16_688\8-shot_preprocess=force_no_mask_no_rotation_bestsearch8_fast20greedy_maxanomap_res688_evaltrain_20260413\hq_sam_outputs_batch\roi_crops_peak_hysteresis_h0.5_l0.2_merge3bridge0.1_seed=0_sam_hq_vit_tiny\combined_overlay_gallery_flat\2D\2026_03_19-08_23_42-255.png,C:\ai\AnomalyDINO\results_CUSTOM\dinov3_vitb16_688\8-shot_preprocess=force_no_mask_no_rotation_bestsearch8_fast20greedy_maxanomap_res688_evaltrain_20260413\hq_sam_outputs_batch\roi_crops_peak_hysteresis_h0.5_l0.2_merge3bridge0.1_seed=0_sam_hq_vit_tiny\test\bad\2D\2026_03_19-08_23_42-255\combined_overlay.png,,1694,1016,1727,1050,0.7153860330581665,586,3,0.0012458471760797341,0.06892400979995728,0.06665569543838501,0.06892400979995728
test/bad/2D/2026_03_19-08_24_29-031.png__roi_000,,,test/bad/2D/2026_03_19-08_24_29-031.png,test/bad/2D/2026_03_19-08_24_29-031.png,0,normalmap,custom_eval,C:\anomalydino_data_single_object_normalmap\normalmap\test\bad\2D\2026_03_19-08_24_29-031.png,C:\ai\AnomalyDINO\results_CUSTOM\dinov3_vitb16_688\8-shot_preprocess=force_no_mask_no_rotation_bestsearch8_fast20greedy_maxanomap_res688_evaltrain_20260413\hq_sam_outputs_batch\roi_crops_peak_hysteresis_h0.5_l0.2_merge3bridge0.1_seed=0_sam_hq_vit_tiny\combined_overlay_gallery_flat\2D\2026_03_19-08_24_29-031.png,C:\ai\AnomalyDINO\results_CUSTOM\dinov3_vitb16_688\8-shot_preprocess=force_no_mask_no_rotation_bestsearch8_fast20greedy_maxanomap_res688_evaltrain_20260413\hq_sam_outputs_batch\roi_crops_peak_hysteresis_h0.5_l0.2_merge3bridge0.1_seed=0_sam_hq_vit_tiny\test\bad\2D\2026_03_19-08_24_29-031\combined_overlay.png,,1355,542,1524,711,0.9407443404197693,12881,21,0.00872093023255814,0.1435491442680359,1.5342153012752533,0.1435491442680359
test/bad/2D/2026_03_19-08_24_29-031.png__roi_001,,,test/bad/2D/2026_03_19-08_24_29-031.png,test/bad/2D/2026_03_19-08_24_29-031.png,1,normalmap,custom_eval,C:\anomalydino_data_single_object_normalmap\normalmap\test\bad\2D\2026_03_19-08_24_29-031.png,C:\ai\AnomalyDINO\results_CUSTOM\dinov3_vitb16_688\8-shot_preprocess=force_no_mask_no_rotation_bestsearch8_fast20greedy_maxanomap_res688_evaltrain_20260413\hq_sam_outputs_batch\roi_crops_peak_hysteresis_h0.5_l0.2_merge3bridge0.1_seed=0_sam_hq_vit_tiny\combined_overlay_gallery_flat\2D\2026_03_19-08_24_29-031.png,C:\ai\AnomalyDINO\results_CUSTOM\dinov3_vitb16_688\8-shot_preprocess=force_no_mask_no_rotation_bestsearch8_fast20greedy_maxanomap_res688_evaltrain_20260413\hq_sam_outputs_batch\roi_crops_peak_hysteresis_h0.5_l0.2_merge3bridge0.1_seed=0_sam_hq_vit_tiny\test\bad\2D\2026_03_19-08_24_29-031\combined_overlay.png,,1389,68,1423,102,0.8089485168457031,686,1,0.0004152823920265781,0.06710338592529297,0.05649733543395996,0.06710338592529297
test/bad/2D/2026_03_19-08_24_42-263.png__roi_000,,,test/bad/2D/2026_03_19-08_24_42-263.png,test/bad/2D/2026_03_19-08_24_42-263.png,0,normalmap,custom_eval,C:\anomalydino_data_single_object_normalmap\normalmap\test\bad\2D\2026_03_19-08_24_42-263.png,C:\ai\AnomalyDINO\results_CUSTOM\dinov3_vitb16_688\8-shot_preprocess=force_no_mask_no_rotation_bestsearch8_fast20greedy_maxanomap_res688_evaltrain_20260413\hq_sam_outputs_batch\roi_crops_peak_hysteresis_h0.5_l0.2_merge3bridge0.1_seed=0_sam_hq_vit_tiny\combined_overlay_gallery_flat\2D\2026_03_19-08_24_42-263.png,C:\ai\AnomalyDINO\results_CUSTOM\dinov3_vitb16_688\8-shot_preprocess=force_no_mask_no_rotation_bestsearch8_fast20greedy_maxanomap_res688_evaltrain_20260413\hq_sam_outputs_batch\roi_crops_peak_hysteresis_h0.5_l0.2_merge3bridge0.1_seed=0_sam_hq_vit_tiny\test\bad\2D\2026_03_19-08_24_42-263\combined_overlay.png,,305,711,881,1050,0.9254928231239319,71809,87,0.03612956810631229,0.37396398186683655,7.16613033413887,0.37396398186683655
test/bad/2D/2026_03_19-08_24_42-263.png__roi_001,,,test/bad/2D/2026_03_19-08_24_42-263.png,test/bad/2D/2026_03_19-08_24_42-263.png,1,normalmap,custom_eval,C:\anomalydino_data_single_object_normalmap\normalmap\test\bad\2D\2026_03_19-08_24_42-263.png,C:\ai\AnomalyDINO\results_CUSTOM\dinov3_vitb16_688\8-shot_preprocess=force_no_mask_no_rotation_bestsearch8_fast20greedy_maxanomap_res688_evaltrain_20260413\hq_sam_outputs_batch\roi_crops_peak_hysteresis_h0.5_l0.2_merge3bridge0.1_seed=0_sam_hq_vit_tiny\combined_overlay_gallery_flat\2D\2026_03_19-08_24_42-263.png,C:\ai\AnomalyDINO\results_CUSTOM\dinov3_vitb16_688\8-shot_preprocess=force_no_mask_no_rotation_bestsearch8_fast20greedy_maxanomap_res688_evaltrain_20260413\hq_sam_outputs_batch\roi_crops_peak_hysteresis_h0.5_l0.2_merge3bridge0.1_seed=0_sam_hq_vit_tiny\test\bad\2D\2026_03_19-08_24_42-263\combined_overlay.png,,1219,440,1761,1219,0.750700831413269,80660,135,0.05606312292358804,0.3236299753189087,9.83739122748375,0.3236299753189087
test/bad/2D/2026_03_19-08_25_09-540.png__roi_000,,,test/bad/2D/2026_03_19-08_25_09-540.png,test/bad/2D/2026_03_19-08_25_09-540.png,0,normalmap,custom_eval,C:\anomalydino_data_single_object_normalmap\normalmap\test\bad\2D\2026_03_19-08_25_09-540.png,C:\ai\AnomalyDINO\results_CUSTOM\dinov3_vitb16_688\8-shot_preprocess=force_no_mask_no_rotation_bestsearch8_fast20greedy_maxanomap_res688_evaltrain_20260413\hq_sam_outputs_batch\roi_crops_peak_hysteresis_h0.5_l0.2_merge3bridge0.1_seed=0_sam_hq_vit_tiny\combined_overlay_gallery_flat\2D\2026_03_19-08_25_09-540.png,C:\ai\AnomalyDINO\results_CUSTOM\dinov3_vitb16_688\8-shot_preprocess=force_no_mask_no_rotation_bestsearch8_fast20greedy_maxanomap_res688_evaltrain_20260413\hq_sam_outputs_batch\roi_crops_peak_hysteresis_h0.5_l0.2_merge3bridge0.1_seed=0_sam_hq_vit_tiny\test\bad\2D\2026_03_19-08_25_09-540\combined_overlay.png,,1490,542,1558,576,0.7762726545333862,1256,2,0.0008305647840531562,0.0869641900062561,0.1387343406677246,0.0869641900062561
test/bad/2D/2026_03_19-08_26_23-785.png__roi_000,,,test/bad/2D/2026_03_19-08_26_23-785.png,test/bad/2D/2026_03_19-08_26_23-785.png,0,normalmap,custom_eval,C:\anomalydino_data_single_object_normalmap\normalmap\test\bad\2D\2026_03_19-08_26_23-785.png,C:\ai\AnomalyDINO\results_CUSTOM\dinov3_vitb16_688\8-shot_preprocess=force_no_mask_no_rotation_bestsearch8_fast20greedy_maxanomap_res688_evaltrain_20260413\hq_sam_outputs_batch\roi_crops_peak_hysteresis_h0.5_l0.2_merge3bridge0.1_seed=0_sam_hq_vit_tiny\combined_overlay_gallery_flat\2D\2026_03_19-08_26_23-785.png,C:\ai\AnomalyDINO\results_CUSTOM\dinov3_vitb16_688\8-shot_preprocess=force_no_mask_no_rotation_bestsearch8_fast20greedy_maxanomap_res688_evaltrain_20260413\hq_sam_outputs_batch\roi_crops_peak_hysteresis_h0.5_l0.2_merge3bridge0.1_seed=0_sam_hq_vit_tiny\test\bad\2D\2026_03_19-08_26_23-785\combined_overlay.png,,406,440,474,508,0.7477600574493408,1406,4,0.0016611295681063123,0.07905566692352295,0.16260255873203278,0.07905566692352295
test/bad/2D/2026_03_19-08_26_23-785.png__roi_001,,,test/bad/2D/2026_03_19-08_26_23-785.png,test/bad/2D/2026_03_19-08_26_23-785.png,1,normalmap,custom_eval,C:\anomalydino_data_single_object_normalmap\normalmap\test\bad\2D\2026_03_19-08_26_23-785.png,C:\ai\AnomalyDINO\results_CUSTOM\dinov3_vitb16_688\8-shot_preprocess=force_no_mask_no_rotation_bestsearch8_fast20greedy_maxanomap_res688_evaltrain_20260413\hq_sam_outputs_batch\roi_crops_peak_hysteresis_h0.5_l0.2_merge3bridge0.1_seed=0_sam_hq_vit_tiny\combined_overlay_gallery_flat\2D\2026_03_19-08_26_23-785.png,C:\ai\AnomalyDINO\results_CUSTOM\dinov3_vitb16_688\8-shot_preprocess=force_no_mask_no_rotation_bestsearch8_fast20greedy_maxanomap_res688_evaltrain_20260413\hq_sam_outputs_batch\roi_crops_peak_hysteresis_h0.5_l0.2_merge3bridge0.1_seed=0_sam_hq_vit_tiny\test\bad\2D\2026_03_19-08_26_23-785\combined_overlay.png,,813,1016,1118,1151,0.7683948278427124,31952,41,0.0170265780730897,0.05886414647102356,0.3015078902244568,0.05886414647102356
test/bad/2D/2026_03_19-08_26_44-376.png__roi_000,,,test/bad/2D/2026_03_19-08_26_44-376.png,test/bad/2D/2026_03_19-08_26_44-376.png,0,normalmap,custom_eval,C:\anomalydino_data_single_object_normalmap\normalmap\test\bad\2D\2026_03_19-08_26_44-376.png,C:\ai\AnomalyDINO\results_CUSTOM\dinov3_vitb16_688\8-shot_preprocess=force_no_mask_no_rotation_bestsearch8_fast20greedy_maxanomap_res688_evaltrain_20260413\hq_sam_outputs_batch\roi_crops_peak_hysteresis_h0.5_l0.2_merge3bridge0.1_seed=0_sam_hq_vit_tiny\combined_overlay_gallery_flat\2D\2026_03_19-08_26_44-376.png,C:\ai\AnomalyDINO\results_CUSTOM\dinov3_vitb16_688\8-shot_preprocess=force_no_mask_no_rotation_bestsearch8_fast20greedy_maxanomap_res688_evaltrain_20260413\hq_sam_outputs_batch\roi_crops_peak_hysteresis_h0.5_l0.2_merge3bridge0.1_seed=0_sam_hq_vit_tiny\test\bad\2D\2026_03_19-08_26_44-376\combined_overlay.png,,644,68,847,169,0.8552175164222717,4088,12,0.0049833887043189366,0.16123700141906738,0.9111057072877884,0.16123700141906738
test/bad/2D/2026_03_19-08_26_44-376.png__roi_001,,,test/bad/2D/2026_03_19-08_26_44-376.png,test/bad/2D/2026_03_19-08_26_44-376.png,1,normalmap,custom_eval,C:\anomalydino_data_single_object_normalmap\normalmap\test\bad\2D\2026_03_19-08_26_44-376.png,C:\ai\AnomalyDINO\results_CUSTOM\dinov3_vitb16_688\8-shot_preprocess=force_no_mask_no_rotation_bestsearch8_fast20greedy_maxanomap_res688_evaltrain_20260413\hq_sam_outputs_batch\roi_crops_peak_hysteresis_h0.5_l0.2_merge3bridge0.1_seed=0_sam_hq_vit_tiny\combined_overlay_gallery_flat\2D\2026_03_19-08_26_44-376.png,C:\ai\AnomalyDINO\results_CUSTOM\dinov3_vitb16_688\8-shot_preprocess=force_no_mask_no_rotation_bestsearch8_fast20greedy_maxanomap_res688_evaltrain_20260413\hq_sam_outputs_batch\roi_crops_peak_hysteresis_h0.5_l0.2_merge3bridge0.1_seed=0_sam_hq_vit_tiny\test\bad\2D\2026_03_19-08_26_44-376\combined_overlay.png,,1626,609,1660,677,0.7227339744567871,1267,4,0.0016611295681063123,0.0596596896648407,0.056129276752471924,0.0596596896648407
test/bad/2D/2026_03_19-08_27_11-609.png__roi_000,,,test/bad/2D/2026_03_19-08_27_11-609.png,test/bad/2D/2026_03_19-08_27_11-609.png,0,normalmap,custom_eval,C:\anomalydino_data_single_object_normalmap\normalmap\test\bad\2D\2026_03_19-08_27_11-609.png,C:\ai\AnomalyDINO\results_CUSTOM\dinov3_vitb16_688\8-shot_preprocess=force_no_mask_no_rotation_bestsearch8_fast20greedy_maxanomap_res688_evaltrain_20260413\hq_sam_outputs_batch\roi_crops_peak_hysteresis_h0.5_l0.2_merge3bridge0.1_seed=0_sam_hq_vit_tiny\combined_overlay_gallery_flat\2D\2026_03_19-08_27_11-609.png,C:\ai\AnomalyDINO\results_CUSTOM\dinov3_vitb16_688\8-shot_preprocess=force_no_mask_no_rotation_bestsearch8_fast20greedy_maxanomap_res688_evaltrain_20260413\hq_sam_outputs_batch\roi_crops_peak_hysteresis_h0.5_l0.2_merge3bridge0.1_seed=0_sam_hq_vit_tiny\test\bad\2D\2026_03_19-08_27_11-609\combined_overlay.png,,948,68,1118,372,0.6244825720787048,25819,35,0.014534883720930232,0.09468281269073486,0.4170944094657898,0.09468281269073486
test/bad/2D/2026_03_19-08_27_11-609.png__roi_001,,,test/bad/2D/2026_03_19-08_27_11-609.png,test/bad/2D/2026_03_19-08_27_11-609.png,1,normalmap,custom_eval,C:\anomalydino_data_single_object_normalmap\normalmap\test\bad\2D\2026_03_19-08_27_11-609.png,C:\ai\AnomalyDINO\results_CUSTOM\dinov3_vitb16_688\8-shot_preprocess=force_no_mask_no_rotation_bestsearch8_fast20greedy_maxanomap_res688_evaltrain_20260413\hq_sam_outputs_batch\roi_crops_peak_hysteresis_h0.5_l0.2_merge3bridge0.1_seed=0_sam_hq_vit_tiny\combined_overlay_gallery_flat\2D\2026_03_19-08_27_11-609.png,C:\ai\AnomalyDINO\results_CUSTOM\dinov3_vitb16_688\8-shot_preprocess=force_no_mask_no_rotation_bestsearch8_fast20greedy_maxanomap_res688_evaltrain_20260413\hq_sam_outputs_batch\roi_crops_peak_hysteresis_h0.5_l0.2_merge3bridge0.1_seed=0_sam_hq_vit_tiny\test\bad\2D\2026_03_19-08_27_11-609\combined_overlay.png,,1016,813,1118,914,0.6432915329933167,4035,8,0.0033222591362126247,0.09202808141708374,0.20085150003433228,0.09202808141708374
test/bad/2D/2026_03_19-08_27_11-609.png__roi_002,,,test/bad/2D/2026_03_19-08_27_11-609.png,test/bad/2D/2026_03_19-08_27_11-609.png,2,normalmap,custom_eval,C:\anomalydino_data_single_object_normalmap\normalmap\test\bad\2D\2026_03_19-08_27_11-609.png,C:\ai\AnomalyDINO\results_CUSTOM\dinov3_vitb16_688\8-shot_preprocess=force_no_mask_no_rotation_bestsearch8_fast20greedy_maxanomap_res688_evaltrain_20260413\hq_sam_outputs_batch\roi_crops_peak_hysteresis_h0.5_l0.2_merge3bridge0.1_seed=0_sam_hq_vit_tiny\combined_overlay_gallery_flat\2D\2026_03_19-08_27_11-609.png,C:\ai\AnomalyDINO\results_CUSTOM\dinov3_vitb16_688\8-shot_preprocess=force_no_mask_no_rotation_bestsearch8_fast20greedy_maxanomap_res688_evaltrain_20260413\hq_sam_outputs_batch\roi_crops_peak_hysteresis_h0.5_l0.2_merge3bridge0.1_seed=0_sam_hq_vit_tiny\test\bad\2D\2026_03_19-08_27_11-609\combined_overlay.png,,1118,474,1152,508,0.7220937013626099,764,2,0.0008305647840531562,0.08942914009094238,0.06828135251998901,0.08942914009094238
test/bad/2D/2026_03_19-08_27_11-609.png__roi_003,,,test/bad/2D/2026_03_19-08_27_11-609.png,test/bad/2D/2026_03_19-08_27_11-609.png,3,normalmap,custom_eval,C:\anomalydino_data_single_object_normalmap\normalmap\test\bad\2D\2026_03_19-08_27_11-609.png,C:\ai\AnomalyDINO\results_CUSTOM\dinov3_vitb16_688\8-shot_preprocess=force_no_mask_no_rotation_bestsearch8_fast20greedy_maxanomap_res688_evaltrain_20260413\hq_sam_outputs_batch\roi_crops_peak_hysteresis_h0.5_l0.2_merge3bridge0.1_seed=0_sam_hq_vit_tiny\combined_overlay_gallery_flat\2D\2026_03_19-08_27_11-609.png,C:\ai\AnomalyDINO\results_CUSTOM\dinov3_vitb16_688\8-shot_preprocess=force_no_mask_no_rotation_bestsearch8_fast20greedy_maxanomap_res688_evaltrain_20260413\hq_sam_outputs_batch\roi_crops_peak_hysteresis_h0.5_l0.2_merge3bridge0.1_seed=0_sam_hq_vit_tiny\test\bad\2D\2026_03_19-08_27_11-609\combined_overlay.png,,610,474,644,508,0.7092278003692627,735,2,0.0008305647840531562,0.08596020936965942,0.0722774863243103,0.08596020936965942
test/bad/2D/2026_03_19-08_27_18-621.png__roi_000,,,test/bad/2D/2026_03_19-08_27_18-621.png,test/bad/2D/2026_03_19-08_27_18-621.png,0,normalmap,custom_eval,C:\anomalydino_data_single_object_normalmap\normalmap\test\bad\2D\2026_03_19-08_27_18-621.png,C:\ai\AnomalyDINO\results_CUSTOM\dinov3_vitb16_688\8-shot_preprocess=force_no_mask_no_rotation_bestsearch8_fast20greedy_maxanomap_res688_evaltrain_20260413\hq_sam_outputs_batch\roi_crops_peak_hysteresis_h0.5_l0.2_merge3bridge0.1_seed=0_sam_hq_vit_tiny\combined_overlay_gallery_flat\2D\2026_03_19-08_27_18-621.png,C:\ai\AnomalyDINO\results_CUSTOM\dinov3_vitb16_688\8-shot_preprocess=force_no_mask_no_rotation_bestsearch8_fast20greedy_maxanomap_res688_evaltrain_20260413\hq_sam_outputs_batch\roi_crops_peak_hysteresis_h0.5_l0.2_merge3bridge0.1_seed=0_sam_hq_vit_tiny\test\bad\2D\2026_03_19-08_27_18-621\combined_overlay.png,,1456,914,1524,982,0.6125007271766663,2258,4,0.0016611295681063123,0.081900954246521,0.08650118112564087,0.081900954246521
test/bad/2D/2026_03_19-08_27_18-621.png__roi_001,,,test/bad/2D/2026_03_19-08_27_18-621.png,test/bad/2D/2026_03_19-08_27_18-621.png,1,normalmap,custom_eval,C:\anomalydino_data_single_object_normalmap\normalmap\test\bad\2D\2026_03_19-08_27_18-621.png,C:\ai\AnomalyDINO\results_CUSTOM\dinov3_vitb16_688\8-shot_preprocess=force_no_mask_no_rotation_bestsearch8_fast20greedy_maxanomap_res688_evaltrain_20260413\hq_sam_outputs_batch\roi_crops_peak_hysteresis_h0.5_l0.2_merge3bridge0.1_seed=0_sam_hq_vit_tiny\combined_overlay_gallery_flat\2D\2026_03_19-08_27_18-621.png,C:\ai\AnomalyDINO\results_CUSTOM\dinov3_vitb16_688\8-shot_preprocess=force_no_mask_no_rotation_bestsearch8_fast20greedy_maxanomap_res688_evaltrain_20260413\hq_sam_outputs_batch\roi_crops_peak_hysteresis_h0.5_l0.2_merge3bridge0.1_seed=0_sam_hq_vit_tiny\test\bad\2D\2026_03_19-08_27_18-621\combined_overlay.png,,406,169,508,237,0.699367880821228,5271,8,0.0033222591362126247,0.06709939241409302,0.1636560559272766,0.06709939241409302
test/bad/2D/2026_03_19-08_28_07-427.png__roi_000,,,test/bad/2D/2026_03_19-08_28_07-427.png,test/bad/2D/2026_03_19-08_28_07-427.png,0,normalmap,custom_eval,C:\anomalydino_data_single_object_normalmap\normalmap\test\bad\2D\2026_03_19-08_28_07-427.png,C:\ai\AnomalyDINO\results_CUSTOM\dinov3_vitb16_688\8-shot_preprocess=force_no_mask_no_rotation_bestsearch8_fast20greedy_maxanomap_res688_evaltrain_20260413\hq_sam_outputs_batch\roi_crops_peak_hysteresis_h0.5_l0.2_merge3bridge0.1_seed=0_sam_hq_vit_tiny\combined_overlay_gallery_flat\2D\2026_03_19-08_28_07-427.png,C:\ai\AnomalyDINO\results_CUSTOM\dinov3_vitb16_688\8-shot_preprocess=force_no_mask_no_rotation_bestsearch8_fast20greedy_maxanomap_res688_evaltrain_20260413\hq_sam_outputs_batch\roi_crops_peak_hysteresis_h0.5_l0.2_merge3bridge0.1_seed=0_sam_hq_vit_tiny\test\bad\2D\2026_03_19-08_28_07-427\combined_overlay.png,,440,508,1558,1287,0.7365702390670776,103874,149,0.061877076411960136,0.11113834381103516,3.3897295594215393,0.11113834381103516
test/bad/2D/2026_03_19-08_28_07-427.png__roi_001,,,test/bad/2D/2026_03_19-08_28_07-427.png,test/bad/2D/2026_03_19-08_28_07-427.png,1,normalmap,custom_eval,C:\anomalydino_data_single_object_normalmap\normalmap\test\bad\2D\2026_03_19-08_28_07-427.png,C:\ai\AnomalyDINO\results_CUSTOM\dinov3_vitb16_688\8-shot_preprocess=force_no_mask_no_rotation_bestsearch8_fast20greedy_maxanomap_res688_evaltrain_20260413\hq_sam_outputs_batch\roi_crops_peak_hysteresis_h0.5_l0.2_merge3bridge0.1_seed=0_sam_hq_vit_tiny\combined_overlay_gallery_flat\2D\2026_03_19-08_28_07-427.png,C:\ai\AnomalyDINO\results_CUSTOM\dinov3_vitb16_688\8-shot_preprocess=force_no_mask_no_rotation_bestsearch8_fast20greedy_maxanomap_res688_evaltrain_20260413\hq_sam_outputs_batch\roi_crops_peak_hysteresis_h0.5_l0.2_merge3bridge0.1_seed=0_sam_hq_vit_tiny\test\bad\2D\2026_03_19-08_28_07-427\combined_overlay.png,,237,305,440,982,0.6356397867202759,24939,51,0.02117940199335548,0.06106811761856079,0.5013102889060974,0.06106811761856079
test/bad/2D/2026_03_19-08_28_34-533.png__roi_000,,,test/bad/2D/2026_03_19-08_28_34-533.png,test/bad/2D/2026_03_19-08_28_34-533.png,0,normalmap,custom_eval,C:\anomalydino_data_single_object_normalmap\normalmap\test\bad\2D\2026_03_19-08_28_34-533.png,C:\ai\AnomalyDINO\results_CUSTOM\dinov3_vitb16_688\8-shot_preprocess=force_no_mask_no_rotation_bestsearch8_fast20greedy_maxanomap_res688_evaltrain_20260413\hq_sam_outputs_batch\roi_crops_peak_hysteresis_h0.5_l0.2_merge3bridge0.1_seed=0_sam_hq_vit_tiny\combined_overlay_gallery_flat\2D\2026_03_19-08_28_34-533.png,C:\ai\AnomalyDINO\results_CUSTOM\dinov3_vitb16_688\8-shot_preprocess=force_no_mask_no_rotation_bestsearch8_fast20greedy_maxanomap_res688_evaltrain_20260413\hq_sam_outputs_batch\roi_crops_peak_hysteresis_h0.5_l0.2_merge3bridge0.1_seed=0_sam_hq_vit_tiny\test\bad\2D\2026_03_19-08_28_34-533\combined_overlay.png,,406,135,644,440,0.5888582468032837,56333,65,0.026993355481727575,0.10089534521102905,1.589157372713089,0.10089534521102905
test/bad/2D/2026_03_19-08_28_34-533.png__roi_001,,,test/bad/2D/2026_03_19-08_28_34-533.png,test/bad/2D/2026_03_19-08_28_34-533.png,1,normalmap,custom_eval,C:\anomalydino_data_single_object_normalmap\normalmap\test\bad\2D\2026_03_19-08_28_34-533.png,C:\ai\AnomalyDINO\results_CUSTOM\dinov3_vitb16_688\8-shot_preprocess=force_no_mask_no_rotation_bestsearch8_fast20greedy_maxanomap_res688_evaltrain_20260413\hq_sam_outputs_batch\roi_crops_peak_hysteresis_h0.5_l0.2_merge3bridge0.1_seed=0_sam_hq_vit_tiny\combined_overlay_gallery_flat\2D\2026_03_19-08_28_34-533.png,C:\ai\AnomalyDINO\results_CUSTOM\dinov3_vitb16_688\8-shot_preprocess=force_no_mask_no_rotation_bestsearch8_fast20greedy_maxanomap_res688_evaltrain_20260413\hq_sam_outputs_batch\roi_crops_peak_hysteresis_h0.5_l0.2_merge3bridge0.1_seed=0_sam_hq_vit_tiny\test\bad\2D\2026_03_19-08_28_34-533\combined_overlay.png,,711,813,745,847,0.6893951892852783,578,1,0.0004152823920265781,0.0665178894996643,0.050746142864227295,0.0665178894996643
test/bad/2D/2026_03_19-08_28_34-533.png__roi_002,,,test/bad/2D/2026_03_19-08_28_34-533.png,test/bad/2D/2026_03_19-08_28_34-533.png,2,normalmap,custom_eval,C:\anomalydino_data_single_object_normalmap\normalmap\test\bad\2D\2026_03_19-08_28_34-533.png,C:\ai\AnomalyDINO\results_CUSTOM\dinov3_vitb16_688\8-shot_preprocess=force_no_mask_no_rotation_bestsearch8_fast20greedy_maxanomap_res688_evaltrain_20260413\hq_sam_outputs_batch\roi_crops_peak_hysteresis_h0.5_l0.2_merge3bridge0.1_seed=0_sam_hq_vit_tiny\combined_overlay_gallery_flat\2D\2026_03_19-08_28_34-533.png,C:\ai\AnomalyDINO\results_CUSTOM\dinov3_vitb16_688\8-shot_preprocess=force_no_mask_no_rotation_bestsearch8_fast20greedy_maxanomap_res688_evaltrain_20260413\hq_sam_outputs_batch\roi_crops_peak_hysteresis_h0.5_l0.2_merge3bridge0.1_seed=0_sam_hq_vit_tiny\test\bad\2D\2026_03_19-08_28_34-533\combined_overlay.png,,610,508,644,609,0.6265254616737366,1491,5,0.0020764119601328905,0.060915619134902954,0.08120107650756836,0.060915619134902954
test/bad/2D/2026_03_19-08_28_47-501.png__roi_000,,,test/bad/2D/2026_03_19-08_28_47-501.png,test/bad/2D/2026_03_19-08_28_47-501.png,0,normalmap,custom_eval,C:\anomalydino_data_single_object_normalmap\normalmap\test\bad\2D\2026_03_19-08_28_47-501.png,C:\ai\AnomalyDINO\results_CUSTOM\dinov3_vitb16_688\8-shot_preprocess=force_no_mask_no_rotation_bestsearch8_fast20greedy_maxanomap_res688_evaltrain_20260413\hq_sam_outputs_batch\roi_crops_peak_hysteresis_h0.5_l0.2_merge3bridge0.1_seed=0_sam_hq_vit_tiny\combined_overlay_gallery_flat\2D\2026_03_19-08_28_47-501.png,C:\ai\AnomalyDINO\results_CUSTOM\dinov3_vitb16_688\8-shot_preprocess=force_no_mask_no_rotation_bestsearch8_fast20greedy_maxanomap_res688_evaltrain_20260413\hq_sam_outputs_batch\roi_crops_peak_hysteresis_h0.5_l0.2_merge3bridge0.1_seed=0_sam_hq_vit_tiny\test\bad\2D\2026_03_19-08_28_47-501\combined_overlay.png,,1456,779,1490,813,0.7044462561607361,793,3,0.0012458471760797341,0.07867497205734253,0.056521832942962646,0.07867497205734253
test/bad/2D/2026_03_19-08_28_47-501.png__roi_001,,,test/bad/2D/2026_03_19-08_28_47-501.png,test/bad/2D/2026_03_19-08_28_47-501.png,1,normalmap,custom_eval,C:\anomalydino_data_single_object_normalmap\normalmap\test\bad\2D\2026_03_19-08_28_47-501.png,C:\ai\AnomalyDINO\results_CUSTOM\dinov3_vitb16_688\8-shot_preprocess=force_no_mask_no_rotation_bestsearch8_fast20greedy_maxanomap_res688_evaltrain_20260413\hq_sam_outputs_batch\roi_crops_peak_hysteresis_h0.5_l0.2_merge3bridge0.1_seed=0_sam_hq_vit_tiny\combined_overlay_gallery_flat\2D\2026_03_19-08_28_47-501.png,C:\ai\AnomalyDINO\results_CUSTOM\dinov3_vitb16_688\8-shot_preprocess=force_no_mask_no_rotation_bestsearch8_fast20greedy_maxanomap_res688_evaltrain_20260413\hq_sam_outputs_batch\roi_crops_peak_hysteresis_h0.5_l0.2_merge3bridge0.1_seed=0_sam_hq_vit_tiny\test\bad\2D\2026_03_19-08_28_47-501\combined_overlay.png,,1660,576,1795,745,0.5875632762908936,10913,18,0.007475083056478406,0.07726949453353882,0.4450932741165161,0.07726949453353882
test/bad/2D/2026_03_19-08_28_47-501.png__roi_002,,,test/bad/2D/2026_03_19-08_28_47-501.png,test/bad/2D/2026_03_19-08_28_47-501.png,2,normalmap,custom_eval,C:\anomalydino_data_single_object_normalmap\normalmap\test\bad\2D\2026_03_19-08_28_47-501.png,C:\ai\AnomalyDINO\results_CUSTOM\dinov3_vitb16_688\8-shot_preprocess=force_no_mask_no_rotation_bestsearch8_fast20greedy_maxanomap_res688_evaltrain_20260413\hq_sam_outputs_batch\roi_crops_peak_hysteresis_h0.5_l0.2_merge3bridge0.1_seed=0_sam_hq_vit_tiny\combined_overlay_gallery_flat\2D\2026_03_19-08_28_47-501.png,C:\ai\AnomalyDINO\results_CUSTOM\dinov3_vitb16_688\8-shot_preprocess=force_no_mask_no_rotation_bestsearch8_fast20greedy_maxanomap_res688_evaltrain_20260413\hq_sam_outputs_batch\roi_crops_peak_hysteresis_h0.5_l0.2_merge3bridge0.1_seed=0_sam_hq_vit_tiny\test\bad\2D\2026_03_19-08_28_47-501\combined_overlay.png,,813,914,847,982,0.6985775232315063,1175,2,0.0008305647840531562,0.0623096227645874,0.0769580602645874,0.0623096227645874
test/bad/2D/2026_03_19-08_59_26-955.png__roi_000,,,test/bad/2D/2026_03_19-08_59_26-955.png,test/bad/2D/2026_03_19-08_59_26-955.png,0,normalmap,custom_eval,C:\anomalydino_data_single_object_normalmap\normalmap\test\bad\2D\2026_03_19-08_59_26-955.png,C:\ai\AnomalyDINO\results_CUSTOM\dinov3_vitb16_688\8-shot_preprocess=force_no_mask_no_rotation_bestsearch8_fast20greedy_maxanomap_res688_evaltrain_20260413\hq_sam_outputs_batch\roi_crops_peak_hysteresis_h0.5_l0.2_merge3bridge0.1_seed=0_sam_hq_vit_tiny\combined_overlay_gallery_flat\2D\2026_03_19-08_59_26-955.png,C:\ai\AnomalyDINO\results_CUSTOM\dinov3_vitb16_688\8-shot_preprocess=force_no_mask_no_rotation_bestsearch8_fast20greedy_maxanomap_res688_evaltrain_20260413\hq_sam_outputs_batch\roi_crops_peak_hysteresis_h0.5_l0.2_merge3bridge0.1_seed=0_sam_hq_vit_tiny\test\bad\2D\2026_03_19-08_59_26-955\combined_overlay.png,,1592,508,1626,542,0.8112896680831909,454,1,0.0004152823920265781,0.09378436207771301,0.08609059453010559,0.09378436207771301
test/bad/2D/2026_03_19-08_59_39-956.png__roi_000,,,test/bad/2D/2026_03_19-08_59_39-956.png,test/bad/2D/2026_03_19-08_59_39-956.png,0,normalmap,custom_eval,C:\anomalydino_data_single_object_normalmap\normalmap\test\bad\2D\2026_03_19-08_59_39-956.png,C:\ai\AnomalyDINO\results_CUSTOM\dinov3_vitb16_688\8-shot_preprocess=force_no_mask_no_rotation_bestsearch8_fast20greedy_maxanomap_res688_evaltrain_20260413\hq_sam_outputs_batch\roi_crops_peak_hysteresis_h0.5_l0.2_merge3bridge0.1_seed=0_sam_hq_vit_tiny\combined_overlay_gallery_flat\2D\2026_03_19-08_59_39-956.png,C:\ai\AnomalyDINO\results_CUSTOM\dinov3_vitb16_688\8-shot_preprocess=force_no_mask_no_rotation_bestsearch8_fast20greedy_maxanomap_res688_evaltrain_20260413\hq_sam_outputs_batch\roi_crops_peak_hysteresis_h0.5_l0.2_merge3bridge0.1_seed=0_sam_hq_vit_tiny\test\bad\2D\2026_03_19-08_59_39-956\combined_overlay.png,,1558,609,1795,948,0.6955466866493225,52404,65,0.026993355481727575,0.09839180111885071,1.4072629362344742,0.09839180111885071
test/bad/2D/2026_03_19-08_59_39-956.png__roi_001,,,test/bad/2D/2026_03_19-08_59_39-956.png,test/bad/2D/2026_03_19-08_59_39-956.png,1,normalmap,custom_eval,C:\anomalydino_data_single_object_normalmap\normalmap\test\bad\2D\2026_03_19-08_59_39-956.png,C:\ai\AnomalyDINO\results_CUSTOM\dinov3_vitb16_688\8-shot_preprocess=force_no_mask_no_rotation_bestsearch8_fast20greedy_maxanomap_res688_evaltrain_20260413\hq_sam_outputs_batch\roi_crops_peak_hysteresis_h0.5_l0.2_merge3bridge0.1_seed=0_sam_hq_vit_tiny\combined_overlay_gallery_flat\2D\2026_03_19-08_59_39-956.png,C:\ai\AnomalyDINO\results_CUSTOM\dinov3_vitb16_688\8-shot_preprocess=force_no_mask_no_rotation_bestsearch8_fast20greedy_maxanomap_res688_evaltrain_20260413\hq_sam_outputs_batch\roi_crops_peak_hysteresis_h0.5_l0.2_merge3bridge0.1_seed=0_sam_hq_vit_tiny\test\bad\2D\2026_03_19-08_59_39-956\combined_overlay.png,,440,1219,576,1354,0.6425206065177917,12090,20,0.008305647840531562,0.08619523048400879,0.4078340232372284,0.08619523048400879
test/bad/2D/2026_03_19-08_59_39-956.png__roi_002,,,test/bad/2D/2026_03_19-08_59_39-956.png,test/bad/2D/2026_03_19-08_59_39-956.png,2,normalmap,custom_eval,C:\anomalydino_data_single_object_normalmap\normalmap\test\bad\2D\2026_03_19-08_59_39-956.png,C:\ai\AnomalyDINO\results_CUSTOM\dinov3_vitb16_688\8-shot_preprocess=force_no_mask_no_rotation_bestsearch8_fast20greedy_maxanomap_res688_evaltrain_20260413\hq_sam_outputs_batch\roi_crops_peak_hysteresis_h0.5_l0.2_merge3bridge0.1_seed=0_sam_hq_vit_tiny\combined_overlay_gallery_flat\2D\2026_03_19-08_59_39-956.png,C:\ai\AnomalyDINO\results_CUSTOM\dinov3_vitb16_688\8-shot_preprocess=force_no_mask_no_rotation_bestsearch8_fast20greedy_maxanomap_res688_evaltrain_20260413\hq_sam_outputs_batch\roi_crops_peak_hysteresis_h0.5_l0.2_merge3bridge0.1_seed=0_sam_hq_vit_tiny\test\bad\2D\2026_03_19-08_59_39-956\combined_overlay.png,,406,203,440,237,0.7707322835922241,455,1,0.0004152823920265781,0.06542584300041199,0.057251304388046265,0.06542584300041199
test/bad/2D/2026_03_19-09_01_33-111.png__roi_000,,,test/bad/2D/2026_03_19-09_01_33-111.png,test/bad/2D/2026_03_19-09_01_33-111.png,0,normalmap,custom_eval,C:\anomalydino_data_single_object_normalmap\normalmap\test\bad\2D\2026_03_19-09_01_33-111.png,C:\ai\AnomalyDINO\results_CUSTOM\dinov3_vitb16_688\8-shot_preprocess=force_no_mask_no_rotation_bestsearch8_fast20greedy_maxanomap_res688_evaltrain_20260413\hq_sam_outputs_batch\roi_crops_peak_hysteresis_h0.5_l0.2_merge3bridge0.1_seed=0_sam_hq_vit_tiny\combined_overlay_gallery_flat\2D\2026_03_19-09_01_33-111.png,C:\ai\AnomalyDINO\results_CUSTOM\dinov3_vitb16_688\8-shot_preprocess=force_no_mask_no_rotation_bestsearch8_fast20greedy_maxanomap_res688_evaltrain_20260413\hq_sam_outputs_batch\roi_crops_peak_hysteresis_h0.5_l0.2_merge3bridge0.1_seed=0_sam_hq_vit_tiny\test\bad\2D\2026_03_19-09_01_33-111\combined_overlay.png,,1186,339,1321,813,0.6374393701553345,25403,35,0.014534883720930232,0.05905669927597046,0.6167219877243042,0.05905669927597046
test/bad/2D/2026_03_19-09_02_21-753.png__roi_000,,,test/bad/2D/2026_03_19-09_02_21-753.png,test/bad/2D/2026_03_19-09_02_21-753.png,0,normalmap,custom_eval,C:\anomalydino_data_single_object_normalmap\normalmap\test\bad\2D\2026_03_19-09_02_21-753.png,C:\ai\AnomalyDINO\results_CUSTOM\dinov3_vitb16_688\8-shot_preprocess=force_no_mask_no_rotation_bestsearch8_fast20greedy_maxanomap_res688_evaltrain_20260413\hq_sam_outputs_batch\roi_crops_peak_hysteresis_h0.5_l0.2_merge3bridge0.1_seed=0_sam_hq_vit_tiny\combined_overlay_gallery_flat\2D\2026_03_19-09_02_21-753.png,C:\ai\AnomalyDINO\results_CUSTOM\dinov3_vitb16_688\8-shot_preprocess=force_no_mask_no_rotation_bestsearch8_fast20greedy_maxanomap_res688_evaltrain_20260413\hq_sam_outputs_batch\roi_crops_peak_hysteresis_h0.5_l0.2_merge3bridge0.1_seed=0_sam_hq_vit_tiny\test\bad\2D\2026_03_19-09_02_21-753\combined_overlay.png,,1321,271,1592,982,0.5997295379638672,17452,48,0.019933554817275746,0.08561411499977112,1.3173862397670746,0.08561411499977112
test/bad/2D/2026_03_19-09_03_02-563.png__roi_000,,,test/bad/2D/2026_03_19-09_03_02-563.png,test/bad/2D/2026_03_19-09_03_02-563.png,0,normalmap,custom_eval,C:\anomalydino_data_single_object_normalmap\normalmap\test\bad\2D\2026_03_19-09_03_02-563.png,C:\ai\AnomalyDINO\results_CUSTOM\dinov3_vitb16_688\8-shot_preprocess=force_no_mask_no_rotation_bestsearch8_fast20greedy_maxanomap_res688_evaltrain_20260413\hq_sam_outputs_batch\roi_crops_peak_hysteresis_h0.5_l0.2_merge3bridge0.1_seed=0_sam_hq_vit_tiny\combined_overlay_gallery_flat\2D\2026_03_19-09_03_02-563.png,C:\ai\AnomalyDINO\results_CUSTOM\dinov3_vitb16_688\8-shot_preprocess=force_no_mask_no_rotation_bestsearch8_fast20greedy_maxanomap_res688_evaltrain_20260413\hq_sam_outputs_batch\roi_crops_peak_hysteresis_h0.5_l0.2_merge3bridge0.1_seed=0_sam_hq_vit_tiny\test\bad\2D\2026_03_19-09_03_02-563\combined_overlay.png,,1253,542,1592,813,0.4492771625518799,4073,13,0.005398671096345515,0.10439950227737427,0.7303794026374817,0.10439950227737427
test/bad/2D/2026_03_19-09_03_02-563.png__roi_001,,,test/bad/2D/2026_03_19-09_03_02-563.png,test/bad/2D/2026_03_19-09_03_02-563.png,1,normalmap,custom_eval,C:\anomalydino_data_single_object_normalmap\normalmap\test\bad\2D\2026_03_19-09_03_02-563.png,C:\ai\AnomalyDINO\results_CUSTOM\dinov3_vitb16_688\8-shot_preprocess=force_no_mask_no_rotation_bestsearch8_fast20greedy_maxanomap_res688_evaltrain_20260413\hq_sam_outputs_batch\roi_crops_peak_hysteresis_h0.5_l0.2_merge3bridge0.1_seed=0_sam_hq_vit_tiny\combined_overlay_gallery_flat\2D\2026_03_19-09_03_02-563.png,C:\ai\AnomalyDINO\results_CUSTOM\dinov3_vitb16_688\8-shot_preprocess=force_no_mask_no_rotation_bestsearch8_fast20greedy_maxanomap_res688_evaltrain_20260413\hq_sam_outputs_batch\roi_crops_peak_hysteresis_h0.5_l0.2_merge3bridge0.1_seed=0_sam_hq_vit_tiny\test\bad\2D\2026_03_19-09_03_02-563\combined_overlay.png,,677,880,779,1084,0.6174895763397217,11596,17,0.0070598006644518275,0.08424514532089233,0.32405221462249756,0.08424514532089233
test/bad/2D/2026_03_19-09_03_02-563.png__roi_002,,,test/bad/2D/2026_03_19-09_03_02-563.png,test/bad/2D/2026_03_19-09_03_02-563.png,2,normalmap,custom_eval,C:\anomalydino_data_single_object_normalmap\normalmap\test\bad\2D\2026_03_19-09_03_02-563.png,C:\ai\AnomalyDINO\results_CUSTOM\dinov3_vitb16_688\8-shot_preprocess=force_no_mask_no_rotation_bestsearch8_fast20greedy_maxanomap_res688_evaltrain_20260413\hq_sam_outputs_batch\roi_crops_peak_hysteresis_h0.5_l0.2_merge3bridge0.1_seed=0_sam_hq_vit_tiny\combined_overlay_gallery_flat\2D\2026_03_19-09_03_02-563.png,C:\ai\AnomalyDINO\results_CUSTOM\dinov3_vitb16_688\8-shot_preprocess=force_no_mask_no_rotation_bestsearch8_fast20greedy_maxanomap_res688_evaltrain_20260413\hq_sam_outputs_batch\roi_crops_peak_hysteresis_h0.5_l0.2_merge3bridge0.1_seed=0_sam_hq_vit_tiny\test\bad\2D\2026_03_19-09_03_02-563\combined_overlay.png,,1423,305,1490,406,0.6432739496231079,2894,6,0.0024916943521594683,0.07298809289932251,0.1964513212442398,0.07298809289932251
test/bad/2D/2026_03_19-09_03_02-563.png__roi_003,,,test/bad/2D/2026_03_19-09_03_02-563.png,test/bad/2D/2026_03_19-09_03_02-563.png,3,normalmap,custom_eval,C:\anomalydino_data_single_object_normalmap\normalmap\test\bad\2D\2026_03_19-09_03_02-563.png,C:\ai\AnomalyDINO\results_CUSTOM\dinov3_vitb16_688\8-shot_preprocess=force_no_mask_no_rotation_bestsearch8_fast20greedy_maxanomap_res688_evaltrain_20260413\hq_sam_outputs_batch\roi_crops_peak_hysteresis_h0.5_l0.2_merge3bridge0.1_seed=0_sam_hq_vit_tiny\combined_overlay_gallery_flat\2D\2026_03_19-09_03_02-563.png,C:\ai\AnomalyDINO\results_CUSTOM\dinov3_vitb16_688\8-shot_preprocess=force_no_mask_no_rotation_bestsearch8_fast20greedy_maxanomap_res688_evaltrain_20260413\hq_sam_outputs_batch\roi_crops_peak_hysteresis_h0.5_l0.2_merge3bridge0.1_seed=0_sam_hq_vit_tiny\test\bad\2D\2026_03_19-09_03_02-563\combined_overlay.png,,339,643,373,677,0.6521730422973633,616,2,0.0008305647840531562,0.06528618931770325,0.05052989721298218,0.06528618931770325
test/bad/2D/2026_03_19-09_03_02-563.png__roi_004,,,test/bad/2D/2026_03_19-09_03_02-563.png,test/bad/2D/2026_03_19-09_03_02-563.png,4,normalmap,custom_eval,C:\anomalydino_data_single_object_normalmap\normalmap\test\bad\2D\2026_03_19-09_03_02-563.png,C:\ai\AnomalyDINO\results_CUSTOM\dinov3_vitb16_688\8-shot_preprocess=force_no_mask_no_rotation_bestsearch8_fast20greedy_maxanomap_res688_evaltrain_20260413\hq_sam_outputs_batch\roi_crops_peak_hysteresis_h0.5_l0.2_merge3bridge0.1_seed=0_sam_hq_vit_tiny\combined_overlay_gallery_flat\2D\2026_03_19-09_03_02-563.png,C:\ai\AnomalyDINO\results_CUSTOM\dinov3_vitb16_688\8-shot_preprocess=force_no_mask_no_rotation_bestsearch8_fast20greedy_maxanomap_res688_evaltrain_20260413\hq_sam_outputs_batch\roi_crops_peak_hysteresis_h0.5_l0.2_merge3bridge0.1_seed=0_sam_hq_vit_tiny\test\bad\2D\2026_03_19-09_03_02-563\combined_overlay.png,,1694,542,1795,711,0.6159775257110596,6454,13,0.005398671096345515,0.0647130012512207,0.22876156866550446,0.0647130012512207
test/bad/2D/2026_03_19-09_03_09-129.png__roi_000,,,test/bad/2D/2026_03_19-09_03_09-129.png,test/bad/2D/2026_03_19-09_03_09-129.png,0,normalmap,custom_eval,C:\anomalydino_data_single_object_normalmap\normalmap\test\bad\2D\2026_03_19-09_03_09-129.png,C:\ai\AnomalyDINO\results_CUSTOM\dinov3_vitb16_688\8-shot_preprocess=force_no_mask_no_rotation_bestsearch8_fast20greedy_maxanomap_res688_evaltrain_20260413\hq_sam_outputs_batch\roi_crops_peak_hysteresis_h0.5_l0.2_merge3bridge0.1_seed=0_sam_hq_vit_tiny\combined_overlay_gallery_flat\2D\2026_03_19-09_03_09-129.png,C:\ai\AnomalyDINO\results_CUSTOM\dinov3_vitb16_688\8-shot_preprocess=force_no_mask_no_rotation_bestsearch8_fast20greedy_maxanomap_res688_evaltrain_20260413\hq_sam_outputs_batch\roi_crops_peak_hysteresis_h0.5_l0.2_merge3bridge0.1_seed=0_sam_hq_vit_tiny\test\bad\2D\2026_03_19-09_03_09-129\combined_overlay.png,,474,813,644,982,0.7432911396026611,10630,18,0.007475083056478406,0.13802564144134521,0.6676228046417236,0.13802564144134521
test/bad/2D/2026_03_19-09_03_09-129.png__roi_001,,,test/bad/2D/2026_03_19-09_03_09-129.png,test/bad/2D/2026_03_19-09_03_09-129.png,1,normalmap,custom_eval,C:\anomalydino_data_single_object_normalmap\normalmap\test\bad\2D\2026_03_19-09_03_09-129.png,C:\ai\AnomalyDINO\results_CUSTOM\dinov3_vitb16_688\8-shot_preprocess=force_no_mask_no_rotation_bestsearch8_fast20greedy_maxanomap_res688_evaltrain_20260413\hq_sam_outputs_batch\roi_crops_peak_hysteresis_h0.5_l0.2_merge3bridge0.1_seed=0_sam_hq_vit_tiny\combined_overlay_gallery_flat\2D\2026_03_19-09_03_09-129.png,C:\ai\AnomalyDINO\results_CUSTOM\dinov3_vitb16_688\8-shot_preprocess=force_no_mask_no_rotation_bestsearch8_fast20greedy_maxanomap_res688_evaltrain_20260413\hq_sam_outputs_batch\roi_crops_peak_hysteresis_h0.5_l0.2_merge3bridge0.1_seed=0_sam_hq_vit_tiny\test\bad\2D\2026_03_19-09_03_09-129\combined_overlay.png,,1152,237,1219,305,0.7756050825119019,1046,4,0.0016611295681063123,0.12042206525802612,0.3318626880645752,0.12042206525802612
test/bad/2D/2026_03_19-09_04_09-540.png__roi_000,,,test/bad/2D/2026_03_19-09_04_09-540.png,test/bad/2D/2026_03_19-09_04_09-540.png,0,normalmap,custom_eval,C:\anomalydino_data_single_object_normalmap\normalmap\test\bad\2D\2026_03_19-09_04_09-540.png,C:\ai\AnomalyDINO\results_CUSTOM\dinov3_vitb16_688\8-shot_preprocess=force_no_mask_no_rotation_bestsearch8_fast20greedy_maxanomap_res688_evaltrain_20260413\hq_sam_outputs_batch\roi_crops_peak_hysteresis_h0.5_l0.2_merge3bridge0.1_seed=0_sam_hq_vit_tiny\combined_overlay_gallery_flat\2D\2026_03_19-09_04_09-540.png,C:\ai\AnomalyDINO\results_CUSTOM\dinov3_vitb16_688\8-shot_preprocess=force_no_mask_no_rotation_bestsearch8_fast20greedy_maxanomap_res688_evaltrain_20260413\hq_sam_outputs_batch\roi_crops_peak_hysteresis_h0.5_l0.2_merge3bridge0.1_seed=0_sam_hq_vit_tiny\test\bad\2D\2026_03_19-09_04_09-540\combined_overlay.png,,271,372,305,406,0.7352619171142578,787,1,0.0004152823920265781,0.07210427522659302,0.06429922580718994,0.07210427522659302
test/bad/2D/2026_03_19-09_04_09-540.png__roi_001,,,test/bad/2D/2026_03_19-09_04_09-540.png,test/bad/2D/2026_03_19-09_04_09-540.png,1,normalmap,custom_eval,C:\anomalydino_data_single_object_normalmap\normalmap\test\bad\2D\2026_03_19-09_04_09-540.png,C:\ai\AnomalyDINO\results_CUSTOM\dinov3_vitb16_688\8-shot_preprocess=force_no_mask_no_rotation_bestsearch8_fast20greedy_maxanomap_res688_evaltrain_20260413\hq_sam_outputs_batch\roi_crops_peak_hysteresis_h0.5_l0.2_merge3bridge0.1_seed=0_sam_hq_vit_tiny\combined_overlay_gallery_flat\2D\2026_03_19-09_04_09-540.png,C:\ai\AnomalyDINO\results_CUSTOM\dinov3_vitb16_688\8-shot_preprocess=force_no_mask_no_rotation_bestsearch8_fast20greedy_maxanomap_res688_evaltrain_20260413\hq_sam_outputs_batch\roi_crops_peak_hysteresis_h0.5_l0.2_merge3bridge0.1_seed=0_sam_hq_vit_tiny\test\bad\2D\2026_03_19-09_04_09-540\combined_overlay.png,,271,677,339,745,0.7046407461166382,911,4,0.0016611295681063123,0.06942003965377808,0.1286357343196869,0.06942003965377808
test/bad/2D/2026_03_19-09_04_44-874.png__roi_000,,,test/bad/2D/2026_03_19-09_04_44-874.png,test/bad/2D/2026_03_19-09_04_44-874.png,0,normalmap,custom_eval,C:\anomalydino_data_single_object_normalmap\normalmap\test\bad\2D\2026_03_19-09_04_44-874.png,C:\ai\AnomalyDINO\results_CUSTOM\dinov3_vitb16_688\8-shot_preprocess=force_no_mask_no_rotation_bestsearch8_fast20greedy_maxanomap_res688_evaltrain_20260413\hq_sam_outputs_batch\roi_crops_peak_hysteresis_h0.5_l0.2_merge3bridge0.1_seed=0_sam_hq_vit_tiny\combined_overlay_gallery_flat\2D\2026_03_19-09_04_44-874.png,C:\ai\AnomalyDINO\results_CUSTOM\dinov3_vitb16_688\8-shot_preprocess=force_no_mask_no_rotation_bestsearch8_fast20greedy_maxanomap_res688_evaltrain_20260413\hq_sam_outputs_batch\roi_crops_peak_hysteresis_h0.5_l0.2_merge3bridge0.1_seed=0_sam_hq_vit_tiny\test\bad\2D\2026_03_19-09_04_44-874\combined_overlay.png,,948,576,1118,813,0.6267013549804688,583,2,0.0008305647840531562,0.10885122418403625,0.2873092144727707,0.10885122418403625
test/bad/2D/2026_03_19-09_04_44-874.png__roi_001,,,test/bad/2D/2026_03_19-09_04_44-874.png,test/bad/2D/2026_03_19-09_04_44-874.png,1,normalmap,custom_eval,C:\anomalydino_data_single_object_normalmap\normalmap\test\bad\2D\2026_03_19-09_04_44-874.png,C:\ai\AnomalyDINO\results_CUSTOM\dinov3_vitb16_688\8-shot_preprocess=force_no_mask_no_rotation_bestsearch8_fast20greedy_maxanomap_res688_evaltrain_20260413\hq_sam_outputs_batch\roi_crops_peak_hysteresis_h0.5_l0.2_merge3bridge0.1_seed=0_sam_hq_vit_tiny\combined_overlay_gallery_flat\2D\2026_03_19-09_04_44-874.png,C:\ai\AnomalyDINO\results_CUSTOM\dinov3_vitb16_688\8-shot_preprocess=force_no_mask_no_rotation_bestsearch8_fast20greedy_maxanomap_res688_evaltrain_20260413\hq_sam_outputs_batch\roi_crops_peak_hysteresis_h0.5_l0.2_merge3bridge0.1_seed=0_sam_hq_vit_tiny\test\bad\2D\2026_03_19-09_04_44-874\combined_overlay.png,,1456,813,1524,1084,0.7088176012039185,7053,16,0.006644518272425249,0.09005939960479736,0.1608232855796814,0.09005939960479736
test/bad/2D/2026_03_19-09_04_44-874.png__roi_002,,,test/bad/2D/2026_03_19-09_04_44-874.png,test/bad/2D/2026_03_19-09_04_44-874.png,2,normalmap,custom_eval,C:\anomalydino_data_single_object_normalmap\normalmap\test\bad\2D\2026_03_19-09_04_44-874.png,C:\ai\AnomalyDINO\results_CUSTOM\dinov3_vitb16_688\8-shot_preprocess=force_no_mask_no_rotation_bestsearch8_fast20greedy_maxanomap_res688_evaltrain_20260413\hq_sam_outputs_batch\roi_crops_peak_hysteresis_h0.5_l0.2_merge3bridge0.1_seed=0_sam_hq_vit_tiny\combined_overlay_gallery_flat\2D\2026_03_19-09_04_44-874.png,C:\ai\AnomalyDINO\results_CUSTOM\dinov3_vitb16_688\8-shot_preprocess=force_no_mask_no_rotation_bestsearch8_fast20greedy_maxanomap_res688_evaltrain_20260413\hq_sam_outputs_batch\roi_crops_peak_hysteresis_h0.5_l0.2_merge3bridge0.1_seed=0_sam_hq_vit_tiny\test\bad\2D\2026_03_19-09_04_44-874\combined_overlay.png,,813,711,915,847,0.6466933488845825,8778,14,0.005813953488372093,0.08209788799285889,0.24800166487693787,0.08209788799285889
test/bad/2D/2026_03_19-09_04_44-874.png__roi_003,,,test/bad/2D/2026_03_19-09_04_44-874.png,test/bad/2D/2026_03_19-09_04_44-874.png,3,normalmap,custom_eval,C:\anomalydino_data_single_object_normalmap\normalmap\test\bad\2D\2026_03_19-09_04_44-874.png,C:\ai\AnomalyDINO\results_CUSTOM\dinov3_vitb16_688\8-shot_preprocess=force_no_mask_no_rotation_bestsearch8_fast20greedy_maxanomap_res688_evaltrain_20260413\hq_sam_outputs_batch\roi_crops_peak_hysteresis_h0.5_l0.2_merge3bridge0.1_seed=0_sam_hq_vit_tiny\combined_overlay_gallery_flat\2D\2026_03_19-09_04_44-874.png,C:\ai\AnomalyDINO\results_CUSTOM\dinov3_vitb16_688\8-shot_preprocess=force_no_mask_no_rotation_bestsearch8_fast20greedy_maxanomap_res688_evaltrain_20260413\hq_sam_outputs_batch\roi_crops_peak_hysteresis_h0.5_l0.2_merge3bridge0.1_seed=0_sam_hq_vit_tiny\test\bad\2D\2026_03_19-09_04_44-874\combined_overlay.png,,745,1354,847,1388,0.7080155611038208,1656,3,0.0012458471760797341,0.06951135396957397,0.07986593246459961,0.06951135396957397
test/bad/2D/2026_03_19-09_05_05-522.png__roi_000,,,test/bad/2D/2026_03_19-09_05_05-522.png,test/bad/2D/2026_03_19-09_05_05-522.png,0,normalmap,custom_eval,C:\anomalydino_data_single_object_normalmap\normalmap\test\bad\2D\2026_03_19-09_05_05-522.png,C:\ai\AnomalyDINO\results_CUSTOM\dinov3_vitb16_688\8-shot_preprocess=force_no_mask_no_rotation_bestsearch8_fast20greedy_maxanomap_res688_evaltrain_20260413\hq_sam_outputs_batch\roi_crops_peak_hysteresis_h0.5_l0.2_merge3bridge0.1_seed=0_sam_hq_vit_tiny\combined_overlay_gallery_flat\2D\2026_03_19-09_05_05-522.png,C:\ai\AnomalyDINO\results_CUSTOM\dinov3_vitb16_688\8-shot_preprocess=force_no_mask_no_rotation_bestsearch8_fast20greedy_maxanomap_res688_evaltrain_20260413\hq_sam_outputs_batch\roi_crops_peak_hysteresis_h0.5_l0.2_merge3bridge0.1_seed=0_sam_hq_vit_tiny\test\bad\2D\2026_03_19-09_05_05-522\combined_overlay.png,,305,508,373,677,0.4902482032775879,3070,10,0.004152823920265781,0.08066651225090027,0.12505318224430084,0.08066651225090027
test/bad/2D/2026_03_19-09_05_05-522.png__roi_001,,,test/bad/2D/2026_03_19-09_05_05-522.png,test/bad/2D/2026_03_19-09_05_05-522.png,1,normalmap,custom_eval,C:\anomalydino_data_single_object_normalmap\normalmap\test\bad\2D\2026_03_19-09_05_05-522.png,C:\ai\AnomalyDINO\results_CUSTOM\dinov3_vitb16_688\8-shot_preprocess=force_no_mask_no_rotation_bestsearch8_fast20greedy_maxanomap_res688_evaltrain_20260413\hq_sam_outputs_batch\roi_crops_peak_hysteresis_h0.5_l0.2_merge3bridge0.1_seed=0_sam_hq_vit_tiny\combined_overlay_gallery_flat\2D\2026_03_19-09_05_05-522.png,C:\ai\AnomalyDINO\results_CUSTOM\dinov3_vitb16_688\8-shot_preprocess=force_no_mask_no_rotation_bestsearch8_fast20greedy_maxanomap_res688_evaltrain_20260413\hq_sam_outputs_batch\roi_crops_peak_hysteresis_h0.5_l0.2_merge3bridge0.1_seed=0_sam_hq_vit_tiny\test\bad\2D\2026_03_19-09_05_05-522\combined_overlay.png,,779,305,847,339,0.7720542550086975,1152,2,0.0008305647840531562,0.07427459955215454,0.10252928733825684,0.07427459955215454
test/bad/2D/2026_03_19-09_05_05-522.png__roi_002,,,test/bad/2D/2026_03_19-09_05_05-522.png,test/bad/2D/2026_03_19-09_05_05-522.png,2,normalmap,custom_eval,C:\anomalydino_data_single_object_normalmap\normalmap\test\bad\2D\2026_03_19-09_05_05-522.png,C:\ai\AnomalyDINO\results_CUSTOM\dinov3_vitb16_688\8-shot_preprocess=force_no_mask_no_rotation_bestsearch8_fast20greedy_maxanomap_res688_evaltrain_20260413\hq_sam_outputs_batch\roi_crops_peak_hysteresis_h0.5_l0.2_merge3bridge0.1_seed=0_sam_hq_vit_tiny\combined_overlay_gallery_flat\2D\2026_03_19-09_05_05-522.png,C:\ai\AnomalyDINO\results_CUSTOM\dinov3_vitb16_688\8-shot_preprocess=force_no_mask_no_rotation_bestsearch8_fast20greedy_maxanomap_res688_evaltrain_20260413\hq_sam_outputs_batch\roi_crops_peak_hysteresis_h0.5_l0.2_merge3bridge0.1_seed=0_sam_hq_vit_tiny\test\bad\2D\2026_03_19-09_05_05-522\combined_overlay.png,,1389,880,1456,1050,0.6609892249107361,4209,10,0.004152823920265781,0.07399743795394897,0.1739320158958435,0.07399743795394897
test/bad/2D/2026_03_19-09_05_19-490.png__roi_000,,,test/bad/2D/2026_03_19-09_05_19-490.png,test/bad/2D/2026_03_19-09_05_19-490.png,0,normalmap,custom_eval,C:\anomalydino_data_single_object_normalmap\normalmap\test\bad\2D\2026_03_19-09_05_19-490.png,C:\ai\AnomalyDINO\results_CUSTOM\dinov3_vitb16_688\8-shot_preprocess=force_no_mask_no_rotation_bestsearch8_fast20greedy_maxanomap_res688_evaltrain_20260413\hq_sam_outputs_batch\roi_crops_peak_hysteresis_h0.5_l0.2_merge3bridge0.1_seed=0_sam_hq_vit_tiny\combined_overlay_gallery_flat\2D\2026_03_19-09_05_19-490.png,C:\ai\AnomalyDINO\results_CUSTOM\dinov3_vitb16_688\8-shot_preprocess=force_no_mask_no_rotation_bestsearch8_fast20greedy_maxanomap_res688_evaltrain_20260413\hq_sam_outputs_batch\roi_crops_peak_hysteresis_h0.5_l0.2_merge3bridge0.1_seed=0_sam_hq_vit_tiny\test\bad\2D\2026_03_19-09_05_19-490\combined_overlay.png,,948,169,1186,440,0.6477216482162476,14990,33,0.013704318936877076,0.09739243984222412,0.8033206164836884,0.09739243984222412
test/bad/2D/2026_03_19-09_05_41-194.png__roi_000,,,test/bad/2D/2026_03_19-09_05_41-194.png,test/bad/2D/2026_03_19-09_05_41-194.png,0,normalmap,custom_eval,C:\anomalydino_data_single_object_normalmap\normalmap\test\bad\2D\2026_03_19-09_05_41-194.png,C:\ai\AnomalyDINO\results_CUSTOM\dinov3_vitb16_688\8-shot_preprocess=force_no_mask_no_rotation_bestsearch8_fast20greedy_maxanomap_res688_evaltrain_20260413\hq_sam_outputs_batch\roi_crops_peak_hysteresis_h0.5_l0.2_merge3bridge0.1_seed=0_sam_hq_vit_tiny\combined_overlay_gallery_flat\2D\2026_03_19-09_05_41-194.png,C:\ai\AnomalyDINO\results_CUSTOM\dinov3_vitb16_688\8-shot_preprocess=force_no_mask_no_rotation_bestsearch8_fast20greedy_maxanomap_res688_evaltrain_20260413\hq_sam_outputs_batch\roi_crops_peak_hysteresis_h0.5_l0.2_merge3bridge0.1_seed=0_sam_hq_vit_tiny\test\bad\2D\2026_03_19-09_05_41-194\combined_overlay.png,,237,372,271,440,0.8481455445289612,655,2,0.0008305647840531562,0.1051476001739502,0.1745193898677826,0.1051476001739502
test/bad/2D/2026_03_19-09_05_41-194.png__roi_001,,,test/bad/2D/2026_03_19-09_05_41-194.png,test/bad/2D/2026_03_19-09_05_41-194.png,1,normalmap,custom_eval,C:\anomalydino_data_single_object_normalmap\normalmap\test\bad\2D\2026_03_19-09_05_41-194.png,C:\ai\AnomalyDINO\results_CUSTOM\dinov3_vitb16_688\8-shot_preprocess=force_no_mask_no_rotation_bestsearch8_fast20greedy_maxanomap_res688_evaltrain_20260413\hq_sam_outputs_batch\roi_crops_peak_hysteresis_h0.5_l0.2_merge3bridge0.1_seed=0_sam_hq_vit_tiny\combined_overlay_gallery_flat\2D\2026_03_19-09_05_41-194.png,C:\ai\AnomalyDINO\results_CUSTOM\dinov3_vitb16_688\8-shot_preprocess=force_no_mask_no_rotation_bestsearch8_fast20greedy_maxanomap_res688_evaltrain_20260413\hq_sam_outputs_batch\roi_crops_peak_hysteresis_h0.5_l0.2_merge3bridge0.1_seed=0_sam_hq_vit_tiny\test\bad\2D\2026_03_19-09_05_41-194\combined_overlay.png,,847,542,915,576,0.718295693397522,1285,2,0.0008305647840531562,0.0609511137008667,0.09254854917526245,0.0609511137008667
test/bad/2D/2026_03_19-09_05_48-490.png__roi_000,,,test/bad/2D/2026_03_19-09_05_48-490.png,test/bad/2D/2026_03_19-09_05_48-490.png,0,normalmap,custom_eval,C:\anomalydino_data_single_object_normalmap\normalmap\test\bad\2D\2026_03_19-09_05_48-490.png,C:\ai\AnomalyDINO\results_CUSTOM\dinov3_vitb16_688\8-shot_preprocess=force_no_mask_no_rotation_bestsearch8_fast20greedy_maxanomap_res688_evaltrain_20260413\hq_sam_outputs_batch\roi_crops_peak_hysteresis_h0.5_l0.2_merge3bridge0.1_seed=0_sam_hq_vit_tiny\combined_overlay_gallery_flat\2D\2026_03_19-09_05_48-490.png,C:\ai\AnomalyDINO\results_CUSTOM\dinov3_vitb16_688\8-shot_preprocess=force_no_mask_no_rotation_bestsearch8_fast20greedy_maxanomap_res688_evaltrain_20260413\hq_sam_outputs_batch\roi_crops_peak_hysteresis_h0.5_l0.2_merge3bridge0.1_seed=0_sam_hq_vit_tiny\test\bad\2D\2026_03_19-09_05_48-490\combined_overlay.png,,1355,1117,1389,1151,0.5964869856834412,389,1,0.0004152823920265781,0.0771559476852417,0.05911031365394592,0.0771559476852417
test/bad/2D/2026_03_19-09_05_55-285.png__roi_000,,,test/bad/2D/2026_03_19-09_05_55-285.png,test/bad/2D/2026_03_19-09_05_55-285.png,0,normalmap,custom_eval,C:\anomalydino_data_single_object_normalmap\normalmap\test\bad\2D\2026_03_19-09_05_55-285.png,C:\ai\AnomalyDINO\results_CUSTOM\dinov3_vitb16_688\8-shot_preprocess=force_no_mask_no_rotation_bestsearch8_fast20greedy_maxanomap_res688_evaltrain_20260413\hq_sam_outputs_batch\roi_crops_peak_hysteresis_h0.5_l0.2_merge3bridge0.1_seed=0_sam_hq_vit_tiny\combined_overlay_gallery_flat\2D\2026_03_19-09_05_55-285.png,C:\ai\AnomalyDINO\results_CUSTOM\dinov3_vitb16_688\8-shot_preprocess=force_no_mask_no_rotation_bestsearch8_fast20greedy_maxanomap_res688_evaltrain_20260413\hq_sam_outputs_batch\roi_crops_peak_hysteresis_h0.5_l0.2_merge3bridge0.1_seed=0_sam_hq_vit_tiny\test\bad\2D\2026_03_19-09_05_55-285\combined_overlay.png,,1050,406,1118,474,0.7122675776481628,846,4,0.0016611295681063123,0.0653110146522522,0.053999513387680054,0.0653110146522522
test/bad/2D/2026_03_19-09_05_55-285.png__roi_001,,,test/bad/2D/2026_03_19-09_05_55-285.png,test/bad/2D/2026_03_19-09_05_55-285.png,1,normalmap,custom_eval,C:\anomalydino_data_single_object_normalmap\normalmap\test\bad\2D\2026_03_19-09_05_55-285.png,C:\ai\AnomalyDINO\results_CUSTOM\dinov3_vitb16_688\8-shot_preprocess=force_no_mask_no_rotation_bestsearch8_fast20greedy_maxanomap_res688_evaltrain_20260413\hq_sam_outputs_batch\roi_crops_peak_hysteresis_h0.5_l0.2_merge3bridge0.1_seed=0_sam_hq_vit_tiny\combined_overlay_gallery_flat\2D\2026_03_19-09_05_55-285.png,C:\ai\AnomalyDINO\results_CUSTOM\dinov3_vitb16_688\8-shot_preprocess=force_no_mask_no_rotation_bestsearch8_fast20greedy_maxanomap_res688_evaltrain_20260413\hq_sam_outputs_batch\roi_crops_peak_hysteresis_h0.5_l0.2_merge3bridge0.1_seed=0_sam_hq_vit_tiny\test\bad\2D\2026_03_19-09_05_55-285\combined_overlay.png,,1524,609,1592,711,0.5260751247406006,1890,7,0.0029069767441860465,0.06196656823158264,0.088602215051651,0.06196656823158264
test/bad/2D/2026_03_19-09_05_55-285.png__roi_002,,,test/bad/2D/2026_03_19-09_05_55-285.png,test/bad/2D/2026_03_19-09_05_55-285.png,2,normalmap,custom_eval,C:\anomalydino_data_single_object_normalmap\normalmap\test\bad\2D\2026_03_19-09_05_55-285.png,C:\ai\AnomalyDINO\results_CUSTOM\dinov3_vitb16_688\8-shot_preprocess=force_no_mask_no_rotation_bestsearch8_fast20greedy_maxanomap_res688_evaltrain_20260413\hq_sam_outputs_batch\roi_crops_peak_hysteresis_h0.5_l0.2_merge3bridge0.1_seed=0_sam_hq_vit_tiny\combined_overlay_gallery_flat\2D\2026_03_19-09_05_55-285.png,C:\ai\AnomalyDINO\results_CUSTOM\dinov3_vitb16_688\8-shot_preprocess=force_no_mask_no_rotation_bestsearch8_fast20greedy_maxanomap_res688_evaltrain_20260413\hq_sam_outputs_batch\roi_crops_peak_hysteresis_h0.5_l0.2_merge3bridge0.1_seed=0_sam_hq_vit_tiny\test\bad\2D\2026_03_19-09_05_55-285\combined_overlay.png,,440,880,1558,1253,0.8905441761016846,93781,128,0.053156146179401995,0.060032665729522705,1.3746562153100967,0.060032665729522705
test/bad/2D/2026_03_19-09_06_01-751.png__roi_000,,,test/bad/2D/2026_03_19-09_06_01-751.png,test/bad/2D/2026_03_19-09_06_01-751.png,0,normalmap,custom_eval,C:\anomalydino_data_single_object_normalmap\normalmap\test\bad\2D\2026_03_19-09_06_01-751.png,C:\ai\AnomalyDINO\results_CUSTOM\dinov3_vitb16_688\8-shot_preprocess=force_no_mask_no_rotation_bestsearch8_fast20greedy_maxanomap_res688_evaltrain_20260413\hq_sam_outputs_batch\roi_crops_peak_hysteresis_h0.5_l0.2_merge3bridge0.1_seed=0_sam_hq_vit_tiny\combined_overlay_gallery_flat\2D\2026_03_19-09_06_01-751.png,C:\ai\AnomalyDINO\results_CUSTOM\dinov3_vitb16_688\8-shot_preprocess=force_no_mask_no_rotation_bestsearch8_fast20greedy_maxanomap_res688_evaltrain_20260413\hq_sam_outputs_batch\roi_crops_peak_hysteresis_h0.5_l0.2_merge3bridge0.1_seed=0_sam_hq_vit_tiny\test\bad\2D\2026_03_19-09_06_01-751\combined_overlay.png,,847,576,915,643,0.7066004276275635,2589,4,0.0016611295681063123,0.09436976909637451,0.11847150325775146,0.09436976909637451
test/bad/2D/2026_03_19-09_06_01-751.png__roi_001,,,test/bad/2D/2026_03_19-09_06_01-751.png,test/bad/2D/2026_03_19-09_06_01-751.png,1,normalmap,custom_eval,C:\anomalydino_data_single_object_normalmap\normalmap\test\bad\2D\2026_03_19-09_06_01-751.png,C:\ai\AnomalyDINO\results_CUSTOM\dinov3_vitb16_688\8-shot_preprocess=force_no_mask_no_rotation_bestsearch8_fast20greedy_maxanomap_res688_evaltrain_20260413\hq_sam_outputs_batch\roi_crops_peak_hysteresis_h0.5_l0.2_merge3bridge0.1_seed=0_sam_hq_vit_tiny\combined_overlay_gallery_flat\2D\2026_03_19-09_06_01-751.png,C:\ai\AnomalyDINO\results_CUSTOM\dinov3_vitb16_688\8-shot_preprocess=force_no_mask_no_rotation_bestsearch8_fast20greedy_maxanomap_res688_evaltrain_20260413\hq_sam_outputs_batch\roi_crops_peak_hysteresis_h0.5_l0.2_merge3bridge0.1_seed=0_sam_hq_vit_tiny\test\bad\2D\2026_03_19-09_06_01-751\combined_overlay.png,,576,880,644,914,0.7395374178886414,763,2,0.0008305647840531562,0.07656478881835938,0.08203548192977905,0.07656478881835938
test/bad/2D/2026_03_19-09_06_08-271.png__roi_000,,,test/bad/2D/2026_03_19-09_06_08-271.png,test/bad/2D/2026_03_19-09_06_08-271.png,0,normalmap,custom_eval,C:\anomalydino_data_single_object_normalmap\normalmap\test\bad\2D\2026_03_19-09_06_08-271.png,C:\ai\AnomalyDINO\results_CUSTOM\dinov3_vitb16_688\8-shot_preprocess=force_no_mask_no_rotation_bestsearch8_fast20greedy_maxanomap_res688_evaltrain_20260413\hq_sam_outputs_batch\roi_crops_peak_hysteresis_h0.5_l0.2_merge3bridge0.1_seed=0_sam_hq_vit_tiny\combined_overlay_gallery_flat\2D\2026_03_19-09_06_08-271.png,C:\ai\AnomalyDINO\results_CUSTOM\dinov3_vitb16_688\8-shot_preprocess=force_no_mask_no_rotation_bestsearch8_fast20greedy_maxanomap_res688_evaltrain_20260413\hq_sam_outputs_batch\roi_crops_peak_hysteresis_h0.5_l0.2_merge3bridge0.1_seed=0_sam_hq_vit_tiny\test\bad\2D\2026_03_19-09_06_08-271\combined_overlay.png,,474,508,542,576,0.8304733633995056,761,4,0.0016611295681063123,0.1151251494884491,0.1681053638458252,0.1151251494884491
test/bad/2D/2026_03_19-09_06_15-177.png__roi_000,,,test/bad/2D/2026_03_19-09_06_15-177.png,test/bad/2D/2026_03_19-09_06_15-177.png,0,normalmap,custom_eval,C:\anomalydino_data_single_object_normalmap\normalmap\test\bad\2D\2026_03_19-09_06_15-177.png,C:\ai\AnomalyDINO\results_CUSTOM\dinov3_vitb16_688\8-shot_preprocess=force_no_mask_no_rotation_bestsearch8_fast20greedy_maxanomap_res688_evaltrain_20260413\hq_sam_outputs_batch\roi_crops_peak_hysteresis_h0.5_l0.2_merge3bridge0.1_seed=0_sam_hq_vit_tiny\combined_overlay_gallery_flat\2D\2026_03_19-09_06_15-177.png,C:\ai\AnomalyDINO\results_CUSTOM\dinov3_vitb16_688\8-shot_preprocess=force_no_mask_no_rotation_bestsearch8_fast20greedy_maxanomap_res688_evaltrain_20260413\hq_sam_outputs_batch\roi_crops_peak_hysteresis_h0.5_l0.2_merge3bridge0.1_seed=0_sam_hq_vit_tiny\test\bad\2D\2026_03_19-09_06_15-177\combined_overlay.png,,711,1253,745,1321,0.8615341186523438,596,2,0.0008305647840531562,0.09872424602508545,0.11003667116165161,0.09872424602508545
test/bad/2D/2026_03_19-09_06_15-177.png__roi_001,,,test/bad/2D/2026_03_19-09_06_15-177.png,test/bad/2D/2026_03_19-09_06_15-177.png,1,normalmap,custom_eval,C:\anomalydino_data_single_object_normalmap\normalmap\test\bad\2D\2026_03_19-09_06_15-177.png,C:\ai\AnomalyDINO\results_CUSTOM\dinov3_vitb16_688\8-shot_preprocess=force_no_mask_no_rotation_bestsearch8_fast20greedy_maxanomap_res688_evaltrain_20260413\hq_sam_outputs_batch\roi_crops_peak_hysteresis_h0.5_l0.2_merge3bridge0.1_seed=0_sam_hq_vit_tiny\combined_overlay_gallery_flat\2D\2026_03_19-09_06_15-177.png,C:\ai\AnomalyDINO\results_CUSTOM\dinov3_vitb16_688\8-shot_preprocess=force_no_mask_no_rotation_bestsearch8_fast20greedy_maxanomap_res688_evaltrain_20260413\hq_sam_outputs_batch\roi_crops_peak_hysteresis_h0.5_l0.2_merge3bridge0.1_seed=0_sam_hq_vit_tiny\test\bad\2D\2026_03_19-09_06_15-177\combined_overlay.png,,915,745,948,813,0.7653058171272278,732,2,0.0008305647840531562,0.08541062474250793,0.12036791443824768,0.08541062474250793
test/bad/2D/2026_03_19-09_06_15-177.png__roi_002,,,test/bad/2D/2026_03_19-09_06_15-177.png,test/bad/2D/2026_03_19-09_06_15-177.png,2,normalmap,custom_eval,C:\anomalydino_data_single_object_normalmap\normalmap\test\bad\2D\2026_03_19-09_06_15-177.png,C:\ai\AnomalyDINO\results_CUSTOM\dinov3_vitb16_688\8-shot_preprocess=force_no_mask_no_rotation_bestsearch8_fast20greedy_maxanomap_res688_evaltrain_20260413\hq_sam_outputs_batch\roi_crops_peak_hysteresis_h0.5_l0.2_merge3bridge0.1_seed=0_sam_hq_vit_tiny\combined_overlay_gallery_flat\2D\2026_03_19-09_06_15-177.png,C:\ai\AnomalyDINO\results_CUSTOM\dinov3_vitb16_688\8-shot_preprocess=force_no_mask_no_rotation_bestsearch8_fast20greedy_maxanomap_res688_evaltrain_20260413\hq_sam_outputs_batch\roi_crops_peak_hysteresis_h0.5_l0.2_merge3bridge0.1_seed=0_sam_hq_vit_tiny\test\bad\2D\2026_03_19-09_06_15-177\combined_overlay.png,,1490,643,1592,745,0.4191669821739197,2980,9,0.003737541528239203,0.08424434065818787,0.11375826597213745,0.08424434065818787
test/bad/2D/2026_03_19-09_06_15-177.png__roi_003,,,test/bad/2D/2026_03_19-09_06_15-177.png,test/bad/2D/2026_03_19-09_06_15-177.png,3,normalmap,custom_eval,C:\anomalydino_data_single_object_normalmap\normalmap\test\bad\2D\2026_03_19-09_06_15-177.png,C:\ai\AnomalyDINO\results_CUSTOM\dinov3_vitb16_688\8-shot_preprocess=force_no_mask_no_rotation_bestsearch8_fast20greedy_maxanomap_res688_evaltrain_20260413\hq_sam_outputs_batch\roi_crops_peak_hysteresis_h0.5_l0.2_merge3bridge0.1_seed=0_sam_hq_vit_tiny\combined_overlay_gallery_flat\2D\2026_03_19-09_06_15-177.png,C:\ai\AnomalyDINO\results_CUSTOM\dinov3_vitb16_688\8-shot_preprocess=force_no_mask_no_rotation_bestsearch8_fast20greedy_maxanomap_res688_evaltrain_20260413\hq_sam_outputs_batch\roi_crops_peak_hysteresis_h0.5_l0.2_merge3bridge0.1_seed=0_sam_hq_vit_tiny\test\bad\2D\2026_03_19-09_06_15-177\combined_overlay.png,,576,406,644,440,0.7783674597740173,814,2,0.0008305647840531562,0.08068236708641052,0.11366662383079529,0.08068236708641052
test/bad/2D/2026_03_19-09_06_15-177.png__roi_004,,,test/bad/2D/2026_03_19-09_06_15-177.png,test/bad/2D/2026_03_19-09_06_15-177.png,4,normalmap,custom_eval,C:\anomalydino_data_single_object_normalmap\normalmap\test\bad\2D\2026_03_19-09_06_15-177.png,C:\ai\AnomalyDINO\results_CUSTOM\dinov3_vitb16_688\8-shot_preprocess=force_no_mask_no_rotation_bestsearch8_fast20greedy_maxanomap_res688_evaltrain_20260413\hq_sam_outputs_batch\roi_crops_peak_hysteresis_h0.5_l0.2_merge3bridge0.1_seed=0_sam_hq_vit_tiny\combined_overlay_gallery_flat\2D\2026_03_19-09_06_15-177.png,C:\ai\AnomalyDINO\results_CUSTOM\dinov3_vitb16_688\8-shot_preprocess=force_no_mask_no_rotation_bestsearch8_fast20greedy_maxanomap_res688_evaltrain_20260413\hq_sam_outputs_batch\roi_crops_peak_hysteresis_h0.5_l0.2_merge3bridge0.1_seed=0_sam_hq_vit_tiny\test\bad\2D\2026_03_19-09_06_15-177\combined_overlay.png,,677,237,711,271,0.7916814088821411,566,2,0.0008305647840531562,0.08001977205276489,0.06328010559082031,0.08001977205276489
test/bad/2D/2026_03_19-09_06_22-312.png__roi_000,,,test/bad/2D/2026_03_19-09_06_22-312.png,test/bad/2D/2026_03_19-09_06_22-312.png,0,normalmap,custom_eval,C:\anomalydino_data_single_object_normalmap\normalmap\test\bad\2D\2026_03_19-09_06_22-312.png,C:\ai\AnomalyDINO\results_CUSTOM\dinov3_vitb16_688\8-shot_preprocess=force_no_mask_no_rotation_bestsearch8_fast20greedy_maxanomap_res688_evaltrain_20260413\hq_sam_outputs_batch\roi_crops_peak_hysteresis_h0.5_l0.2_merge3bridge0.1_seed=0_sam_hq_vit_tiny\combined_overlay_gallery_flat\2D\2026_03_19-09_06_22-312.png,C:\ai\AnomalyDINO\results_CUSTOM\dinov3_vitb16_688\8-shot_preprocess=force_no_mask_no_rotation_bestsearch8_fast20greedy_maxanomap_res688_evaltrain_20260413\hq_sam_outputs_batch\roi_crops_peak_hysteresis_h0.5_l0.2_merge3bridge0.1_seed=0_sam_hq_vit_tiny\test\bad\2D\2026_03_19-09_06_22-312\combined_overlay.png,,1389,271,1423,305,0.7622791528701782,626,1,0.0004152823920265781,0.07702040672302246,0.058179065585136414,0.07702040672302246
test/bad/3D/2026_03_11-09_24_44-457.png__roi_000,,,test/bad/3D/2026_03_11-09_24_44-457.png,test/bad/3D/2026_03_11-09_24_44-457.png,0,normalmap,custom_eval,C:\anomalydino_data_single_object_normalmap\normalmap\test\bad\3D\2026_03_11-09_24_44-457.png,C:\ai\AnomalyDINO\results_CUSTOM\dinov3_vitb16_688\8-shot_preprocess=force_no_mask_no_rotation_bestsearch8_fast20greedy_maxanomap_res688_evaltrain_20260413\hq_sam_outputs_batch\roi_crops_peak_hysteresis_h0.5_l0.2_merge3bridge0.1_seed=0_sam_hq_vit_tiny\combined_overlay_gallery_flat\3D\2026_03_11-09_24_44-457.png,C:\ai\AnomalyDINO\results_CUSTOM\dinov3_vitb16_688\8-shot_preprocess=force_no_mask_no_rotation_bestsearch8_fast20greedy_maxanomap_res688_evaltrain_20260413\hq_sam_outputs_batch\roi_crops_peak_hysteresis_h0.5_l0.2_merge3bridge0.1_seed=0_sam_hq_vit_tiny\test\bad\3D\2026_03_11-09_24_44-457\combined_overlay.png,,1558,813,1626,880,0.7149625420570374,3062,6,0.0024916943521594683,0.06952112913131714,0.12661954760551453,0.06952112913131714
test/bad/3D/2026_03_11-09_24_44-457.png__roi_001,,,test/bad/3D/2026_03_11-09_24_44-457.png,test/bad/3D/2026_03_11-09_24_44-457.png,1,normalmap,custom_eval,C:\anomalydino_data_single_object_normalmap\normalmap\test\bad\3D\2026_03_11-09_24_44-457.png,C:\ai\AnomalyDINO\results_CUSTOM\dinov3_vitb16_688\8-shot_preprocess=force_no_mask_no_rotation_bestsearch8_fast20greedy_maxanomap_res688_evaltrain_20260413\hq_sam_outputs_batch\roi_crops_peak_hysteresis_h0.5_l0.2_merge3bridge0.1_seed=0_sam_hq_vit_tiny\combined_overlay_gallery_flat\3D\2026_03_11-09_24_44-457.png,C:\ai\AnomalyDINO\results_CUSTOM\dinov3_vitb16_688\8-shot_preprocess=force_no_mask_no_rotation_bestsearch8_fast20greedy_maxanomap_res688_evaltrain_20260413\hq_sam_outputs_batch\roi_crops_peak_hysteresis_h0.5_l0.2_merge3bridge0.1_seed=0_sam_hq_vit_tiny\test\bad\3D\2026_03_11-09_24_44-457\combined_overlay.png,,271,237,373,339,0.6299367547035217,8355,17,0.0070598006644518275,0.06808745861053467,0.170135498046875,0.06808745861053467
test/bad/3D/2026_03_11-09_24_44-457.png__roi_002,,,test/bad/3D/2026_03_11-09_24_44-457.png,test/bad/3D/2026_03_11-09_24_44-457.png,2,normalmap,custom_eval,C:\anomalydino_data_single_object_normalmap\normalmap\test\bad\3D\2026_03_11-09_24_44-457.png,C:\ai\AnomalyDINO\results_CUSTOM\dinov3_vitb16_688\8-shot_preprocess=force_no_mask_no_rotation_bestsearch8_fast20greedy_maxanomap_res688_evaltrain_20260413\hq_sam_outputs_batch\roi_crops_peak_hysteresis_h0.5_l0.2_merge3bridge0.1_seed=0_sam_hq_vit_tiny\combined_overlay_gallery_flat\3D\2026_03_11-09_24_44-457.png,C:\ai\AnomalyDINO\results_CUSTOM\dinov3_vitb16_688\8-shot_preprocess=force_no_mask_no_rotation_bestsearch8_fast20greedy_maxanomap_res688_evaltrain_20260413\hq_sam_outputs_batch\roi_crops_peak_hysteresis_h0.5_l0.2_merge3bridge0.1_seed=0_sam_hq_vit_tiny\test\bad\3D\2026_03_11-09_24_44-457\combined_overlay.png,,711,102,745,169,0.6707451343536377,1564,2,0.0008305647840531562,0.05754697322845459,0.09882178902626038,0.05754697322845459
test/bad/3D/2026_03_11-09_28_52-010.png__roi_000,,,test/bad/3D/2026_03_11-09_28_52-010.png,test/bad/3D/2026_03_11-09_28_52-010.png,0,normalmap,custom_eval,C:\anomalydino_data_single_object_normalmap\normalmap\test\bad\3D\2026_03_11-09_28_52-010.png,C:\ai\AnomalyDINO\results_CUSTOM\dinov3_vitb16_688\8-shot_preprocess=force_no_mask_no_rotation_bestsearch8_fast20greedy_maxanomap_res688_evaltrain_20260413\hq_sam_outputs_batch\roi_crops_peak_hysteresis_h0.5_l0.2_merge3bridge0.1_seed=0_sam_hq_vit_tiny\combined_overlay_gallery_flat\3D\2026_03_11-09_28_52-010.png,C:\ai\AnomalyDINO\results_CUSTOM\dinov3_vitb16_688\8-shot_preprocess=force_no_mask_no_rotation_bestsearch8_fast20greedy_maxanomap_res688_evaltrain_20260413\hq_sam_outputs_batch\roi_crops_peak_hysteresis_h0.5_l0.2_merge3bridge0.1_seed=0_sam_hq_vit_tiny\test\bad\3D\2026_03_11-09_28_52-010\combined_overlay.png,,542,339,610,406,0.7760528922080994,1973,6,0.0024916943521594683,0.10360658168792725,0.2170928716659546,0.10360658168792725
test/bad/3D/2026_03_11-09_28_52-010.png__roi_001,,,test/bad/3D/2026_03_11-09_28_52-010.png,test/bad/3D/2026_03_11-09_28_52-010.png,1,normalmap,custom_eval,C:\anomalydino_data_single_object_normalmap\normalmap\test\bad\3D\2026_03_11-09_28_52-010.png,C:\ai\AnomalyDINO\results_CUSTOM\dinov3_vitb16_688\8-shot_preprocess=force_no_mask_no_rotation_bestsearch8_fast20greedy_maxanomap_res688_evaltrain_20260413\hq_sam_outputs_batch\roi_crops_peak_hysteresis_h0.5_l0.2_merge3bridge0.1_seed=0_sam_hq_vit_tiny\combined_overlay_gallery_flat\3D\2026_03_11-09_28_52-010.png,C:\ai\AnomalyDINO\results_CUSTOM\dinov3_vitb16_688\8-shot_preprocess=force_no_mask_no_rotation_bestsearch8_fast20greedy_maxanomap_res688_evaltrain_20260413\hq_sam_outputs_batch\roi_crops_peak_hysteresis_h0.5_l0.2_merge3bridge0.1_seed=0_sam_hq_vit_tiny\test\bad\3D\2026_03_11-09_28_52-010\combined_overlay.png,,915,237,982,305,0.8204562664031982,2861,4,0.0016611295681063123,0.08845189213752747,0.12150698900222778,0.08845189213752747
test/bad/3D/2026_03_11-09_28_52-010.png__roi_002,,,test/bad/3D/2026_03_11-09_28_52-010.png,test/bad/3D/2026_03_11-09_28_52-010.png,2,normalmap,custom_eval,C:\anomalydino_data_single_object_normalmap\normalmap\test\bad\3D\2026_03_11-09_28_52-010.png,C:\ai\AnomalyDINO\results_CUSTOM\dinov3_vitb16_688\8-shot_preprocess=force_no_mask_no_rotation_bestsearch8_fast20greedy_maxanomap_res688_evaltrain_20260413\hq_sam_outputs_batch\roi_crops_peak_hysteresis_h0.5_l0.2_merge3bridge0.1_seed=0_sam_hq_vit_tiny\combined_overlay_gallery_flat\3D\2026_03_11-09_28_52-010.png,C:\ai\AnomalyDINO\results_CUSTOM\dinov3_vitb16_688\8-shot_preprocess=force_no_mask_no_rotation_bestsearch8_fast20greedy_maxanomap_res688_evaltrain_20260413\hq_sam_outputs_batch\roi_crops_peak_hysteresis_h0.5_l0.2_merge3bridge0.1_seed=0_sam_hq_vit_tiny\test\bad\3D\2026_03_11-09_28_52-010\combined_overlay.png,,169,914,203,948,0.7361306548118591,824,2,0.0008305647840531562,0.08384972810745239,0.06524884700775146,0.08384972810745239
test/bad/3D/2026_03_11-09_28_52-010.png__roi_003,,,test/bad/3D/2026_03_11-09_28_52-010.png,test/bad/3D/2026_03_11-09_28_52-010.png,3,normalmap,custom_eval,C:\anomalydino_data_single_object_normalmap\normalmap\test\bad\3D\2026_03_11-09_28_52-010.png,C:\ai\AnomalyDINO\results_CUSTOM\dinov3_vitb16_688\8-shot_preprocess=force_no_mask_no_rotation_bestsearch8_fast20greedy_maxanomap_res688_evaltrain_20260413\hq_sam_outputs_batch\roi_crops_peak_hysteresis_h0.5_l0.2_merge3bridge0.1_seed=0_sam_hq_vit_tiny\combined_overlay_gallery_flat\3D\2026_03_11-09_28_52-010.png,C:\ai\AnomalyDINO\results_CUSTOM\dinov3_vitb16_688\8-shot_preprocess=force_no_mask_no_rotation_bestsearch8_fast20greedy_maxanomap_res688_evaltrain_20260413\hq_sam_outputs_batch\roi_crops_peak_hysteresis_h0.5_l0.2_merge3bridge0.1_seed=0_sam_hq_vit_tiny\test\bad\3D\2026_03_11-09_28_52-010\combined_overlay.png,,1219,271,1321,339,0.7907909750938416,2269,6,0.0024916943521594683,0.06591230630874634,0.10195297002792358,0.06591230630874634
test/bad/3D/2026_03_11-09_28_52-010.png__roi_004,,,test/bad/3D/2026_03_11-09_28_52-010.png,test/bad/3D/2026_03_11-09_28_52-010.png,4,normalmap,custom_eval,C:\anomalydino_data_single_object_normalmap\normalmap\test\bad\3D\2026_03_11-09_28_52-010.png,C:\ai\AnomalyDINO\results_CUSTOM\dinov3_vitb16_688\8-shot_preprocess=force_no_mask_no_rotation_bestsearch8_fast20greedy_maxanomap_res688_evaltrain_20260413\hq_sam_outputs_batch\roi_crops_peak_hysteresis_h0.5_l0.2_merge3bridge0.1_seed=0_sam_hq_vit_tiny\combined_overlay_gallery_flat\3D\2026_03_11-09_28_52-010.png,C:\ai\AnomalyDINO\results_CUSTOM\dinov3_vitb16_688\8-shot_preprocess=force_no_mask_no_rotation_bestsearch8_fast20greedy_maxanomap_res688_evaltrain_20260413\hq_sam_outputs_batch\roi_crops_peak_hysteresis_h0.5_l0.2_merge3bridge0.1_seed=0_sam_hq_vit_tiny\test\bad\3D\2026_03_11-09_28_52-010\combined_overlay.png,,203,779,271,880,0.632169783115387,4557,7,0.0029069767441860465,0.06366345286369324,0.0713927149772644,0.06366345286369324
test/bad/3D/2026_03_11-09_28_52-010.png__roi_005,,,test/bad/3D/2026_03_11-09_28_52-010.png,test/bad/3D/2026_03_11-09_28_52-010.png,5,normalmap,custom_eval,C:\anomalydino_data_single_object_normalmap\normalmap\test\bad\3D\2026_03_11-09_28_52-010.png,C:\ai\AnomalyDINO\results_CUSTOM\dinov3_vitb16_688\8-shot_preprocess=force_no_mask_no_rotation_bestsearch8_fast20greedy_maxanomap_res688_evaltrain_20260413\hq_sam_outputs_batch\roi_crops_peak_hysteresis_h0.5_l0.2_merge3bridge0.1_seed=0_sam_hq_vit_tiny\combined_overlay_gallery_flat\3D\2026_03_11-09_28_52-010.png,C:\ai\AnomalyDINO\results_CUSTOM\dinov3_vitb16_688\8-shot_preprocess=force_no_mask_no_rotation_bestsearch8_fast20greedy_maxanomap_res688_evaltrain_20260413\hq_sam_outputs_batch\roi_crops_peak_hysteresis_h0.5_l0.2_merge3bridge0.1_seed=0_sam_hq_vit_tiny\test\bad\3D\2026_03_11-09_28_52-010\combined_overlay.png,,169,372,237,406,0.7569701671600342,820,2,0.0008305647840531562,0.0574570894241333,0.0649571418762207,0.0574570894241333
test/bad/3D/2026_03_19-08_19_55-515.png__roi_000,,,test/bad/3D/2026_03_19-08_19_55-515.png,test/bad/3D/2026_03_19-08_19_55-515.png,0,normalmap,custom_eval,C:\anomalydino_data_single_object_normalmap\normalmap\test\bad\3D\2026_03_19-08_19_55-515.png,C:\ai\AnomalyDINO\results_CUSTOM\dinov3_vitb16_688\8-shot_preprocess=force_no_mask_no_rotation_bestsearch8_fast20greedy_maxanomap_res688_evaltrain_20260413\hq_sam_outputs_batch\roi_crops_peak_hysteresis_h0.5_l0.2_merge3bridge0.1_seed=0_sam_hq_vit_tiny\combined_overlay_gallery_flat\3D\2026_03_19-08_19_55-515.png,C:\ai\AnomalyDINO\results_CUSTOM\dinov3_vitb16_688\8-shot_preprocess=force_no_mask_no_rotation_bestsearch8_fast20greedy_maxanomap_res688_evaltrain_20260413\hq_sam_outputs_batch\roi_crops_peak_hysteresis_h0.5_l0.2_merge3bridge0.1_seed=0_sam_hq_vit_tiny\test\bad\3D\2026_03_19-08_19_55-515\combined_overlay.png,,1355,576,1456,609,0.7335357666015625,750,2,0.0008305647840531562,0.0967462956905365,0.1630087047815323,0.0967462956905365
test/bad/3D/2026_03_19-08_20_35-297.png__roi_000,,,test/bad/3D/2026_03_19-08_20_35-297.png,test/bad/3D/2026_03_19-08_20_35-297.png,0,normalmap,custom_eval,C:\anomalydino_data_single_object_normalmap\normalmap\test\bad\3D\2026_03_19-08_20_35-297.png,C:\ai\AnomalyDINO\results_CUSTOM\dinov3_vitb16_688\8-shot_preprocess=force_no_mask_no_rotation_bestsearch8_fast20greedy_maxanomap_res688_evaltrain_20260413\hq_sam_outputs_batch\roi_crops_peak_hysteresis_h0.5_l0.2_merge3bridge0.1_seed=0_sam_hq_vit_tiny\combined_overlay_gallery_flat\3D\2026_03_19-08_20_35-297.png,C:\ai\AnomalyDINO\results_CUSTOM\dinov3_vitb16_688\8-shot_preprocess=force_no_mask_no_rotation_bestsearch8_fast20greedy_maxanomap_res688_evaltrain_20260413\hq_sam_outputs_batch\roi_crops_peak_hysteresis_h0.5_l0.2_merge3bridge0.1_seed=0_sam_hq_vit_tiny\test\bad\3D\2026_03_19-08_20_35-297\combined_overlay.png,,339,711,406,847,0.4744018614292145,2910,9,0.003737541528239203,0.09196224808692932,0.1790342628955841,0.09196224808692932
test/bad/3D/2026_03_19-08_22_09-887.png__roi_000,,,test/bad/3D/2026_03_19-08_22_09-887.png,test/bad/3D/2026_03_19-08_22_09-887.png,0,normalmap,custom_eval,C:\anomalydino_data_single_object_normalmap\normalmap\test\bad\3D\2026_03_19-08_22_09-887.png,C:\ai\AnomalyDINO\results_CUSTOM\dinov3_vitb16_688\8-shot_preprocess=force_no_mask_no_rotation_bestsearch8_fast20greedy_maxanomap_res688_evaltrain_20260413\hq_sam_outputs_batch\roi_crops_peak_hysteresis_h0.5_l0.2_merge3bridge0.1_seed=0_sam_hq_vit_tiny\combined_overlay_gallery_flat\3D\2026_03_19-08_22_09-887.png,C:\ai\AnomalyDINO\results_CUSTOM\dinov3_vitb16_688\8-shot_preprocess=force_no_mask_no_rotation_bestsearch8_fast20greedy_maxanomap_res688_evaltrain_20260413\hq_sam_outputs_batch\roi_crops_peak_hysteresis_h0.5_l0.2_merge3bridge0.1_seed=0_sam_hq_vit_tiny\test\bad\3D\2026_03_19-08_22_09-887\combined_overlay.png,,339,169,406,237,0.7421613931655884,2048,4,0.0016611295681063123,0.07292696833610535,0.13064146041870117,0.07292696833610535
test/bad/3D/2026_03_19-08_22_09-887.png__roi_001,,,test/bad/3D/2026_03_19-08_22_09-887.png,test/bad/3D/2026_03_19-08_22_09-887.png,1,normalmap,custom_eval,C:\anomalydino_data_single_object_normalmap\normalmap\test\bad\3D\2026_03_19-08_22_09-887.png,C:\ai\AnomalyDINO\results_CUSTOM\dinov3_vitb16_688\8-shot_preprocess=force_no_mask_no_rotation_bestsearch8_fast20greedy_maxanomap_res688_evaltrain_20260413\hq_sam_outputs_batch\roi_crops_peak_hysteresis_h0.5_l0.2_merge3bridge0.1_seed=0_sam_hq_vit_tiny\combined_overlay_gallery_flat\3D\2026_03_19-08_22_09-887.png,C:\ai\AnomalyDINO\results_CUSTOM\dinov3_vitb16_688\8-shot_preprocess=force_no_mask_no_rotation_bestsearch8_fast20greedy_maxanomap_res688_evaltrain_20260413\hq_sam_outputs_batch\roi_crops_peak_hysteresis_h0.5_l0.2_merge3bridge0.1_seed=0_sam_hq_vit_tiny\test\bad\3D\2026_03_19-08_22_09-887\combined_overlay.png,,1050,237,1084,271,0.7246285676956177,680,1,0.0004152823920265781,0.06273585557937622,0.05790130794048309,0.06273585557937622
test/bad/3D/2026_03_19-08_22_49-784.png__roi_000,,,test/bad/3D/2026_03_19-08_22_49-784.png,test/bad/3D/2026_03_19-08_22_49-784.png,0,normalmap,custom_eval,C:\anomalydino_data_single_object_normalmap\normalmap\test\bad\3D\2026_03_19-08_22_49-784.png,C:\ai\AnomalyDINO\results_CUSTOM\dinov3_vitb16_688\8-shot_preprocess=force_no_mask_no_rotation_bestsearch8_fast20greedy_maxanomap_res688_evaltrain_20260413\hq_sam_outputs_batch\roi_crops_peak_hysteresis_h0.5_l0.2_merge3bridge0.1_seed=0_sam_hq_vit_tiny\combined_overlay_gallery_flat\3D\2026_03_19-08_22_49-784.png,C:\ai\AnomalyDINO\results_CUSTOM\dinov3_vitb16_688\8-shot_preprocess=force_no_mask_no_rotation_bestsearch8_fast20greedy_maxanomap_res688_evaltrain_20260413\hq_sam_outputs_batch\roi_crops_peak_hysteresis_h0.5_l0.2_merge3bridge0.1_seed=0_sam_hq_vit_tiny\test\bad\3D\2026_03_19-08_22_49-784\combined_overlay.png,,1253,1084,1321,1117,0.6738934516906738,510,2,0.0008305647840531562,0.06861525774002075,0.08831775188446045,0.06861525774002075
test/bad/3D/2026_03_19-08_22_49-784.png__roi_001,,,test/bad/3D/2026_03_19-08_22_49-784.png,test/bad/3D/2026_03_19-08_22_49-784.png,1,normalmap,custom_eval,C:\anomalydino_data_single_object_normalmap\normalmap\test\bad\3D\2026_03_19-08_22_49-784.png,C:\ai\AnomalyDINO\results_CUSTOM\dinov3_vitb16_688\8-shot_preprocess=force_no_mask_no_rotation_bestsearch8_fast20greedy_maxanomap_res688_evaltrain_20260413\hq_sam_outputs_batch\roi_crops_peak_hysteresis_h0.5_l0.2_merge3bridge0.1_seed=0_sam_hq_vit_tiny\combined_overlay_gallery_flat\3D\2026_03_19-08_22_49-784.png,C:\ai\AnomalyDINO\results_CUSTOM\dinov3_vitb16_688\8-shot_preprocess=force_no_mask_no_rotation_bestsearch8_fast20greedy_maxanomap_res688_evaltrain_20260413\hq_sam_outputs_batch\roi_crops_peak_hysteresis_h0.5_l0.2_merge3bridge0.1_seed=0_sam_hq_vit_tiny\test\bad\3D\2026_03_19-08_22_49-784\combined_overlay.png,,644,948,677,982,0.7296926975250244,568,1,0.0004152823920265781,0.060200661420822144,0.05501857399940491,0.060200661420822144
test/bad/3D/2026_03_19-08_27_05-079.png__roi_000,,,test/bad/3D/2026_03_19-08_27_05-079.png,test/bad/3D/2026_03_19-08_27_05-079.png,0,normalmap,custom_eval,C:\anomalydino_data_single_object_normalmap\normalmap\test\bad\3D\2026_03_19-08_27_05-079.png,C:\ai\AnomalyDINO\results_CUSTOM\dinov3_vitb16_688\8-shot_preprocess=force_no_mask_no_rotation_bestsearch8_fast20greedy_maxanomap_res688_evaltrain_20260413\hq_sam_outputs_batch\roi_crops_peak_hysteresis_h0.5_l0.2_merge3bridge0.1_seed=0_sam_hq_vit_tiny\combined_overlay_gallery_flat\3D\2026_03_19-08_27_05-079.png,C:\ai\AnomalyDINO\results_CUSTOM\dinov3_vitb16_688\8-shot_preprocess=force_no_mask_no_rotation_bestsearch8_fast20greedy_maxanomap_res688_evaltrain_20260413\hq_sam_outputs_batch\roi_crops_peak_hysteresis_h0.5_l0.2_merge3bridge0.1_seed=0_sam_hq_vit_tiny\test\bad\3D\2026_03_19-08_27_05-079\combined_overlay.png,,339,643,1524,1388,0.8816176652908325,121113,178,0.0739202657807309,0.07237696647644043,2.160681515932083,0.07237696647644043
test/bad/3D/2026_03_19-08_27_05-079.png__roi_001,,,test/bad/3D/2026_03_19-08_27_05-079.png,test/bad/3D/2026_03_19-08_27_05-079.png,1,normalmap,custom_eval,C:\anomalydino_data_single_object_normalmap\normalmap\test\bad\3D\2026_03_19-08_27_05-079.png,C:\ai\AnomalyDINO\results_CUSTOM\dinov3_vitb16_688\8-shot_preprocess=force_no_mask_no_rotation_bestsearch8_fast20greedy_maxanomap_res688_evaltrain_20260413\hq_sam_outputs_batch\roi_crops_peak_hysteresis_h0.5_l0.2_merge3bridge0.1_seed=0_sam_hq_vit_tiny\combined_overlay_gallery_flat\3D\2026_03_19-08_27_05-079.png,C:\ai\AnomalyDINO\results_CUSTOM\dinov3_vitb16_688\8-shot_preprocess=force_no_mask_no_rotation_bestsearch8_fast20greedy_maxanomap_res688_evaltrain_20260413\hq_sam_outputs_batch\roi_crops_peak_hysteresis_h0.5_l0.2_merge3bridge0.1_seed=0_sam_hq_vit_tiny\test\bad\3D\2026_03_19-08_27_05-079\combined_overlay.png,,1524,542,1592,643,0.6082003116607666,1945,5,0.0020764119601328905,0.06611502170562744,0.07179217040538788,0.06611502170562744
test/bad/3D/2026_03_19-08_27_05-079.png__roi_002,,,test/bad/3D/2026_03_19-08_27_05-079.png,test/bad/3D/2026_03_19-08_27_05-079.png,2,normalmap,custom_eval,C:\anomalydino_data_single_object_normalmap\normalmap\test\bad\3D\2026_03_19-08_27_05-079.png,C:\ai\AnomalyDINO\results_CUSTOM\dinov3_vitb16_688\8-shot_preprocess=force_no_mask_no_rotation_bestsearch8_fast20greedy_maxanomap_res688_evaltrain_20260413\hq_sam_outputs_batch\roi_crops_peak_hysteresis_h0.5_l0.2_merge3bridge0.1_seed=0_sam_hq_vit_tiny\combined_overlay_gallery_flat\3D\2026_03_19-08_27_05-079.png,C:\ai\AnomalyDINO\results_CUSTOM\dinov3_vitb16_688\8-shot_preprocess=force_no_mask_no_rotation_bestsearch8_fast20greedy_maxanomap_res688_evaltrain_20260413\hq_sam_outputs_batch\roi_crops_peak_hysteresis_h0.5_l0.2_merge3bridge0.1_seed=0_sam_hq_vit_tiny\test\bad\3D\2026_03_19-08_27_05-079\combined_overlay.png,,1456,339,1490,406,0.7588434219360352,584,2,0.0008305647840531562,0.06103140115737915,0.06992709636688232,0.06103140115737915
test/bad/3D/2026_03_19-08_59_13-986.png__roi_000,,,test/bad/3D/2026_03_19-08_59_13-986.png,test/bad/3D/2026_03_19-08_59_13-986.png,0,normalmap,custom_eval,C:\anomalydino_data_single_object_normalmap\normalmap\test\bad\3D\2026_03_19-08_59_13-986.png,C:\ai\AnomalyDINO\results_CUSTOM\dinov3_vitb16_688\8-shot_preprocess=force_no_mask_no_rotation_bestsearch8_fast20greedy_maxanomap_res688_evaltrain_20260413\hq_sam_outputs_batch\roi_crops_peak_hysteresis_h0.5_l0.2_merge3bridge0.1_seed=0_sam_hq_vit_tiny\combined_overlay_gallery_flat\3D\2026_03_19-08_59_13-986.png,C:\ai\AnomalyDINO\results_CUSTOM\dinov3_vitb16_688\8-shot_preprocess=force_no_mask_no_rotation_bestsearch8_fast20greedy_maxanomap_res688_evaltrain_20260413\hq_sam_outputs_batch\roi_crops_peak_hysteresis_h0.5_l0.2_merge3bridge0.1_seed=0_sam_hq_vit_tiny\test\bad\3D\2026_03_19-08_59_13-986\combined_overlay.png,,1287,135,1321,203,0.7237358689308167,574,2,0.0008305647840531562,0.0682937502861023,0.11228567361831665,0.0682937502861023
test/bad/3D/2026_03_19-09_01_18-723.png__roi_000,,,test/bad/3D/2026_03_19-09_01_18-723.png,test/bad/3D/2026_03_19-09_01_18-723.png,0,normalmap,custom_eval,C:\anomalydino_data_single_object_normalmap\normalmap\test\bad\3D\2026_03_19-09_01_18-723.png,C:\ai\AnomalyDINO\results_CUSTOM\dinov3_vitb16_688\8-shot_preprocess=force_no_mask_no_rotation_bestsearch8_fast20greedy_maxanomap_res688_evaltrain_20260413\hq_sam_outputs_batch\roi_crops_peak_hysteresis_h0.5_l0.2_merge3bridge0.1_seed=0_sam_hq_vit_tiny\combined_overlay_gallery_flat\3D\2026_03_19-09_01_18-723.png,C:\ai\AnomalyDINO\results_CUSTOM\dinov3_vitb16_688\8-shot_preprocess=force_no_mask_no_rotation_bestsearch8_fast20greedy_maxanomap_res688_evaltrain_20260413\hq_sam_outputs_batch\roi_crops_peak_hysteresis_h0.5_l0.2_merge3bridge0.1_seed=0_sam_hq_vit_tiny\test\bad\3D\2026_03_19-09_01_18-723\combined_overlay.png,,915,372,982,440,0.7591722011566162,1170,4,0.0016611295681063123,0.06621301174163818,0.14869941771030426,0.06621301174163818
test/bad/3D/2026_03_19-09_01_54-313.png__roi_000,,,test/bad/3D/2026_03_19-09_01_54-313.png,test/bad/3D/2026_03_19-09_01_54-313.png,0,normalmap,custom_eval,C:\anomalydino_data_single_object_normalmap\normalmap\test\bad\3D\2026_03_19-09_01_54-313.png,C:\ai\AnomalyDINO\results_CUSTOM\dinov3_vitb16_688\8-shot_preprocess=force_no_mask_no_rotation_bestsearch8_fast20greedy_maxanomap_res688_evaltrain_20260413\hq_sam_outputs_batch\roi_crops_peak_hysteresis_h0.5_l0.2_merge3bridge0.1_seed=0_sam_hq_vit_tiny\combined_overlay_gallery_flat\3D\2026_03_19-09_01_54-313.png,C:\ai\AnomalyDINO\results_CUSTOM\dinov3_vitb16_688\8-shot_preprocess=force_no_mask_no_rotation_bestsearch8_fast20greedy_maxanomap_res688_evaltrain_20260413\hq_sam_outputs_batch\roi_crops_peak_hysteresis_h0.5_l0.2_merge3bridge0.1_seed=0_sam_hq_vit_tiny\test\bad\3D\2026_03_19-09_01_54-313\combined_overlay.png,,1456,542,1524,576,0.7504446506500244,1199,2,0.0008305647840531562,0.07250571250915527,0.11654031276702881,0.07250571250915527
test/bad/3D/2026_03_19-09_01_54-313.png__roi_001,,,test/bad/3D/2026_03_19-09_01_54-313.png,test/bad/3D/2026_03_19-09_01_54-313.png,1,normalmap,custom_eval,C:\anomalydino_data_single_object_normalmap\normalmap\test\bad\3D\2026_03_19-09_01_54-313.png,C:\ai\AnomalyDINO\results_CUSTOM\dinov3_vitb16_688\8-shot_preprocess=force_no_mask_no_rotation_bestsearch8_fast20greedy_maxanomap_res688_evaltrain_20260413\hq_sam_outputs_batch\roi_crops_peak_hysteresis_h0.5_l0.2_merge3bridge0.1_seed=0_sam_hq_vit_tiny\combined_overlay_gallery_flat\3D\2026_03_19-09_01_54-313.png,C:\ai\AnomalyDINO\results_CUSTOM\dinov3_vitb16_688\8-shot_preprocess=force_no_mask_no_rotation_bestsearch8_fast20greedy_maxanomap_res688_evaltrain_20260413\hq_sam_outputs_batch\roi_crops_peak_hysteresis_h0.5_l0.2_merge3bridge0.1_seed=0_sam_hq_vit_tiny\test\bad\3D\2026_03_19-09_01_54-313\combined_overlay.png,,1727,745,1761,813,0.7200617790222168,603,2,0.0008305647840531562,0.06863877177238464,0.08768349885940552,0.06863877177238464
test/bad/3D/2026_03_19-09_01_54-313.png__roi_002,,,test/bad/3D/2026_03_19-09_01_54-313.png,test/bad/3D/2026_03_19-09_01_54-313.png,2,normalmap,custom_eval,C:\anomalydino_data_single_object_normalmap\normalmap\test\bad\3D\2026_03_19-09_01_54-313.png,C:\ai\AnomalyDINO\results_CUSTOM\dinov3_vitb16_688\8-shot_preprocess=force_no_mask_no_rotation_bestsearch8_fast20greedy_maxanomap_res688_evaltrain_20260413\hq_sam_outputs_batch\roi_crops_peak_hysteresis_h0.5_l0.2_merge3bridge0.1_seed=0_sam_hq_vit_tiny\combined_overlay_gallery_flat\3D\2026_03_19-09_01_54-313.png,C:\ai\AnomalyDINO\results_CUSTOM\dinov3_vitb16_688\8-shot_preprocess=force_no_mask_no_rotation_bestsearch8_fast20greedy_maxanomap_res688_evaltrain_20260413\hq_sam_outputs_batch\roi_crops_peak_hysteresis_h0.5_l0.2_merge3bridge0.1_seed=0_sam_hq_vit_tiny\test\bad\3D\2026_03_19-09_01_54-313\combined_overlay.png,,1829,203,1863,237,0.6997300386428833,1045,4,0.0016611295681063123,0.05842757225036621,0.052219510078430176,0.05842757225036621
test/bad/3D/2026_03_19-09_06_35-404.png__roi_000,,,test/bad/3D/2026_03_19-09_06_35-404.png,test/bad/3D/2026_03_19-09_06_35-404.png,0,normalmap,custom_eval,C:\anomalydino_data_single_object_normalmap\normalmap\test\bad\3D\2026_03_19-09_06_35-404.png,C:\ai\AnomalyDINO\results_CUSTOM\dinov3_vitb16_688\8-shot_preprocess=force_no_mask_no_rotation_bestsearch8_fast20greedy_maxanomap_res688_evaltrain_20260413\hq_sam_outputs_batch\roi_crops_peak_hysteresis_h0.5_l0.2_merge3bridge0.1_seed=0_sam_hq_vit_tiny\combined_overlay_gallery_flat\3D\2026_03_19-09_06_35-404.png,C:\ai\AnomalyDINO\results_CUSTOM\dinov3_vitb16_688\8-shot_preprocess=force_no_mask_no_rotation_bestsearch8_fast20greedy_maxanomap_res688_evaltrain_20260413\hq_sam_outputs_batch\roi_crops_peak_hysteresis_h0.5_l0.2_merge3bridge0.1_seed=0_sam_hq_vit_tiny\test\bad\3D\2026_03_19-09_06_35-404\combined_overlay.png,,711,948,745,1016,0.7062053680419922,804,2,0.0008305647840531562,0.09000694751739502,0.09867727756500244,0.09000694751739502
test/bad/3D/2026_03_19-09_06_35-404.png__roi_001,,,test/bad/3D/2026_03_19-09_06_35-404.png,test/bad/3D/2026_03_19-09_06_35-404.png,1,normalmap,custom_eval,C:\anomalydino_data_single_object_normalmap\normalmap\test\bad\3D\2026_03_19-09_06_35-404.png,C:\ai\AnomalyDINO\results_CUSTOM\dinov3_vitb16_688\8-shot_preprocess=force_no_mask_no_rotation_bestsearch8_fast20greedy_maxanomap_res688_evaltrain_20260413\hq_sam_outputs_batch\roi_crops_peak_hysteresis_h0.5_l0.2_merge3bridge0.1_seed=0_sam_hq_vit_tiny\combined_overlay_gallery_flat\3D\2026_03_19-09_06_35-404.png,C:\ai\AnomalyDINO\results_CUSTOM\dinov3_vitb16_688\8-shot_preprocess=force_no_mask_no_rotation_bestsearch8_fast20greedy_maxanomap_res688_evaltrain_20260413\hq_sam_outputs_batch\roi_crops_peak_hysteresis_h0.5_l0.2_merge3bridge0.1_seed=0_sam_hq_vit_tiny\test\bad\3D\2026_03_19-09_06_35-404\combined_overlay.png,,745,609,813,677,0.7379413843154907,1626,4,0.0016611295681063123,0.08372628688812256,0.17504724860191345,0.08372628688812256
test/bad/3D/2026_03_19-09_06_56-107.png__roi_000,,,test/bad/3D/2026_03_19-09_06_56-107.png,test/bad/3D/2026_03_19-09_06_56-107.png,0,normalmap,custom_eval,C:\anomalydino_data_single_object_normalmap\normalmap\test\bad\3D\2026_03_19-09_06_56-107.png,C:\ai\AnomalyDINO\results_CUSTOM\dinov3_vitb16_688\8-shot_preprocess=force_no_mask_no_rotation_bestsearch8_fast20greedy_maxanomap_res688_evaltrain_20260413\hq_sam_outputs_batch\roi_crops_peak_hysteresis_h0.5_l0.2_merge3bridge0.1_seed=0_sam_hq_vit_tiny\combined_overlay_gallery_flat\3D\2026_03_19-09_06_56-107.png,C:\ai\AnomalyDINO\results_CUSTOM\dinov3_vitb16_688\8-shot_preprocess=force_no_mask_no_rotation_bestsearch8_fast20greedy_maxanomap_res688_evaltrain_20260413\hq_sam_outputs_batch\roi_crops_peak_hysteresis_h0.5_l0.2_merge3bridge0.1_seed=0_sam_hq_vit_tiny\test\bad\3D\2026_03_19-09_06_56-107\combined_overlay.png,,982,542,1016,576,0.7516916990280151,637,2,0.0008305647840531562,0.08111453056335449,0.06402941048145294,0.08111453056335449
test/bad/3D/2026_03_19-09_06_56-107.png__roi_001,,,test/bad/3D/2026_03_19-09_06_56-107.png,test/bad/3D/2026_03_19-09_06_56-107.png,1,normalmap,custom_eval,C:\anomalydino_data_single_object_normalmap\normalmap\test\bad\3D\2026_03_19-09_06_56-107.png,C:\ai\AnomalyDINO\results_CUSTOM\dinov3_vitb16_688\8-shot_preprocess=force_no_mask_no_rotation_bestsearch8_fast20greedy_maxanomap_res688_evaltrain_20260413\hq_sam_outputs_batch\roi_crops_peak_hysteresis_h0.5_l0.2_merge3bridge0.1_seed=0_sam_hq_vit_tiny\combined_overlay_gallery_flat\3D\2026_03_19-09_06_56-107.png,C:\ai\AnomalyDINO\results_CUSTOM\dinov3_vitb16_688\8-shot_preprocess=force_no_mask_no_rotation_bestsearch8_fast20greedy_maxanomap_res688_evaltrain_20260413\hq_sam_outputs_batch\roi_crops_peak_hysteresis_h0.5_l0.2_merge3bridge0.1_seed=0_sam_hq_vit_tiny\test\bad\3D\2026_03_19-09_06_56-107\combined_overlay.png,,339,609,610,1253,0.8675485849380493,31369,52,0.02159468438538206,0.06852525472640991,0.5811812728643417,0.06852525472640991
test/bad/3D/2026_03_19-09_06_56-107.png__roi_002,,,test/bad/3D/2026_03_19-09_06_56-107.png,test/bad/3D/2026_03_19-09_06_56-107.png,2,normalmap,custom_eval,C:\anomalydino_data_single_object_normalmap\normalmap\test\bad\3D\2026_03_19-09_06_56-107.png,C:\ai\AnomalyDINO\results_CUSTOM\dinov3_vitb16_688\8-shot_preprocess=force_no_mask_no_rotation_bestsearch8_fast20greedy_maxanomap_res688_evaltrain_20260413\hq_sam_outputs_batch\roi_crops_peak_hysteresis_h0.5_l0.2_merge3bridge0.1_seed=0_sam_hq_vit_tiny\combined_overlay_gallery_flat\3D\2026_03_19-09_06_56-107.png,C:\ai\AnomalyDINO\results_CUSTOM\dinov3_vitb16_688\8-shot_preprocess=force_no_mask_no_rotation_bestsearch8_fast20greedy_maxanomap_res688_evaltrain_20260413\hq_sam_outputs_batch\roi_crops_peak_hysteresis_h0.5_l0.2_merge3bridge0.1_seed=0_sam_hq_vit_tiny\test\bad\3D\2026_03_19-09_06_56-107\combined_overlay.png,,1389,1016,1490,1151,0.6361663341522217,5491,10,0.004152823920265781,0.06508830189704895,0.07593950629234314,0.06508830189704895
test/bad/3D/2026_03_19-09_06_56-107.png__roi_003,,,test/bad/3D/2026_03_19-09_06_56-107.png,test/bad/3D/2026_03_19-09_06_56-107.png,3,normalmap,custom_eval,C:\anomalydino_data_single_object_normalmap\normalmap\test\bad\3D\2026_03_19-09_06_56-107.png,C:\ai\AnomalyDINO\results_CUSTOM\dinov3_vitb16_688\8-shot_preprocess=force_no_mask_no_rotation_bestsearch8_fast20greedy_maxanomap_res688_evaltrain_20260413\hq_sam_outputs_batch\roi_crops_peak_hysteresis_h0.5_l0.2_merge3bridge0.1_seed=0_sam_hq_vit_tiny\combined_overlay_gallery_flat\3D\2026_03_19-09_06_56-107.png,C:\ai\AnomalyDINO\results_CUSTOM\dinov3_vitb16_688\8-shot_preprocess=force_no_mask_no_rotation_bestsearch8_fast20greedy_maxanomap_res688_evaltrain_20260413\hq_sam_outputs_batch\roi_crops_peak_hysteresis_h0.5_l0.2_merge3bridge0.1_seed=0_sam_hq_vit_tiny\test\bad\3D\2026_03_19-09_06_56-107\combined_overlay.png,,271,1151,305,1219,0.6868126392364502,1293,2,0.0008305647840531562,0.06372600793838501,0.0728456974029541,0.06372600793838501
